date,time,flow,speed,lane_points,observed_pct,timestamp,station,station_id,hour,weekday,is_weekend
08/03/2026,00:00,30.0,67.2,4,100.0,2026-08-03 00:00:00,Stevens Creek,400560,0,Monday,False
08/03/2026,00:05,41.0,67.2,4,100.0,2026-08-03 00:05:00,Stevens Creek,400560,0,Monday,False
08/03/2026,00:10,32.0,67.5,4,100.0,2026-08-03 00:10:00,Stevens Creek,400560,0,Monday,False
08/03/2026,00:15,37.0,67.1,4,100.0,2026-08-03 00:15:00,Stevens Creek,400560,0,Monday,False
08/03/2026,00:20,34.0,67.8,4,100.0,2026-08-03 00:20:00,Stevens Creek,400560,0,Monday,False
08/03/2026,00:25,38.0,66.7,4,100.0,2026-08-03 00:25:00,Stevens Creek,400560,0,Monday,False
08/03/2026,00:30,33.0,66.7,4,100.0,2026-08-03 00:30:00,Stevens Creek,400560,0,Monday,False
08/03/2026,00:35,20.0,67.9,4,100.0,2026-08-03 00:35:00,Stevens Creek,400560,0,Monday,False
08/03/2026,00:40,29.0,68.2,4,100.0,2026-08-03 00:40:00,Stevens Creek,400560,0,Monday,False
08/03/2026,00:45,25.0,66.8,4,100.0,2026-08-03 00:45:00,Stevens Creek,400560,0,Monday,False
08/03/2026,00:50,21.0,67.2,4,100.0,2026-08-03 00:50:00,Stevens Creek,400560,0,Monday,False
08/03/2026,00:55,13.0,68.2,4,100.0,2026-08-03 00:55:00,Stevens Creek,400560,0,Monday,False
08/03/2026,01:00,21.0,66.3,4,100.0,2026-08-03 01:00:00,Stevens Creek,400560,1,Monday,False
08/03/2026,01:05,9.0,66.6,4,100.0,2026-08-03 01:05:00,Stevens Creek,400560,1,Monday,False
08/03/2026,01:10,17.0,67.4,4,100.0,2026-08-03 01:10:00,Stevens Creek,400560,1,Monday,False
08/03/2026,01:15,11.0,66.2,4,100.0,2026-08-03 01:15:00,Stevens Creek,400560,1,Monday,False
08/03/2026,01:20,15.0,68.4,4,100.0,2026-08-03 01:20:00,Stevens Creek,400560,1,Monday,False
08/03/2026,01:25,17.0,67.0,4,100.0,2026-08-03 01:25:00,Stevens Creek,400560,1,Monday,False
08/03/2026,01:30,25.0,68.0,4,100.0,2026-08-03 01:30:00,Stevens Creek,400560,1,Monday,False
08/03/2026,01:35,9.0,65.9,4,100.0,2026-08-03 01:35:00,Stevens Creek,400560,1,Monday,False
08/03/2026,01:40,16.0,67.6,4,100.0,2026-08-03 01:40:00,Stevens Creek,400560,1,Monday,False
08/03/2026,01:45,13.0,68.7,4,100.0,2026-08-03 01:45:00,Stevens Creek,400560,1,Monday,False
08/03/2026,01:50,9.0,67.0,4,100.0,2026-08-03 01:50:00,Stevens Creek,400560,1,Monday,False
08/03/2026,01:55,14.0,66.5,4,100.0,2026-08-03 01:55:00,Stevens Creek,400560,1,Monday,False
08/03/2026,02:00,10.0,66.8,4,100.0,2026-08-03 02:00:00,Stevens Creek,400560,2,Monday,False
08/03/2026,02:05,16.0,67.6,4,100.0,2026-08-03 02:05:00,Stevens Creek,400560,2,Monday,False
08/03/2026,02:10,13.0,65.6,4,100.0,2026-08-03 02:10:00,Stevens Creek,400560,2,Monday,False
08/03/2026,02:15,15.0,67.2,4,100.0,2026-08-03 02:15:00,Stevens Creek,400560,2,Monday,False
08/03/2026,02:20,13.0,69.2,4,100.0,2026-08-03 02:20:00,Stevens Creek,400560,2,Monday,False
08/03/2026,02:25,8.0,67.3,4,100.0,2026-08-03 02:25:00,Stevens Creek,400560,2,Monday,False
08/03/2026,02:30,11.0,68.2,4,100.0,2026-08-03 02:30:00,Stevens Creek,400560,2,Monday,False
08/03/2026,02:35,17.0,67.8,4,100.0,2026-08-03 02:35:00,Stevens Creek,400560,2,Monday,False
08/03/2026,02:40,26.0,67.3,4,100.0,2026-08-03 02:40:00,Stevens Creek,400560,2,Monday,False
08/03/2026,02:45,10.0,67.6,4,100.0,2026-08-03 02:45:00,Stevens Creek,400560,2,Monday,False
08/03/2026,02:50,10.0,66.1,4,100.0,2026-08-03 02:50:00,Stevens Creek,400560,2,Monday,False
08/03/2026,02:55,11.0,67.0,4,100.0,2026-08-03 02:55:00,Stevens Creek,400560,2,Monday,False
08/03/2026,03:00,15.0,67.3,4,100.0,2026-08-03 03:00:00,Stevens Creek,400560,3,Monday,False
08/03/2026,03:05,14.0,67.0,4,100.0,2026-08-03 03:05:00,Stevens Creek,400560,3,Monday,False
08/03/2026,03:10,19.0,68.1,4,100.0,2026-08-03 03:10:00,Stevens Creek,400560,3,Monday,False
08/03/2026,03:15,15.0,67.3,4,100.0,2026-08-03 03:15:00,Stevens Creek,400560,3,Monday,False
08/03/2026,03:20,17.0,67.8,4,100.0,2026-08-03 03:20:00,Stevens Creek,400560,3,Monday,False
08/03/2026,03:25,21.0,65.6,4,100.0,2026-08-03 03:25:00,Stevens Creek,400560,3,Monday,False
08/03/2026,03:30,10.0,67.1,4,100.0,2026-08-03 03:30:00,Stevens Creek,400560,3,Monday,False
08/03/2026,03:35,16.0,66.8,4,100.0,2026-08-03 03:35:00,Stevens Creek,400560,3,Monday,False
08/03/2026,03:40,22.0,66.8,4,100.0,2026-08-03 03:40:00,Stevens Creek,400560,3,Monday,False
08/03/2026,03:45,21.0,69.4,4,100.0,2026-08-03 03:45:00,Stevens Creek,400560,3,Monday,False
08/03/2026,03:50,31.0,67.5,4,100.0,2026-08-03 03:50:00,Stevens Creek,400560,3,Monday,False
08/03/2026,03:55,30.0,66.9,4,100.0,2026-08-03 03:55:00,Stevens Creek,400560,3,Monday,False
08/03/2026,04:00,22.0,67.1,4,100.0,2026-08-03 04:00:00,Stevens Creek,400560,4,Monday,False
08/03/2026,04:05,25.0,67.5,4,100.0,2026-08-03 04:05:00,Stevens Creek,400560,4,Monday,False
08/03/2026,04:10,30.0,67.5,4,100.0,2026-08-03 04:10:00,Stevens Creek,400560,4,Monday,False
08/03/2026,04:15,33.0,67.3,4,100.0,2026-08-03 04:15:00,Stevens Creek,400560,4,Monday,False
08/03/2026,04:20,36.0,67.8,4,100.0,2026-08-03 04:20:00,Stevens Creek,400560,4,Monday,False
08/03/2026,04:25,48.0,67.8,4,100.0,2026-08-03 04:25:00,Stevens Creek,400560,4,Monday,False
08/03/2026,04:30,47.0,68.1,4,100.0,2026-08-03 04:30:00,Stevens Creek,400560,4,Monday,False
08/03/2026,04:35,67.0,67.8,4,100.0,2026-08-03 04:35:00,Stevens Creek,400560,4,Monday,False
08/03/2026,04:40,81.0,67.5,4,100.0,2026-08-03 04:40:00,Stevens Creek,400560,4,Monday,False
08/03/2026,04:45,75.0,68.6,4,100.0,2026-08-03 04:45:00,Stevens Creek,400560,4,Monday,False
08/03/2026,04:50,88.0,68.3,4,100.0,2026-08-03 04:50:00,Stevens Creek,400560,4,Monday,False
08/03/2026,04:55,80.0,68.5,4,100.0,2026-08-03 04:55:00,Stevens Creek,400560,4,Monday,False
08/03/2026,05:00,67.0,68.1,4,100.0,2026-08-03 05:00:00,Stevens Creek,400560,5,Monday,False
08/03/2026,05:05,101.0,68.1,4,100.0,2026-08-03 05:05:00,Stevens Creek,400560,5,Monday,False
08/03/2026,05:10,114.0,67.5,4,100.0,2026-08-03 05:10:00,Stevens Creek,400560,5,Monday,False
08/03/2026,05:15,137.0,68.4,4,100.0,2026-08-03 05:15:00,Stevens Creek,400560,5,Monday,False
08/03/2026,05:20,148.0,68.9,4,100.0,2026-08-03 05:20:00,Stevens Creek,400560,5,Monday,False
08/03/2026,05:25,143.0,68.7,4,100.0,2026-08-03 05:25:00,Stevens Creek,400560,5,Monday,False
08/03/2026,05:30,188.0,68.4,4,100.0,2026-08-03 05:30:00,Stevens Creek,400560,5,Monday,False
08/03/2026,05:35,154.0,67.7,4,100.0,2026-08-03 05:35:00,Stevens Creek,400560,5,Monday,False
08/03/2026,05:40,228.0,69.1,4,100.0,2026-08-03 05:40:00,Stevens Creek,400560,5,Monday,False
08/03/2026,05:45,276.0,68.2,4,100.0,2026-08-03 05:45:00,Stevens Creek,400560,5,Monday,False
08/03/2026,05:50,271.0,69.2,4,100.0,2026-08-03 05:50:00,Stevens Creek,400560,5,Monday,False
08/03/2026,05:55,260.0,67.8,4,100.0,2026-08-03 05:55:00,Stevens Creek,400560,5,Monday,False
08/03/2026,06:00,239.0,66.2,4,100.0,2026-08-03 06:00:00,Stevens Creek,400560,6,Monday,False
08/03/2026,06:05,218.0,64.7,4,100.0,2026-08-03 06:05:00,Stevens Creek,400560,6,Monday,False
08/03/2026,06:10,293.0,65.4,4,100.0,2026-08-03 06:10:00,Stevens Creek,400560,6,Monday,False
08/03/2026,06:15,290.0,66.5,4,100.0,2026-08-03 06:15:00,Stevens Creek,400560,6,Monday,False
08/03/2026,06:20,317.0,67.8,4,100.0,2026-08-03 06:20:00,Stevens Creek,400560,6,Monday,False
08/03/2026,06:25,351.0,66.7,4,100.0,2026-08-03 06:25:00,Stevens Creek,400560,6,Monday,False
08/03/2026,06:30,368.0,65.5,4,100.0,2026-08-03 06:30:00,Stevens Creek,400560,6,Monday,False
08/03/2026,06:35,384.0,64.6,4,100.0,2026-08-03 06:35:00,Stevens Creek,400560,6,Monday,False
08/03/2026,06:40,413.0,65.7,4,100.0,2026-08-03 06:40:00,Stevens Creek,400560,6,Monday,False
08/03/2026,06:45,482.0,64.2,4,100.0,2026-08-03 06:45:00,Stevens Creek,400560,6,Monday,False
08/03/2026,06:50,537.0,62.8,4,100.0,2026-08-03 06:50:00,Stevens Creek,400560,6,Monday,False
08/03/2026,06:55,467.0,62.2,4,100.0,2026-08-03 06:55:00,Stevens Creek,400560,6,Monday,False
08/03/2026,07:00,480.0,60.5,4,100.0,2026-08-03 07:00:00,Stevens Creek,400560,7,Monday,False
08/03/2026,07:05,499.0,60.4,4,100.0,2026-08-03 07:05:00,Stevens Creek,400560,7,Monday,False
08/03/2026,07:10,546.0,57.7,4,100.0,2026-08-03 07:10:00,Stevens Creek,400560,7,Monday,False
08/03/2026,07:15,552.0,57.3,4,100.0,2026-08-03 07:15:00,Stevens Creek,400560,7,Monday,False
08/03/2026,07:20,543.0,55.0,4,100.0,2026-08-03 07:20:00,Stevens Creek,400560,7,Monday,False
08/03/2026,07:25,549.0,53.4,4,100.0,2026-08-03 07:25:00,Stevens Creek,400560,7,Monday,False
08/03/2026,07:30,515.0,45.0,4,100.0,2026-08-03 07:30:00,Stevens Creek,400560,7,Monday,False
08/03/2026,07:35,474.0,42.8,4,100.0,2026-08-03 07:35:00,Stevens Creek,400560,7,Monday,False
08/03/2026,07:40,409.0,38.8,4,100.0,2026-08-03 07:40:00,Stevens Creek,400560,7,Monday,False
08/03/2026,07:45,567.0,39.5,4,100.0,2026-08-03 07:45:00,Stevens Creek,400560,7,Monday,False
08/03/2026,07:50,480.0,38.3,4,100.0,2026-08-03 07:50:00,Stevens Creek,400560,7,Monday,False
08/03/2026,07:55,535.0,39.7,4,100.0,2026-08-03 07:55:00,Stevens Creek,400560,7,Monday,False
08/03/2026,08:00,499.0,42.9,4,100.0,2026-08-03 08:00:00,Stevens Creek,400560,8,Monday,False
08/03/2026,08:05,409.0,50.5,4,100.0,2026-08-03 08:05:00,Stevens Creek,400560,8,Monday,False
08/03/2026,08:10,434.0,53.4,4,100.0,2026-08-03 08:10:00,Stevens Creek,400560,8,Monday,False
08/03/2026,08:15,492.0,55.0,4,100.0,2026-08-03 08:15:00,Stevens Creek,400560,8,Monday,False
08/03/2026,08:20,466.0,54.7,4,100.0,2026-08-03 08:20:00,Stevens Creek,400560,8,Monday,False
08/03/2026,08:25,536.0,53.2,4,100.0,2026-08-03 08:25:00,Stevens Creek,400560,8,Monday,False
08/03/2026,08:30,509.0,44.7,4,100.0,2026-08-03 08:30:00,Stevens Creek,400560,8,Monday,False
08/03/2026,08:35,504.0,45.2,4,100.0,2026-08-03 08:35:00,Stevens Creek,400560,8,Monday,False
08/03/2026,08:40,508.0,49.7,4,100.0,2026-08-03 08:40:00,Stevens Creek,400560,8,Monday,False
08/03/2026,08:45,487.0,52.0,4,100.0,2026-08-03 08:45:00,Stevens Creek,400560,8,Monday,False
08/03/2026,08:50,508.0,53.3,4,100.0,2026-08-03 08:50:00,Stevens Creek,400560,8,Monday,False
08/03/2026,08:55,460.0,56.4,4,100.0,2026-08-03 08:55:00,Stevens Creek,400560,8,Monday,False
08/03/2026,09:00,503.0,56.4,4,100.0,2026-08-03 09:00:00,Stevens Creek,400560,9,Monday,False
08/03/2026,09:05,497.0,56.9,4,100.0,2026-08-03 09:05:00,Stevens Creek,400560,9,Monday,False
08/03/2026,09:10,505.0,56.9,4,100.0,2026-08-03 09:10:00,Stevens Creek,400560,9,Monday,False
08/03/2026,09:15,449.0,56.7,4,100.0,2026-08-03 09:15:00,Stevens Creek,400560,9,Monday,False
08/03/2026,09:20,463.0,59.1,4,100.0,2026-08-03 09:20:00,Stevens Creek,400560,9,Monday,False
08/03/2026,09:25,476.0,59.7,4,100.0,2026-08-03 09:25:00,Stevens Creek,400560,9,Monday,False
08/03/2026,09:30,482.0,59.9,4,100.0,2026-08-03 09:30:00,Stevens Creek,400560,9,Monday,False
08/03/2026,09:35,491.0,59.7,4,100.0,2026-08-03 09:35:00,Stevens Creek,400560,9,Monday,False
08/03/2026,09:40,488.0,59.4,4,100.0,2026-08-03 09:40:00,Stevens Creek,400560,9,Monday,False
08/03/2026,09:45,451.0,59.3,4,100.0,2026-08-03 09:45:00,Stevens Creek,400560,9,Monday,False
08/03/2026,09:50,513.0,59.2,4,100.0,2026-08-03 09:50:00,Stevens Creek,400560,9,Monday,False
08/03/2026,09:55,400.0,59.0,4,100.0,2026-08-03 09:55:00,Stevens Creek,400560,9,Monday,False
08/03/2026,10:00,361.0,60.9,4,100.0,2026-08-03 10:00:00,Stevens Creek,400560,10,Monday,False
08/03/2026,10:05,366.0,61.8,4,100.0,2026-08-03 10:05:00,Stevens Creek,400560,10,Monday,False
08/03/2026,10:10,403.0,62.2,4,100.0,2026-08-03 10:10:00,Stevens Creek,400560,10,Monday,False
08/03/2026,10:15,386.0,62.9,4,100.0,2026-08-03 10:15:00,Stevens Creek,400560,10,Monday,False
08/03/2026,10:20,422.0,62.7,4,100.0,2026-08-03 10:20:00,Stevens Creek,400560,10,Monday,False
08/03/2026,10:25,367.0,62.7,4,100.0,2026-08-03 10:25:00,Stevens Creek,400560,10,Monday,False
08/03/2026,10:30,352.0,62.4,4,100.0,2026-08-03 10:30:00,Stevens Creek,400560,10,Monday,False
08/03/2026,10:35,347.0,63.6,4,100.0,2026-08-03 10:35:00,Stevens Creek,400560,10,Monday,False
08/03/2026,10:40,361.0,63.7,4,100.0,2026-08-03 10:40:00,Stevens Creek,400560,10,Monday,False
08/03/2026,10:45,393.0,64.1,4,100.0,2026-08-03 10:45:00,Stevens Creek,400560,10,Monday,False
08/03/2026,10:50,388.0,64.1,4,100.0,2026-08-03 10:50:00,Stevens Creek,400560,10,Monday,False
08/03/2026,10:55,359.0,63.6,4,100.0,2026-08-03 10:55:00,Stevens Creek,400560,10,Monday,False
08/03/2026,11:00,330.0,63.1,4,100.0,2026-08-03 11:00:00,Stevens Creek,400560,11,Monday,False
08/03/2026,11:05,317.0,63.7,4,100.0,2026-08-03 11:05:00,Stevens Creek,400560,11,Monday,False
08/03/2026,11:10,312.0,62.8,4,100.0,2026-08-03 11:10:00,Stevens Creek,400560,11,Monday,False
08/03/2026,11:15,286.0,62.8,4,100.0,2026-08-03 11:15:00,Stevens Creek,400560,11,Monday,False
08/03/2026,11:20,313.0,62.3,4,100.0,2026-08-03 11:20:00,Stevens Creek,400560,11,Monday,False
08/03/2026,11:25,282.0,63.8,4,100.0,2026-08-03 11:25:00,Stevens Creek,400560,11,Monday,False
08/03/2026,11:30,310.0,62.9,4,100.0,2026-08-03 11:30:00,Stevens Creek,400560,11,Monday,False
08/03/2026,11:35,327.0,62.5,4,100.0,2026-08-03 11:35:00,Stevens Creek,400560,11,Monday,False
08/03/2026,11:40,287.0,62.6,4,100.0,2026-08-03 11:40:00,Stevens Creek,400560,11,Monday,False
08/03/2026,11:45,352.0,61.5,4,100.0,2026-08-03 11:45:00,Stevens Creek,400560,11,Monday,False
08/03/2026,11:50,320.0,63.5,4,100.0,2026-08-03 11:50:00,Stevens Creek,400560,11,Monday,False
08/03/2026,11:55,276.0,64.1,4,100.0,2026-08-03 11:55:00,Stevens Creek,400560,11,Monday,False
08/03/2026,12:00,328.0,63.9,4,100.0,2026-08-03 12:00:00,Stevens Creek,400560,12,Monday,False
08/03/2026,12:05,283.0,63.6,4,100.0,2026-08-03 12:05:00,Stevens Creek,400560,12,Monday,False
08/03/2026,12:10,282.0,64.1,4,100.0,2026-08-03 12:10:00,Stevens Creek,400560,12,Monday,False
08/03/2026,12:15,367.0,63.7,4,100.0,2026-08-03 12:15:00,Stevens Creek,400560,12,Monday,False
08/03/2026,12:20,266.0,63.5,4,100.0,2026-08-03 12:20:00,Stevens Creek,400560,12,Monday,False
08/03/2026,12:25,292.0,63.0,4,100.0,2026-08-03 12:25:00,Stevens Creek,400560,12,Monday,False
08/03/2026,12:30,294.0,61.8,4,100.0,2026-08-03 12:30:00,Stevens Creek,400560,12,Monday,False
08/03/2026,12:35,271.0,63.1,4,100.0,2026-08-03 12:35:00,Stevens Creek,400560,12,Monday,False
08/03/2026,12:40,300.0,63.0,4,100.0,2026-08-03 12:40:00,Stevens Creek,400560,12,Monday,False
08/03/2026,12:45,315.0,63.9,4,100.0,2026-08-03 12:45:00,Stevens Creek,400560,12,Monday,False
08/03/2026,12:50,289.0,64.7,4,100.0,2026-08-03 12:50:00,Stevens Creek,400560,12,Monday,False
08/03/2026,12:55,282.0,64.2,4,100.0,2026-08-03 12:55:00,Stevens Creek,400560,12,Monday,False
08/03/2026,13:00,272.0,63.9,4,100.0,2026-08-03 13:00:00,Stevens Creek,400560,13,Monday,False
08/03/2026,13:05,272.0,63.7,4,100.0,2026-08-03 13:05:00,Stevens Creek,400560,13,Monday,False
08/03/2026,13:10,305.0,63.6,4,100.0,2026-08-03 13:10:00,Stevens Creek,400560,13,Monday,False
08/03/2026,13:15,255.0,65.2,4,100.0,2026-08-03 13:15:00,Stevens Creek,400560,13,Monday,False
08/03/2026,13:20,262.0,65.2,4,100.0,2026-08-03 13:20:00,Stevens Creek,400560,13,Monday,False
08/03/2026,13:25,311.0,64.6,4,100.0,2026-08-03 13:25:00,Stevens Creek,400560,13,Monday,False
08/03/2026,13:30,307.0,63.0,4,100.0,2026-08-03 13:30:00,Stevens Creek,400560,13,Monday,False
08/03/2026,13:35,336.0,64.2,4,100.0,2026-08-03 13:35:00,Stevens Creek,400560,13,Monday,False
08/03/2026,13:40,284.0,63.4,4,100.0,2026-08-03 13:40:00,Stevens Creek,400560,13,Monday,False
08/03/2026,13:45,320.0,64.3,4,100.0,2026-08-03 13:45:00,Stevens Creek,400560,13,Monday,False
08/03/2026,13:50,281.0,64.4,4,100.0,2026-08-03 13:50:00,Stevens Creek,400560,13,Monday,False
08/03/2026,13:55,273.0,64.8,4,100.0,2026-08-03 13:55:00,Stevens Creek,400560,13,Monday,False
08/03/2026,14:00,253.0,64.2,4,100.0,2026-08-03 14:00:00,Stevens Creek,400560,14,Monday,False
08/03/2026,14:05,278.0,65.4,4,100.0,2026-08-03 14:05:00,Stevens Creek,400560,14,Monday,False
08/03/2026,14:10,252.0,64.7,4,100.0,2026-08-03 14:10:00,Stevens Creek,400560,14,Monday,False
08/03/2026,14:15,233.0,64.8,4,100.0,2026-08-03 14:15:00,Stevens Creek,400560,14,Monday,False
08/03/2026,14:20,303.0,62.5,4,100.0,2026-08-03 14:20:00,Stevens Creek,400560,14,Monday,False
08/03/2026,14:25,330.0,63.5,4,100.0,2026-08-03 14:25:00,Stevens Creek,400560,14,Monday,False
08/03/2026,14:30,318.0,63.5,4,100.0,2026-08-03 14:30:00,Stevens Creek,400560,14,Monday,False
08/03/2026,14:35,330.0,64.0,4,100.0,2026-08-03 14:35:00,Stevens Creek,400560,14,Monday,False
08/03/2026,14:40,304.0,64.9,4,100.0,2026-08-03 14:40:00,Stevens Creek,400560,14,Monday,False
08/03/2026,14:45,314.0,65.2,4,100.0,2026-08-03 14:45:00,Stevens Creek,400560,14,Monday,False
08/03/2026,14:50,330.0,65.2,4,100.0,2026-08-03 14:50:00,Stevens Creek,400560,14,Monday,False
08/03/2026,14:55,333.0,63.9,4,100.0,2026-08-03 14:55:00,Stevens Creek,400560,14,Monday,False
08/03/2026,15:00,276.0,65.1,4,100.0,2026-08-03 15:00:00,Stevens Creek,400560,15,Monday,False
08/03/2026,15:05,292.0,64.1,4,100.0,2026-08-03 15:05:00,Stevens Creek,400560,15,Monday,False
08/03/2026,15:10,310.0,63.9,4,100.0,2026-08-03 15:10:00,Stevens Creek,400560,15,Monday,False
08/03/2026,15:15,319.0,64.6,4,100.0,2026-08-03 15:15:00,Stevens Creek,400560,15,Monday,False
08/03/2026,15:20,326.0,64.1,4,100.0,2026-08-03 15:20:00,Stevens Creek,400560,15,Monday,False
08/03/2026,15:25,339.0,62.5,4,100.0,2026-08-03 15:25:00,Stevens Creek,400560,15,Monday,False
08/03/2026,15:30,314.0,62.4,4,100.0,2026-08-03 15:30:00,Stevens Creek,400560,15,Monday,False
08/03/2026,15:35,347.0,63.9,4,100.0,2026-08-03 15:35:00,Stevens Creek,400560,15,Monday,False
08/03/2026,15:40,324.0,65.4,4,100.0,2026-08-03 15:40:00,Stevens Creek,400560,15,Monday,False
08/03/2026,15:45,348.0,64.8,4,100.0,2026-08-03 15:45:00,Stevens Creek,400560,15,Monday,False
08/03/2026,15:50,297.0,64.8,4,100.0,2026-08-03 15:50:00,Stevens Creek,400560,15,Monday,False
08/03/2026,15:55,299.0,64.7,4,100.0,2026-08-03 15:55:00,Stevens Creek,400560,15,Monday,False
08/03/2026,16:00,281.0,64.8,4,100.0,2026-08-03 16:00:00,Stevens Creek,400560,16,Monday,False
08/03/2026,16:05,295.0,65.4,4,100.0,2026-08-03 16:05:00,Stevens Creek,400560,16,Monday,False
08/03/2026,16:10,320.0,64.6,4,100.0,2026-08-03 16:10:00,Stevens Creek,400560,16,Monday,False
08/03/2026,16:15,366.0,64.8,4,100.0,2026-08-03 16:15:00,Stevens Creek,400560,16,Monday,False
08/03/2026,16:20,266.0,65.1,4,100.0,2026-08-03 16:20:00,Stevens Creek,400560,16,Monday,False
08/03/2026,16:25,350.0,65.0,4,100.0,2026-08-03 16:25:00,Stevens Creek,400560,16,Monday,False
08/03/2026,16:30,352.0,64.2,4,100.0,2026-08-03 16:30:00,Stevens Creek,400560,16,Monday,False
08/03/2026,16:35,373.0,63.1,4,100.0,2026-08-03 16:35:00,Stevens Creek,400560,16,Monday,False
08/03/2026,16:40,336.0,65.1,4,100.0,2026-08-03 16:40:00,Stevens Creek,400560,16,Monday,False
08/03/2026,16:45,355.0,65.4,4,100.0,2026-08-03 16:45:00,Stevens Creek,400560,16,Monday,False
08/03/2026,16:50,382.0,64.4,4,100.0,2026-08-03 16:50:00,Stevens Creek,400560,16,Monday,False
08/03/2026,16:55,393.0,63.6,4,100.0,2026-08-03 16:55:00,Stevens Creek,400560,16,Monday,False
08/03/2026,17:00,371.0,63.0,4,100.0,2026-08-03 17:00:00,Stevens Creek,400560,17,Monday,False
08/03/2026,17:05,310.0,64.3,4,100.0,2026-08-03 17:05:00,Stevens Creek,400560,17,Monday,False
08/03/2026,17:10,319.0,64.9,4,100.0,2026-08-03 17:10:00,Stevens Creek,400560,17,Monday,False
08/03/2026,17:15,377.0,64.8,4,100.0,2026-08-03 17:15:00,Stevens Creek,400560,17,Monday,False
08/03/2026,17:20,404.0,64.7,4,100.0,2026-08-03 17:20:00,Stevens Creek,400560,17,Monday,False
08/03/2026,17:25,405.0,64.9,4,100.0,2026-08-03 17:25:00,Stevens Creek,400560,17,Monday,False
08/03/2026,17:30,384.0,65.3,4,100.0,2026-08-03 17:30:00,Stevens Creek,400560,17,Monday,False
08/03/2026,17:35,345.0,64.8,4,100.0,2026-08-03 17:35:00,Stevens Creek,400560,17,Monday,False
08/03/2026,17:40,362.0,65.2,4,100.0,2026-08-03 17:40:00,Stevens Creek,400560,17,Monday,False
08/03/2026,17:45,355.0,65.5,4,100.0,2026-08-03 17:45:00,Stevens Creek,400560,17,Monday,False
08/03/2026,17:50,367.0,65.5,4,100.0,2026-08-03 17:50:00,Stevens Creek,400560,17,Monday,False
08/03/2026,17:55,321.0,66.4,4,100.0,2026-08-03 17:55:00,Stevens Creek,400560,17,Monday,False
08/03/2026,18:00,302.0,67.6,4,100.0,2026-08-03 18:00:00,Stevens Creek,400560,18,Monday,False
08/03/2026,18:05,278.0,68.1,4,100.0,2026-08-03 18:05:00,Stevens Creek,400560,18,Monday,False
08/03/2026,18:10,278.0,67.6,4,100.0,2026-08-03 18:10:00,Stevens Creek,400560,18,Monday,False
08/03/2026,18:15,355.0,68.6,4,100.0,2026-08-03 18:15:00,Stevens Creek,400560,18,Monday,False
08/03/2026,18:20,296.0,68.3,4,100.0,2026-08-03 18:20:00,Stevens Creek,400560,18,Monday,False
08/03/2026,18:25,288.0,68.2,4,100.0,2026-08-03 18:25:00,Stevens Creek,400560,18,Monday,False
08/03/2026,18:30,299.0,68.8,4,100.0,2026-08-03 18:30:00,Stevens Creek,400560,18,Monday,False
08/03/2026,18:35,273.0,68.4,4,100.0,2026-08-03 18:35:00,Stevens Creek,400560,18,Monday,False
08/03/2026,18:40,304.0,68.8,4,100.0,2026-08-03 18:40:00,Stevens Creek,400560,18,Monday,False
08/03/2026,18:45,286.0,69.4,4,100.0,2026-08-03 18:45:00,Stevens Creek,400560,18,Monday,False
08/03/2026,18:50,272.0,69.5,4,100.0,2026-08-03 18:50:00,Stevens Creek,400560,18,Monday,False
08/03/2026,18:55,252.0,68.4,4,100.0,2026-08-03 18:55:00,Stevens Creek,400560,18,Monday,False
08/03/2026,19:00,264.0,68.3,4,100.0,2026-08-03 19:00:00,Stevens Creek,400560,19,Monday,False
08/03/2026,19:05,265.0,68.8,4,100.0,2026-08-03 19:05:00,Stevens Creek,400560,19,Monday,False
08/03/2026,19:10,248.0,68.9,4,100.0,2026-08-03 19:10:00,Stevens Creek,400560,19,Monday,False
08/03/2026,19:15,243.0,69.6,4,100.0,2026-08-03 19:15:00,Stevens Creek,400560,19,Monday,False
08/03/2026,19:20,218.0,67.8,4,100.0,2026-08-03 19:20:00,Stevens Creek,400560,19,Monday,False
08/03/2026,19:25,245.0,68.1,4,100.0,2026-08-03 19:25:00,Stevens Creek,400560,19,Monday,False
08/03/2026,19:30,212.0,67.2,4,100.0,2026-08-03 19:30:00,Stevens Creek,400560,19,Monday,False
08/03/2026,19:35,227.0,67.7,4,100.0,2026-08-03 19:35:00,Stevens Creek,400560,19,Monday,False
08/03/2026,19:40,171.0,67.0,4,100.0,2026-08-03 19:40:00,Stevens Creek,400560,19,Monday,False
08/03/2026,19:45,220.0,67.3,4,100.0,2026-08-03 19:45:00,Stevens Creek,400560,19,Monday,False
08/03/2026,19:50,212.0,68.0,4,100.0,2026-08-03 19:50:00,Stevens Creek,400560,19,Monday,False
08/03/2026,19:55,181.0,67.6,4,100.0,2026-08-03 19:55:00,Stevens Creek,400560,19,Monday,False
08/03/2026,20:00,194.0,66.6,4,100.0,2026-08-03 20:00:00,Stevens Creek,400560,20,Monday,False
08/03/2026,20:05,182.0,67.2,4,100.0,2026-08-03 20:05:00,Stevens Creek,400560,20,Monday,False
08/03/2026,20:10,209.0,66.3,4,100.0,2026-08-03 20:10:00,Stevens Creek,400560,20,Monday,False
08/03/2026,20:15,176.0,67.8,4,100.0,2026-08-03 20:15:00,Stevens Creek,400560,20,Monday,False
08/03/2026,20:20,192.0,67.4,4,100.0,2026-08-03 20:20:00,Stevens Creek,400560,20,Monday,False
08/03/2026,20:25,184.0,67.3,4,100.0,2026-08-03 20:25:00,Stevens Creek,400560,20,Monday,False
08/03/2026,20:30,206.0,67.4,4,100.0,2026-08-03 20:30:00,Stevens Creek,400560,20,Monday,False
08/03/2026,20:35,190.0,65.2,4,100.0,2026-08-03 20:35:00,Stevens Creek,400560,20,Monday,False
08/03/2026,20:40,154.0,65.1,4,100.0,2026-08-03 20:40:00,Stevens Creek,400560,20,Monday,False
08/03/2026,20:45,169.0,65.0,4,100.0,2026-08-03 20:45:00,Stevens Creek,400560,20,Monday,False
08/03/2026,20:50,171.0,64.8,4,100.0,2026-08-03 20:50:00,Stevens Creek,400560,20,Monday,False
08/03/2026,20:55,187.0,65.2,4,100.0,2026-08-03 20:55:00,Stevens Creek,400560,20,Monday,False
08/03/2026,21:00,163.0,67.7,4,100.0,2026-08-03 21:00:00,Stevens Creek,400560,21,Monday,False
08/03/2026,21:05,185.0,69.0,4,100.0,2026-08-03 21:05:00,Stevens Creek,400560,21,Monday,False
08/03/2026,21:10,148.0,69.0,4,100.0,2026-08-03 21:10:00,Stevens Creek,400560,21,Monday,False
08/03/2026,21:15,162.0,69.8,4,100.0,2026-08-03 21:15:00,Stevens Creek,400560,21,Monday,False
08/03/2026,21:20,170.0,69.1,4,100.0,2026-08-03 21:20:00,Stevens Creek,400560,21,Monday,False
08/03/2026,21:25,189.0,70.0,4,100.0,2026-08-03 21:25:00,Stevens Creek,400560,21,Monday,False
08/03/2026,21:30,171.0,69.5,4,100.0,2026-08-03 21:30:00,Stevens Creek,400560,21,Monday,False
08/03/2026,21:35,166.0,69.7,4,100.0,2026-08-03 21:35:00,Stevens Creek,400560,21,Monday,False
08/03/2026,21:40,154.0,69.8,4,100.0,2026-08-03 21:40:00,Stevens Creek,400560,21,Monday,False
08/03/2026,21:45,130.0,70.3,4,100.0,2026-08-03 21:45:00,Stevens Creek,400560,21,Monday,False
08/03/2026,21:50,143.0,70.3,4,100.0,2026-08-03 21:50:00,Stevens Creek,400560,21,Monday,False
08/03/2026,21:55,130.0,70.4,4,100.0,2026-08-03 21:55:00,Stevens Creek,400560,21,Monday,False
08/03/2026,22:00,89.0,69.5,4,100.0,2026-08-03 22:00:00,Stevens Creek,400560,22,Monday,False
08/03/2026,22:05,111.0,69.5,4,100.0,2026-08-03 22:05:00,Stevens Creek,400560,22,Monday,False
08/03/2026,22:10,111.0,70.1,4,100.0,2026-08-03 22:10:00,Stevens Creek,400560,22,Monday,False
08/03/2026,22:15,111.0,69.5,4,100.0,2026-08-03 22:15:00,Stevens Creek,400560,22,Monday,False
08/03/2026,22:20,119.0,69.9,4,100.0,2026-08-03 22:20:00,Stevens Creek,400560,22,Monday,False
08/03/2026,22:25,101.0,68.7,4,100.0,2026-08-03 22:25:00,Stevens Creek,400560,22,Monday,False
08/03/2026,22:30,88.0,69.4,4,100.0,2026-08-03 22:30:00,Stevens Creek,400560,22,Monday,False
08/03/2026,22:35,88.0,69.9,4,100.0,2026-08-03 22:35:00,Stevens Creek,400560,22,Monday,False
08/03/2026,22:40,102.0,68.7,4,100.0,2026-08-03 22:40:00,Stevens Creek,400560,22,Monday,False
08/03/2026,22:45,74.0,69.2,4,100.0,2026-08-03 22:45:00,Stevens Creek,400560,22,Monday,False
08/03/2026,22:50,78.0,69.2,4,100.0,2026-08-03 22:50:00,Stevens Creek,400560,22,Monday,False
08/03/2026,22:55,61.0,68.5,4,100.0,2026-08-03 22:55:00,Stevens Creek,400560,22,Monday,False
08/03/2026,23:00,67.0,68.8,4,100.0,2026-08-03 23:00:00,Stevens Creek,400560,23,Monday,False
08/03/2026,23:05,69.0,68.3,4,100.0,2026-08-03 23:05:00,Stevens Creek,400560,23,Monday,False
08/03/2026,23:10,60.0,68.9,4,100.0,2026-08-03 23:10:00,Stevens Creek,400560,23,Monday,False
08/03/2026,23:15,59.0,67.5,4,100.0,2026-08-03 23:15:00,Stevens Creek,400560,23,Monday,False
08/03/2026,23:20,58.0,68.5,4,100.0,2026-08-03 23:20:00,Stevens Creek,400560,23,Monday,False
08/03/2026,23:25,63.0,68.2,4,100.0,2026-08-03 23:25:00,Stevens Creek,400560,23,Monday,False
08/03/2026,23:30,47.0,68.1,4,100.0,2026-08-03 23:30:00,Stevens Creek,400560,23,Monday,False
08/03/2026,23:35,52.0,68.7,4,100.0,2026-08-03 23:35:00,Stevens Creek,400560,23,Monday,False
08/03/2026,23:40,55.0,67.6,4,100.0,2026-08-03 23:40:00,Stevens Creek,400560,23,Monday,False
08/03/2026,23:45,47.0,66.9,4,100.0,2026-08-03 23:45:00,Stevens Creek,400560,23,Monday,False
08/03/2026,23:50,46.0,68.3,4,100.0,2026-08-03 23:50:00,Stevens Creek,400560,23,Monday,False
08/03/2026,23:55,48.0,67.7,4,100.0,2026-08-03 23:55:00,Stevens Creek,400560,23,Monday,False
08/04/2026,00:00,29.0,67.7,4,100.0,2026-08-04 00:00:00,Stevens Creek,400560,0,Tuesday,False
08/04/2026,00:05,38.0,66.6,4,100.0,2026-08-04 00:05:00,Stevens Creek,400560,0,Tuesday,False
08/04/2026,00:10,38.0,67.7,4,100.0,2026-08-04 00:10:00,Stevens Creek,400560,0,Tuesday,False
08/04/2026,00:15,32.0,67.8,4,100.0,2026-08-04 00:15:00,Stevens Creek,400560,0,Tuesday,False
08/04/2026,00:20,32.0,67.9,4,100.0,2026-08-04 00:20:00,Stevens Creek,400560,0,Tuesday,False
08/04/2026,00:25,35.0,67.3,4,100.0,2026-08-04 00:25:00,Stevens Creek,400560,0,Tuesday,False
08/04/2026,00:30,24.0,68.1,4,100.0,2026-08-04 00:30:00,Stevens Creek,400560,0,Tuesday,False
08/04/2026,00:35,21.0,67.6,4,100.0,2026-08-04 00:35:00,Stevens Creek,400560,0,Tuesday,False
08/04/2026,00:40,17.0,69.2,4,100.0,2026-08-04 00:40:00,Stevens Creek,400560,0,Tuesday,False
08/04/2026,00:45,20.0,66.9,4,100.0,2026-08-04 00:45:00,Stevens Creek,400560,0,Tuesday,False
08/04/2026,00:50,19.0,66.9,4,100.0,2026-08-04 00:50:00,Stevens Creek,400560,0,Tuesday,False
08/04/2026,00:55,18.0,67.2,4,100.0,2026-08-04 00:55:00,Stevens Creek,400560,0,Tuesday,False
08/04/2026,01:00,12.0,65.9,4,100.0,2026-08-04 01:00:00,Stevens Creek,400560,1,Tuesday,False
08/04/2026,01:05,12.0,67.2,4,100.0,2026-08-04 01:05:00,Stevens Creek,400560,1,Tuesday,False
08/04/2026,01:10,9.0,67.8,4,100.0,2026-08-04 01:10:00,Stevens Creek,400560,1,Tuesday,False
08/04/2026,01:15,15.0,68.0,4,100.0,2026-08-04 01:15:00,Stevens Creek,400560,1,Tuesday,False
08/04/2026,01:20,11.0,67.1,4,100.0,2026-08-04 01:20:00,Stevens Creek,400560,1,Tuesday,False
08/04/2026,01:25,21.0,67.7,4,100.0,2026-08-04 01:25:00,Stevens Creek,400560,1,Tuesday,False
08/04/2026,01:30,9.0,67.8,4,100.0,2026-08-04 01:30:00,Stevens Creek,400560,1,Tuesday,False
08/04/2026,01:35,10.0,65.9,4,100.0,2026-08-04 01:35:00,Stevens Creek,400560,1,Tuesday,False
08/04/2026,01:40,12.0,68.3,4,100.0,2026-08-04 01:40:00,Stevens Creek,400560,1,Tuesday,False
08/04/2026,01:45,13.0,68.6,4,100.0,2026-08-04 01:45:00,Stevens Creek,400560,1,Tuesday,False
08/04/2026,01:50,14.0,68.0,4,100.0,2026-08-04 01:50:00,Stevens Creek,400560,1,Tuesday,False
08/04/2026,01:55,14.0,68.1,4,100.0,2026-08-04 01:55:00,Stevens Creek,400560,1,Tuesday,False
08/04/2026,02:00,4.0,65.0,4,100.0,2026-08-04 02:00:00,Stevens Creek,400560,2,Tuesday,False
08/04/2026,02:05,10.0,66.7,4,100.0,2026-08-04 02:05:00,Stevens Creek,400560,2,Tuesday,False
08/04/2026,02:10,12.0,66.4,4,100.0,2026-08-04 02:10:00,Stevens Creek,400560,2,Tuesday,False
08/04/2026,02:15,16.0,65.5,4,100.0,2026-08-04 02:15:00,Stevens Creek,400560,2,Tuesday,False
08/04/2026,02:20,15.0,66.8,4,100.0,2026-08-04 02:20:00,Stevens Creek,400560,2,Tuesday,False
08/04/2026,02:25,14.0,67.1,4,100.0,2026-08-04 02:25:00,Stevens Creek,400560,2,Tuesday,False
08/04/2026,02:30,15.0,67.6,4,100.0,2026-08-04 02:30:00,Stevens Creek,400560,2,Tuesday,False
08/04/2026,02:35,10.0,67.4,4,100.0,2026-08-04 02:35:00,Stevens Creek,400560,2,Tuesday,False
08/04/2026,02:40,19.0,67.7,4,100.0,2026-08-04 02:40:00,Stevens Creek,400560,2,Tuesday,False
08/04/2026,02:45,18.0,67.9,4,100.0,2026-08-04 02:45:00,Stevens Creek,400560,2,Tuesday,False
08/04/2026,02:50,14.0,67.9,4,100.0,2026-08-04 02:50:00,Stevens Creek,400560,2,Tuesday,False
08/04/2026,02:55,7.0,67.5,4,100.0,2026-08-04 02:55:00,Stevens Creek,400560,2,Tuesday,False
08/04/2026,03:00,12.0,68.6,4,100.0,2026-08-04 03:00:00,Stevens Creek,400560,3,Tuesday,False
08/04/2026,03:05,16.0,67.4,4,100.0,2026-08-04 03:05:00,Stevens Creek,400560,3,Tuesday,False
08/04/2026,03:10,16.0,68.0,4,100.0,2026-08-04 03:10:00,Stevens Creek,400560,3,Tuesday,False
08/04/2026,03:15,14.0,66.4,4,100.0,2026-08-04 03:15:00,Stevens Creek,400560,3,Tuesday,False
08/04/2026,03:20,9.0,68.7,4,100.0,2026-08-04 03:20:00,Stevens Creek,400560,3,Tuesday,False
08/04/2026,03:25,13.0,67.8,4,100.0,2026-08-04 03:25:00,Stevens Creek,400560,3,Tuesday,False
08/04/2026,03:30,22.0,68.1,4,100.0,2026-08-04 03:30:00,Stevens Creek,400560,3,Tuesday,False
08/04/2026,03:35,17.0,68.1,4,100.0,2026-08-04 03:35:00,Stevens Creek,400560,3,Tuesday,False
08/04/2026,03:40,25.0,66.6,4,100.0,2026-08-04 03:40:00,Stevens Creek,400560,3,Tuesday,False
08/04/2026,03:45,28.0,67.7,4,100.0,2026-08-04 03:45:00,Stevens Creek,400560,3,Tuesday,False
08/04/2026,03:50,28.0,68.5,4,100.0,2026-08-04 03:50:00,Stevens Creek,400560,3,Tuesday,False
08/04/2026,03:55,29.0,68.2,4,100.0,2026-08-04 03:55:00,Stevens Creek,400560,3,Tuesday,False
08/04/2026,04:00,30.0,67.2,4,100.0,2026-08-04 04:00:00,Stevens Creek,400560,4,Tuesday,False
08/04/2026,04:05,39.0,66.3,4,100.0,2026-08-04 04:05:00,Stevens Creek,400560,4,Tuesday,False
08/04/2026,04:10,32.0,67.7,4,100.0,2026-08-04 04:10:00,Stevens Creek,400560,4,Tuesday,False
08/04/2026,04:15,28.0,68.8,4,100.0,2026-08-04 04:15:00,Stevens Creek,400560,4,Tuesday,False
08/04/2026,04:20,50.0,66.7,4,100.0,2026-08-04 04:20:00,Stevens Creek,400560,4,Tuesday,False
08/04/2026,04:25,42.0,68.2,4,100.0,2026-08-04 04:25:00,Stevens Creek,400560,4,Tuesday,False
08/04/2026,04:30,43.0,68.4,4,100.0,2026-08-04 04:30:00,Stevens Creek,400560,4,Tuesday,False
08/04/2026,04:35,65.0,68.8,4,100.0,2026-08-04 04:35:00,Stevens Creek,400560,4,Tuesday,False
08/04/2026,04:40,67.0,68.2,4,100.0,2026-08-04 04:40:00,Stevens Creek,400560,4,Tuesday,False
08/04/2026,04:45,98.0,68.1,4,100.0,2026-08-04 04:45:00,Stevens Creek,400560,4,Tuesday,False
08/04/2026,04:50,93.0,68.5,4,100.0,2026-08-04 04:50:00,Stevens Creek,400560,4,Tuesday,False
08/04/2026,04:55,88.0,68.5,4,100.0,2026-08-04 04:55:00,Stevens Creek,400560,4,Tuesday,False
08/04/2026,05:00,76.0,69.2,4,100.0,2026-08-04 05:00:00,Stevens Creek,400560,5,Tuesday,False
08/04/2026,05:05,92.0,68.8,4,100.0,2026-08-04 05:05:00,Stevens Creek,400560,5,Tuesday,False
08/04/2026,05:10,110.0,69.5,4,100.0,2026-08-04 05:10:00,Stevens Creek,400560,5,Tuesday,False
08/04/2026,05:15,132.0,70.1,4,100.0,2026-08-04 05:15:00,Stevens Creek,400560,5,Tuesday,False
08/04/2026,05:20,178.0,70.7,4,100.0,2026-08-04 05:20:00,Stevens Creek,400560,5,Tuesday,False
08/04/2026,05:25,172.0,71.0,4,100.0,2026-08-04 05:25:00,Stevens Creek,400560,5,Tuesday,False
08/04/2026,05:30,217.0,70.5,4,100.0,2026-08-04 05:30:00,Stevens Creek,400560,5,Tuesday,False
08/04/2026,05:35,223.0,69.9,4,100.0,2026-08-04 05:35:00,Stevens Creek,400560,5,Tuesday,False
08/04/2026,05:40,264.0,69.8,4,100.0,2026-08-04 05:40:00,Stevens Creek,400560,5,Tuesday,False
08/04/2026,05:45,274.0,69.1,4,100.0,2026-08-04 05:45:00,Stevens Creek,400560,5,Tuesday,False
08/04/2026,05:50,298.0,69.1,4,100.0,2026-08-04 05:50:00,Stevens Creek,400560,5,Tuesday,False
08/04/2026,05:55,276.0,68.0,4,100.0,2026-08-04 05:55:00,Stevens Creek,400560,5,Tuesday,False
08/04/2026,06:00,272.0,66.6,4,100.0,2026-08-04 06:00:00,Stevens Creek,400560,6,Tuesday,False
08/04/2026,06:05,266.0,64.7,4,100.0,2026-08-04 06:05:00,Stevens Creek,400560,6,Tuesday,False
08/04/2026,06:10,330.0,64.9,4,100.0,2026-08-04 06:10:00,Stevens Creek,400560,6,Tuesday,False
08/04/2026,06:15,355.0,65.4,4,100.0,2026-08-04 06:15:00,Stevens Creek,400560,6,Tuesday,False
08/04/2026,06:20,327.0,66.5,4,100.0,2026-08-04 06:20:00,Stevens Creek,400560,6,Tuesday,False
08/04/2026,06:25,355.0,66.2,4,100.0,2026-08-04 06:25:00,Stevens Creek,400560,6,Tuesday,False
08/04/2026,06:30,443.0,66.0,4,100.0,2026-08-04 06:30:00,Stevens Creek,400560,6,Tuesday,False
08/04/2026,06:35,434.0,65.3,4,100.0,2026-08-04 06:35:00,Stevens Creek,400560,6,Tuesday,False
08/04/2026,06:40,407.0,65.6,4,100.0,2026-08-04 06:40:00,Stevens Creek,400560,6,Tuesday,False
08/04/2026,06:45,413.0,63.3,4,100.0,2026-08-04 06:45:00,Stevens Creek,400560,6,Tuesday,False
08/04/2026,06:50,539.0,61.7,4,100.0,2026-08-04 06:50:00,Stevens Creek,400560,6,Tuesday,False
08/04/2026,06:55,486.0,61.5,4,100.0,2026-08-04 06:55:00,Stevens Creek,400560,6,Tuesday,False
08/04/2026,07:00,549.0,59.6,4,100.0,2026-08-04 07:00:00,Stevens Creek,400560,7,Tuesday,False
08/04/2026,07:05,570.0,56.8,4,100.0,2026-08-04 07:05:00,Stevens Creek,400560,7,Tuesday,False
08/04/2026,07:10,557.0,55.8,4,100.0,2026-08-04 07:10:00,Stevens Creek,400560,7,Tuesday,False
08/04/2026,07:15,595.0,52.7,4,100.0,2026-08-04 07:15:00,Stevens Creek,400560,7,Tuesday,False
08/04/2026,07:20,582.0,49.3,4,100.0,2026-08-04 07:20:00,Stevens Creek,400560,7,Tuesday,False
08/04/2026,07:25,592.0,48.5,4,100.0,2026-08-04 07:25:00,Stevens Creek,400560,7,Tuesday,False
08/04/2026,07:30,604.0,45.3,4,100.0,2026-08-04 07:30:00,Stevens Creek,400560,7,Tuesday,False
08/04/2026,07:35,485.0,36.5,4,100.0,2026-08-04 07:35:00,Stevens Creek,400560,7,Tuesday,False
08/04/2026,07:40,533.0,39.5,4,100.0,2026-08-04 07:40:00,Stevens Creek,400560,7,Tuesday,False
08/04/2026,07:45,546.0,39.6,4,100.0,2026-08-04 07:45:00,Stevens Creek,400560,7,Tuesday,False
08/04/2026,07:50,575.0,39.1,4,100.0,2026-08-04 07:50:00,Stevens Creek,400560,7,Tuesday,False
08/04/2026,07:55,564.0,39.8,4,100.0,2026-08-04 07:55:00,Stevens Creek,400560,7,Tuesday,False
08/04/2026,08:00,545.0,41.2,4,100.0,2026-08-04 08:00:00,Stevens Creek,400560,8,Tuesday,False
08/04/2026,08:05,517.0,45.5,4,100.0,2026-08-04 08:05:00,Stevens Creek,400560,8,Tuesday,False
08/04/2026,08:10,441.0,50.4,4,100.0,2026-08-04 08:10:00,Stevens Creek,400560,8,Tuesday,False
08/04/2026,08:15,424.0,44.1,4,100.0,2026-08-04 08:15:00,Stevens Creek,400560,8,Tuesday,False
08/04/2026,08:20,541.0,48.4,4,100.0,2026-08-04 08:20:00,Stevens Creek,400560,8,Tuesday,False
08/04/2026,08:25,504.0,43.1,4,100.0,2026-08-04 08:25:00,Stevens Creek,400560,8,Tuesday,False
08/04/2026,08:30,506.0,40.5,4,100.0,2026-08-04 08:30:00,Stevens Creek,400560,8,Tuesday,False
08/04/2026,08:35,544.0,47.4,4,100.0,2026-08-04 08:35:00,Stevens Creek,400560,8,Tuesday,False
08/04/2026,08:40,541.0,51.4,4,100.0,2026-08-04 08:40:00,Stevens Creek,400560,8,Tuesday,False
08/04/2026,08:45,550.0,53.8,4,100.0,2026-08-04 08:45:00,Stevens Creek,400560,8,Tuesday,False
08/04/2026,08:50,550.0,53.6,4,100.0,2026-08-04 08:50:00,Stevens Creek,400560,8,Tuesday,False
08/04/2026,08:55,536.0,55.4,4,100.0,2026-08-04 08:55:00,Stevens Creek,400560,8,Tuesday,False
08/04/2026,09:00,541.0,55.5,4,100.0,2026-08-04 09:00:00,Stevens Creek,400560,9,Tuesday,False
08/04/2026,09:05,540.0,55.7,4,100.0,2026-08-04 09:05:00,Stevens Creek,400560,9,Tuesday,False
08/04/2026,09:10,554.0,52.4,4,100.0,2026-08-04 09:10:00,Stevens Creek,400560,9,Tuesday,False
08/04/2026,09:15,612.0,54.9,4,100.0,2026-08-04 09:15:00,Stevens Creek,400560,9,Tuesday,False
08/04/2026,09:20,544.0,55.6,4,100.0,2026-08-04 09:20:00,Stevens Creek,400560,9,Tuesday,False
08/04/2026,09:25,551.0,54.0,4,100.0,2026-08-04 09:25:00,Stevens Creek,400560,9,Tuesday,False
08/04/2026,09:30,533.0,54.8,4,100.0,2026-08-04 09:30:00,Stevens Creek,400560,9,Tuesday,False
08/04/2026,09:35,541.0,56.2,4,100.0,2026-08-04 09:35:00,Stevens Creek,400560,9,Tuesday,False
08/04/2026,09:40,566.0,56.4,4,100.0,2026-08-04 09:40:00,Stevens Creek,400560,9,Tuesday,False
08/04/2026,09:45,555.0,55.8,4,100.0,2026-08-04 09:45:00,Stevens Creek,400560,9,Tuesday,False
08/04/2026,09:50,577.0,55.4,4,100.0,2026-08-04 09:50:00,Stevens Creek,400560,9,Tuesday,False
08/04/2026,09:55,587.0,56.3,4,100.0,2026-08-04 09:55:00,Stevens Creek,400560,9,Tuesday,False
08/04/2026,10:00,543.0,57.1,4,100.0,2026-08-04 10:00:00,Stevens Creek,400560,10,Tuesday,False
08/04/2026,10:05,524.0,57.9,4,100.0,2026-08-04 10:05:00,Stevens Creek,400560,10,Tuesday,False
08/04/2026,10:10,481.0,58.2,4,100.0,2026-08-04 10:10:00,Stevens Creek,400560,10,Tuesday,False
08/04/2026,10:15,545.0,57.1,4,100.0,2026-08-04 10:15:00,Stevens Creek,400560,10,Tuesday,False
08/04/2026,10:20,554.0,57.1,4,100.0,2026-08-04 10:20:00,Stevens Creek,400560,10,Tuesday,False
08/04/2026,10:25,533.0,57.9,4,100.0,2026-08-04 10:25:00,Stevens Creek,400560,10,Tuesday,False
08/04/2026,10:30,510.0,57.7,4,100.0,2026-08-04 10:30:00,Stevens Creek,400560,10,Tuesday,False
08/04/2026,10:35,565.0,56.3,4,100.0,2026-08-04 10:35:00,Stevens Creek,400560,10,Tuesday,False
08/04/2026,10:40,504.0,58.2,4,100.0,2026-08-04 10:40:00,Stevens Creek,400560,10,Tuesday,False
08/04/2026,10:45,522.0,58.4,4,100.0,2026-08-04 10:45:00,Stevens Creek,400560,10,Tuesday,False
08/04/2026,10:50,532.0,56.2,4,100.0,2026-08-04 10:50:00,Stevens Creek,400560,10,Tuesday,False
08/04/2026,10:55,497.0,58.3,4,100.0,2026-08-04 10:55:00,Stevens Creek,400560,10,Tuesday,False
08/04/2026,11:00,465.0,59.5,4,100.0,2026-08-04 11:00:00,Stevens Creek,400560,11,Tuesday,False
08/04/2026,11:05,459.0,58.9,4,100.0,2026-08-04 11:05:00,Stevens Creek,400560,11,Tuesday,False
08/04/2026,11:10,441.0,59.3,4,100.0,2026-08-04 11:10:00,Stevens Creek,400560,11,Tuesday,False
08/04/2026,11:15,376.0,59.4,4,100.0,2026-08-04 11:15:00,Stevens Creek,400560,11,Tuesday,False
08/04/2026,11:20,374.0,59.9,4,100.0,2026-08-04 11:20:00,Stevens Creek,400560,11,Tuesday,False
08/04/2026,11:25,415.0,59.5,4,100.0,2026-08-04 11:25:00,Stevens Creek,400560,11,Tuesday,False
08/04/2026,11:30,374.0,60.4,4,100.0,2026-08-04 11:30:00,Stevens Creek,400560,11,Tuesday,False
08/04/2026,11:35,356.0,61.7,4,100.0,2026-08-04 11:35:00,Stevens Creek,400560,11,Tuesday,False
08/04/2026,11:40,339.0,62.2,4,100.0,2026-08-04 11:40:00,Stevens Creek,400560,11,Tuesday,False
08/04/2026,11:45,363.0,61.6,4,100.0,2026-08-04 11:45:00,Stevens Creek,400560,11,Tuesday,False
08/04/2026,11:50,338.0,62.7,4,100.0,2026-08-04 11:50:00,Stevens Creek,400560,11,Tuesday,False
08/04/2026,11:55,337.0,63.1,4,100.0,2026-08-04 11:55:00,Stevens Creek,400560,11,Tuesday,False
08/04/2026,12:00,329.0,63.8,4,100.0,2026-08-04 12:00:00,Stevens Creek,400560,12,Tuesday,False
08/04/2026,12:05,336.0,62.9,4,100.0,2026-08-04 12:05:00,Stevens Creek,400560,12,Tuesday,False
08/04/2026,12:10,362.0,63.0,4,100.0,2026-08-04 12:10:00,Stevens Creek,400560,12,Tuesday,False
08/04/2026,12:15,347.0,63.4,4,100.0,2026-08-04 12:15:00,Stevens Creek,400560,12,Tuesday,False
08/04/2026,12:20,307.0,64.1,4,100.0,2026-08-04 12:20:00,Stevens Creek,400560,12,Tuesday,False
08/04/2026,12:25,346.0,64.1,4,100.0,2026-08-04 12:25:00,Stevens Creek,400560,12,Tuesday,False
08/04/2026,12:30,302.0,65.1,4,100.0,2026-08-04 12:30:00,Stevens Creek,400560,12,Tuesday,False
08/04/2026,12:35,348.0,65.2,4,100.0,2026-08-04 12:35:00,Stevens Creek,400560,12,Tuesday,False
08/04/2026,12:40,335.0,64.4,4,100.0,2026-08-04 12:40:00,Stevens Creek,400560,12,Tuesday,False
08/04/2026,12:45,330.0,63.7,4,100.0,2026-08-04 12:45:00,Stevens Creek,400560,12,Tuesday,False
08/04/2026,12:50,321.0,63.8,4,100.0,2026-08-04 12:50:00,Stevens Creek,400560,12,Tuesday,False
08/04/2026,12:55,315.0,64.5,4,100.0,2026-08-04 12:55:00,Stevens Creek,400560,12,Tuesday,False
08/04/2026,13:00,330.0,64.1,4,100.0,2026-08-04 13:00:00,Stevens Creek,400560,13,Tuesday,False
08/04/2026,13:05,310.0,63.8,4,100.0,2026-08-04 13:05:00,Stevens Creek,400560,13,Tuesday,False
08/04/2026,13:10,299.0,64.7,4,100.0,2026-08-04 13:10:00,Stevens Creek,400560,13,Tuesday,False
08/04/2026,13:15,316.0,63.6,4,100.0,2026-08-04 13:15:00,Stevens Creek,400560,13,Tuesday,False
08/04/2026,13:20,350.0,63.7,4,100.0,2026-08-04 13:20:00,Stevens Creek,400560,13,Tuesday,False
08/04/2026,13:25,332.0,63.7,4,100.0,2026-08-04 13:25:00,Stevens Creek,400560,13,Tuesday,False
08/04/2026,13:30,261.0,64.1,4,100.0,2026-08-04 13:30:00,Stevens Creek,400560,13,Tuesday,False
08/04/2026,13:35,252.0,64.9,4,100.0,2026-08-04 13:35:00,Stevens Creek,400560,13,Tuesday,False
08/04/2026,13:40,315.0,64.9,4,100.0,2026-08-04 13:40:00,Stevens Creek,400560,13,Tuesday,False
08/04/2026,13:45,300.0,64.9,4,100.0,2026-08-04 13:45:00,Stevens Creek,400560,13,Tuesday,False
08/04/2026,13:50,300.0,65.4,4,100.0,2026-08-04 13:50:00,Stevens Creek,400560,13,Tuesday,False
08/04/2026,13:55,286.0,64.1,4,100.0,2026-08-04 13:55:00,Stevens Creek,400560,13,Tuesday,False
08/04/2026,14:00,331.0,64.1,4,100.0,2026-08-04 14:00:00,Stevens Creek,400560,14,Tuesday,False
08/04/2026,14:05,274.0,64.0,4,100.0,2026-08-04 14:05:00,Stevens Creek,400560,14,Tuesday,False
08/04/2026,14:10,309.0,63.8,4,100.0,2026-08-04 14:10:00,Stevens Creek,400560,14,Tuesday,False
08/04/2026,14:15,338.0,63.3,4,100.0,2026-08-04 14:15:00,Stevens Creek,400560,14,Tuesday,False
08/04/2026,14:20,319.0,65.2,4,100.0,2026-08-04 14:20:00,Stevens Creek,400560,14,Tuesday,False
08/04/2026,14:25,323.0,64.6,4,100.0,2026-08-04 14:25:00,Stevens Creek,400560,14,Tuesday,False
08/04/2026,14:30,310.0,65.5,4,100.0,2026-08-04 14:30:00,Stevens Creek,400560,14,Tuesday,False
08/04/2026,14:35,306.0,66.1,4,100.0,2026-08-04 14:35:00,Stevens Creek,400560,14,Tuesday,False
08/04/2026,14:40,361.0,65.4,4,100.0,2026-08-04 14:40:00,Stevens Creek,400560,14,Tuesday,False
08/04/2026,14:45,374.0,64.7,4,100.0,2026-08-04 14:45:00,Stevens Creek,400560,14,Tuesday,False
08/04/2026,14:50,352.0,65.7,4,100.0,2026-08-04 14:50:00,Stevens Creek,400560,14,Tuesday,False
08/04/2026,14:55,335.0,65.5,4,100.0,2026-08-04 14:55:00,Stevens Creek,400560,14,Tuesday,False
08/04/2026,15:00,332.0,65.1,4,100.0,2026-08-04 15:00:00,Stevens Creek,400560,15,Tuesday,False
08/04/2026,15:05,315.0,65.5,4,100.0,2026-08-04 15:05:00,Stevens Creek,400560,15,Tuesday,False
08/04/2026,15:10,390.0,64.3,4,100.0,2026-08-04 15:10:00,Stevens Creek,400560,15,Tuesday,False
08/04/2026,15:15,332.0,63.9,4,100.0,2026-08-04 15:15:00,Stevens Creek,400560,15,Tuesday,False
08/04/2026,15:20,376.0,64.3,4,100.0,2026-08-04 15:20:00,Stevens Creek,400560,15,Tuesday,False
08/04/2026,15:25,345.0,64.1,4,100.0,2026-08-04 15:25:00,Stevens Creek,400560,15,Tuesday,False
08/04/2026,15:30,350.0,64.0,4,100.0,2026-08-04 15:30:00,Stevens Creek,400560,15,Tuesday,False
08/04/2026,15:35,335.0,64.4,4,100.0,2026-08-04 15:35:00,Stevens Creek,400560,15,Tuesday,False
08/04/2026,15:40,379.0,64.2,4,100.0,2026-08-04 15:40:00,Stevens Creek,400560,15,Tuesday,False
08/04/2026,15:45,383.0,63.0,4,100.0,2026-08-04 15:45:00,Stevens Creek,400560,15,Tuesday,False
08/04/2026,15:50,377.0,63.7,4,100.0,2026-08-04 15:50:00,Stevens Creek,400560,15,Tuesday,False
08/04/2026,15:55,344.0,64.3,4,100.0,2026-08-04 15:55:00,Stevens Creek,400560,15,Tuesday,False
08/04/2026,16:00,275.0,65.5,4,100.0,2026-08-04 16:00:00,Stevens Creek,400560,16,Tuesday,False
08/04/2026,16:05,310.0,64.9,4,100.0,2026-08-04 16:05:00,Stevens Creek,400560,16,Tuesday,False
08/04/2026,16:10,339.0,64.3,4,100.0,2026-08-04 16:10:00,Stevens Creek,400560,16,Tuesday,False
08/04/2026,16:15,377.0,64.1,4,100.0,2026-08-04 16:15:00,Stevens Creek,400560,16,Tuesday,False
08/04/2026,16:20,434.0,62.5,4,100.0,2026-08-04 16:20:00,Stevens Creek,400560,16,Tuesday,False
08/04/2026,16:25,369.0,64.8,4,100.0,2026-08-04 16:25:00,Stevens Creek,400560,16,Tuesday,False
08/04/2026,16:30,364.0,64.2,4,100.0,2026-08-04 16:30:00,Stevens Creek,400560,16,Tuesday,False
08/04/2026,16:35,392.0,64.1,4,100.0,2026-08-04 16:35:00,Stevens Creek,400560,16,Tuesday,False
08/04/2026,16:40,370.0,65.0,4,100.0,2026-08-04 16:40:00,Stevens Creek,400560,16,Tuesday,False
08/04/2026,16:45,373.0,64.6,4,100.0,2026-08-04 16:45:00,Stevens Creek,400560,16,Tuesday,False
08/04/2026,16:50,370.0,64.8,4,100.0,2026-08-04 16:50:00,Stevens Creek,400560,16,Tuesday,False
08/04/2026,16:55,358.0,65.5,4,100.0,2026-08-04 16:55:00,Stevens Creek,400560,16,Tuesday,False
08/04/2026,17:00,389.0,64.3,4,100.0,2026-08-04 17:00:00,Stevens Creek,400560,17,Tuesday,False
08/04/2026,17:05,354.0,64.4,4,100.0,2026-08-04 17:05:00,Stevens Creek,400560,17,Tuesday,False
08/04/2026,17:10,396.0,65.3,4,100.0,2026-08-04 17:10:00,Stevens Creek,400560,17,Tuesday,False
08/04/2026,17:15,398.0,65.1,4,100.0,2026-08-04 17:15:00,Stevens Creek,400560,17,Tuesday,False
08/04/2026,17:20,419.0,64.4,4,100.0,2026-08-04 17:20:00,Stevens Creek,400560,17,Tuesday,False
08/04/2026,17:25,422.0,65.1,4,100.0,2026-08-04 17:25:00,Stevens Creek,400560,17,Tuesday,False
08/04/2026,17:30,431.0,64.6,4,100.0,2026-08-04 17:30:00,Stevens Creek,400560,17,Tuesday,False
08/04/2026,17:35,388.0,65.0,4,100.0,2026-08-04 17:35:00,Stevens Creek,400560,17,Tuesday,False
08/04/2026,17:40,405.0,64.7,4,100.0,2026-08-04 17:40:00,Stevens Creek,400560,17,Tuesday,False
08/04/2026,17:45,412.0,64.9,4,100.0,2026-08-04 17:45:00,Stevens Creek,400560,17,Tuesday,False
08/04/2026,17:50,375.0,65.6,4,100.0,2026-08-04 17:50:00,Stevens Creek,400560,17,Tuesday,False
08/04/2026,17:55,397.0,65.6,4,100.0,2026-08-04 17:55:00,Stevens Creek,400560,17,Tuesday,False
08/04/2026,18:00,389.0,65.0,4,100.0,2026-08-04 18:00:00,Stevens Creek,400560,18,Tuesday,False
08/04/2026,18:05,357.0,66.2,4,100.0,2026-08-04 18:05:00,Stevens Creek,400560,18,Tuesday,False
08/04/2026,18:10,305.0,66.6,4,100.0,2026-08-04 18:10:00,Stevens Creek,400560,18,Tuesday,False
08/04/2026,18:15,345.0,66.6,4,100.0,2026-08-04 18:15:00,Stevens Creek,400560,18,Tuesday,False
08/04/2026,18:20,382.0,67.0,4,100.0,2026-08-04 18:20:00,Stevens Creek,400560,18,Tuesday,False
08/04/2026,18:25,345.0,67.0,4,100.0,2026-08-04 18:25:00,Stevens Creek,400560,18,Tuesday,False
08/04/2026,18:30,337.0,66.7,4,100.0,2026-08-04 18:30:00,Stevens Creek,400560,18,Tuesday,False
08/04/2026,18:35,353.0,66.4,4,100.0,2026-08-04 18:35:00,Stevens Creek,400560,18,Tuesday,False
08/04/2026,18:40,330.0,67.1,4,100.0,2026-08-04 18:40:00,Stevens Creek,400560,18,Tuesday,False
08/04/2026,18:45,285.0,66.5,4,100.0,2026-08-04 18:45:00,Stevens Creek,400560,18,Tuesday,False
08/04/2026,18:50,336.0,67.1,4,100.0,2026-08-04 18:50:00,Stevens Creek,400560,18,Tuesday,False
08/04/2026,18:55,331.0,66.4,4,100.0,2026-08-04 18:55:00,Stevens Creek,400560,18,Tuesday,False
08/04/2026,19:00,302.0,67.1,4,100.0,2026-08-04 19:00:00,Stevens Creek,400560,19,Tuesday,False
08/04/2026,19:05,254.0,68.1,4,100.0,2026-08-04 19:05:00,Stevens Creek,400560,19,Tuesday,False
08/04/2026,19:10,243.0,68.5,4,100.0,2026-08-04 19:10:00,Stevens Creek,400560,19,Tuesday,False
08/04/2026,19:15,277.0,69.2,4,100.0,2026-08-04 19:15:00,Stevens Creek,400560,19,Tuesday,False
08/04/2026,19:20,249.0,70.2,4,100.0,2026-08-04 19:20:00,Stevens Creek,400560,19,Tuesday,False
08/04/2026,19:25,246.0,69.4,4,100.0,2026-08-04 19:25:00,Stevens Creek,400560,19,Tuesday,False
08/04/2026,19:30,206.0,68.5,4,100.0,2026-08-04 19:30:00,Stevens Creek,400560,19,Tuesday,False
08/04/2026,19:35,205.0,68.5,4,100.0,2026-08-04 19:35:00,Stevens Creek,400560,19,Tuesday,False
08/04/2026,19:40,221.0,67.0,4,100.0,2026-08-04 19:40:00,Stevens Creek,400560,19,Tuesday,False
08/04/2026,19:45,211.0,68.0,4,100.0,2026-08-04 19:45:00,Stevens Creek,400560,19,Tuesday,False
08/04/2026,19:50,199.0,66.4,4,100.0,2026-08-04 19:50:00,Stevens Creek,400560,19,Tuesday,False
08/04/2026,19:55,218.0,66.2,4,100.0,2026-08-04 19:55:00,Stevens Creek,400560,19,Tuesday,False
08/04/2026,20:00,193.0,67.1,4,100.0,2026-08-04 20:00:00,Stevens Creek,400560,20,Tuesday,False
08/04/2026,20:05,183.0,67.2,4,100.0,2026-08-04 20:05:00,Stevens Creek,400560,20,Tuesday,False
08/04/2026,20:10,178.0,67.8,4,100.0,2026-08-04 20:10:00,Stevens Creek,400560,20,Tuesday,False
08/04/2026,20:15,203.0,68.2,4,100.0,2026-08-04 20:15:00,Stevens Creek,400560,20,Tuesday,False
08/04/2026,20:20,216.0,67.6,4,100.0,2026-08-04 20:20:00,Stevens Creek,400560,20,Tuesday,False
08/04/2026,20:25,165.0,67.7,4,100.0,2026-08-04 20:25:00,Stevens Creek,400560,20,Tuesday,False
08/04/2026,20:30,169.0,66.8,4,100.0,2026-08-04 20:30:00,Stevens Creek,400560,20,Tuesday,False
08/04/2026,20:35,169.0,67.1,4,100.0,2026-08-04 20:35:00,Stevens Creek,400560,20,Tuesday,False
08/04/2026,20:40,177.0,67.6,4,100.0,2026-08-04 20:40:00,Stevens Creek,400560,20,Tuesday,False
08/04/2026,20:45,189.0,66.3,4,100.0,2026-08-04 20:45:00,Stevens Creek,400560,20,Tuesday,False
08/04/2026,20:50,202.0,67.1,4,100.0,2026-08-04 20:50:00,Stevens Creek,400560,20,Tuesday,False
08/04/2026,20:55,200.0,67.5,4,100.0,2026-08-04 20:55:00,Stevens Creek,400560,20,Tuesday,False
08/04/2026,21:00,194.0,67.8,4,100.0,2026-08-04 21:00:00,Stevens Creek,400560,21,Tuesday,False
08/04/2026,21:05,181.0,68.0,4,100.0,2026-08-04 21:05:00,Stevens Creek,400560,21,Tuesday,False
08/04/2026,21:10,159.0,67.9,4,100.0,2026-08-04 21:10:00,Stevens Creek,400560,21,Tuesday,False
08/04/2026,21:15,189.0,67.9,4,100.0,2026-08-04 21:15:00,Stevens Creek,400560,21,Tuesday,False
08/04/2026,21:20,183.0,67.9,4,100.0,2026-08-04 21:20:00,Stevens Creek,400560,21,Tuesday,False
08/04/2026,21:25,178.0,68.6,4,100.0,2026-08-04 21:25:00,Stevens Creek,400560,21,Tuesday,False
08/04/2026,21:30,161.0,68.0,4,100.0,2026-08-04 21:30:00,Stevens Creek,400560,21,Tuesday,False
08/04/2026,21:35,170.0,67.9,4,100.0,2026-08-04 21:35:00,Stevens Creek,400560,21,Tuesday,False
08/04/2026,21:40,138.0,68.6,4,100.0,2026-08-04 21:40:00,Stevens Creek,400560,21,Tuesday,False
08/04/2026,21:45,165.0,67.9,4,100.0,2026-08-04 21:45:00,Stevens Creek,400560,21,Tuesday,False
08/04/2026,21:50,144.0,68.8,4,100.0,2026-08-04 21:50:00,Stevens Creek,400560,21,Tuesday,False
08/04/2026,21:55,123.0,68.9,4,100.0,2026-08-04 21:55:00,Stevens Creek,400560,21,Tuesday,False
08/04/2026,22:00,133.0,68.0,4,100.0,2026-08-04 22:00:00,Stevens Creek,400560,22,Tuesday,False
08/04/2026,22:05,137.0,67.9,4,100.0,2026-08-04 22:05:00,Stevens Creek,400560,22,Tuesday,False
08/04/2026,22:10,105.0,67.1,4,100.0,2026-08-04 22:10:00,Stevens Creek,400560,22,Tuesday,False
08/04/2026,22:15,143.0,67.7,4,100.0,2026-08-04 22:15:00,Stevens Creek,400560,22,Tuesday,False
08/04/2026,22:20,99.0,67.1,4,100.0,2026-08-04 22:20:00,Stevens Creek,400560,22,Tuesday,False
08/04/2026,22:25,115.0,68.0,4,100.0,2026-08-04 22:25:00,Stevens Creek,400560,22,Tuesday,False
08/04/2026,22:30,112.0,68.9,4,100.0,2026-08-04 22:30:00,Stevens Creek,400560,22,Tuesday,False
08/04/2026,22:35,83.0,67.9,4,100.0,2026-08-04 22:35:00,Stevens Creek,400560,22,Tuesday,False
08/04/2026,22:40,101.0,68.4,4,100.0,2026-08-04 22:40:00,Stevens Creek,400560,22,Tuesday,False
08/04/2026,22:45,102.0,68.3,4,100.0,2026-08-04 22:45:00,Stevens Creek,400560,22,Tuesday,False
08/04/2026,22:50,103.0,68.0,4,100.0,2026-08-04 22:50:00,Stevens Creek,400560,22,Tuesday,False
08/04/2026,22:55,91.0,68.1,4,100.0,2026-08-04 22:55:00,Stevens Creek,400560,22,Tuesday,False
08/04/2026,23:00,70.0,66.7,4,100.0,2026-08-04 23:00:00,Stevens Creek,400560,23,Tuesday,False
08/04/2026,23:05,93.0,67.6,4,100.0,2026-08-04 23:05:00,Stevens Creek,400560,23,Tuesday,False
08/04/2026,23:10,67.0,68.1,4,100.0,2026-08-04 23:10:00,Stevens Creek,400560,23,Tuesday,False
08/04/2026,23:15,84.0,68.1,4,100.0,2026-08-04 23:15:00,Stevens Creek,400560,23,Tuesday,False
08/04/2026,23:20,64.0,67.8,4,100.0,2026-08-04 23:20:00,Stevens Creek,400560,23,Tuesday,False
08/04/2026,23:25,56.0,67.8,4,100.0,2026-08-04 23:25:00,Stevens Creek,400560,23,Tuesday,False
08/04/2026,23:30,52.0,67.6,4,100.0,2026-08-04 23:30:00,Stevens Creek,400560,23,Tuesday,False
08/04/2026,23:35,43.0,66.8,4,100.0,2026-08-04 23:35:00,Stevens Creek,400560,23,Tuesday,False
08/04/2026,23:40,69.0,68.1,4,100.0,2026-08-04 23:40:00,Stevens Creek,400560,23,Tuesday,False
08/04/2026,23:45,44.0,67.2,4,100.0,2026-08-04 23:45:00,Stevens Creek,400560,23,Tuesday,False
08/04/2026,23:50,42.0,67.1,4,100.0,2026-08-04 23:50:00,Stevens Creek,400560,23,Tuesday,False
08/04/2026,23:55,41.0,67.5,4,100.0,2026-08-04 23:55:00,Stevens Creek,400560,23,Tuesday,False
08/05/2026,00:00,35.0,67.6,4,100.0,2026-08-05 00:00:00,Stevens Creek,400560,0,Wednesday,False
08/05/2026,00:05,34.0,67.4,4,100.0,2026-08-05 00:05:00,Stevens Creek,400560,0,Wednesday,False
08/05/2026,00:10,26.0,68.3,4,100.0,2026-08-05 00:10:00,Stevens Creek,400560,0,Wednesday,False
08/05/2026,00:15,44.0,67.3,4,100.0,2026-08-05 00:15:00,Stevens Creek,400560,0,Wednesday,False
08/05/2026,00:20,19.0,67.9,4,100.0,2026-08-05 00:20:00,Stevens Creek,400560,0,Wednesday,False
08/05/2026,00:25,35.0,66.9,4,100.0,2026-08-05 00:25:00,Stevens Creek,400560,0,Wednesday,False
08/05/2026,00:30,16.0,67.2,4,100.0,2026-08-05 00:30:00,Stevens Creek,400560,0,Wednesday,False
08/05/2026,00:35,18.0,67.1,4,100.0,2026-08-05 00:35:00,Stevens Creek,400560,0,Wednesday,False
08/05/2026,00:40,19.0,68.2,4,100.0,2026-08-05 00:40:00,Stevens Creek,400560,0,Wednesday,False
08/05/2026,00:45,13.0,67.1,4,100.0,2026-08-05 00:45:00,Stevens Creek,400560,0,Wednesday,False
08/05/2026,00:50,20.0,66.5,4,100.0,2026-08-05 00:50:00,Stevens Creek,400560,0,Wednesday,False
08/05/2026,00:55,18.0,67.4,4,100.0,2026-08-05 00:55:00,Stevens Creek,400560,0,Wednesday,False
08/05/2026,01:00,19.0,67.1,4,100.0,2026-08-05 01:00:00,Stevens Creek,400560,1,Wednesday,False
08/05/2026,01:05,7.0,66.6,4,100.0,2026-08-05 01:05:00,Stevens Creek,400560,1,Wednesday,False
08/05/2026,01:10,10.0,68.5,4,100.0,2026-08-05 01:10:00,Stevens Creek,400560,1,Wednesday,False
08/05/2026,01:15,17.0,66.9,4,100.0,2026-08-05 01:15:00,Stevens Creek,400560,1,Wednesday,False
08/05/2026,01:20,12.0,68.6,4,100.0,2026-08-05 01:20:00,Stevens Creek,400560,1,Wednesday,False
08/05/2026,01:25,14.0,66.7,4,100.0,2026-08-05 01:25:00,Stevens Creek,400560,1,Wednesday,False
08/05/2026,01:30,14.0,65.9,4,100.0,2026-08-05 01:30:00,Stevens Creek,400560,1,Wednesday,False
08/05/2026,01:35,17.0,66.8,4,100.0,2026-08-05 01:35:00,Stevens Creek,400560,1,Wednesday,False
08/05/2026,01:40,7.0,66.1,4,100.0,2026-08-05 01:40:00,Stevens Creek,400560,1,Wednesday,False
08/05/2026,01:45,16.0,67.0,4,100.0,2026-08-05 01:45:00,Stevens Creek,400560,1,Wednesday,False
08/05/2026,01:50,17.0,68.0,4,100.0,2026-08-05 01:50:00,Stevens Creek,400560,1,Wednesday,False
08/05/2026,01:55,19.0,66.7,4,100.0,2026-08-05 01:55:00,Stevens Creek,400560,1,Wednesday,False
08/05/2026,02:00,14.0,68.0,4,100.0,2026-08-05 02:00:00,Stevens Creek,400560,2,Wednesday,False
08/05/2026,02:05,6.0,66.8,4,100.0,2026-08-05 02:05:00,Stevens Creek,400560,2,Wednesday,False
08/05/2026,02:10,9.0,67.9,4,100.0,2026-08-05 02:10:00,Stevens Creek,400560,2,Wednesday,False
08/05/2026,02:15,14.0,66.6,4,100.0,2026-08-05 02:15:00,Stevens Creek,400560,2,Wednesday,False
08/05/2026,02:20,9.0,66.8,4,100.0,2026-08-05 02:20:00,Stevens Creek,400560,2,Wednesday,False
08/05/2026,02:25,13.0,65.8,4,100.0,2026-08-05 02:25:00,Stevens Creek,400560,2,Wednesday,False
08/05/2026,02:30,11.0,67.0,4,100.0,2026-08-05 02:30:00,Stevens Creek,400560,2,Wednesday,False
08/05/2026,02:35,16.0,68.1,4,100.0,2026-08-05 02:35:00,Stevens Creek,400560,2,Wednesday,False
08/05/2026,02:40,15.0,67.5,4,100.0,2026-08-05 02:40:00,Stevens Creek,400560,2,Wednesday,False
08/05/2026,02:45,16.0,66.8,4,100.0,2026-08-05 02:45:00,Stevens Creek,400560,2,Wednesday,False
08/05/2026,02:50,16.0,67.1,4,100.0,2026-08-05 02:50:00,Stevens Creek,400560,2,Wednesday,False
08/05/2026,02:55,11.0,65.6,4,100.0,2026-08-05 02:55:00,Stevens Creek,400560,2,Wednesday,False
08/05/2026,03:00,16.0,65.8,4,100.0,2026-08-05 03:00:00,Stevens Creek,400560,3,Wednesday,False
08/05/2026,03:05,10.0,67.2,4,100.0,2026-08-05 03:05:00,Stevens Creek,400560,3,Wednesday,False
08/05/2026,03:10,13.0,69.2,4,100.0,2026-08-05 03:10:00,Stevens Creek,400560,3,Wednesday,False
08/05/2026,03:15,14.0,67.3,4,100.0,2026-08-05 03:15:00,Stevens Creek,400560,3,Wednesday,False
08/05/2026,03:20,19.0,67.6,4,100.0,2026-08-05 03:20:00,Stevens Creek,400560,3,Wednesday,False
08/05/2026,03:25,16.0,66.9,4,100.0,2026-08-05 03:25:00,Stevens Creek,400560,3,Wednesday,False
08/05/2026,03:30,27.0,68.4,4,100.0,2026-08-05 03:30:00,Stevens Creek,400560,3,Wednesday,False
08/05/2026,03:35,18.0,67.8,4,100.0,2026-08-05 03:35:00,Stevens Creek,400560,3,Wednesday,False
08/05/2026,03:40,26.0,67.3,4,100.0,2026-08-05 03:40:00,Stevens Creek,400560,3,Wednesday,False
08/05/2026,03:45,37.0,67.7,4,100.0,2026-08-05 03:45:00,Stevens Creek,400560,3,Wednesday,False
08/05/2026,03:50,36.0,68.2,4,100.0,2026-08-05 03:50:00,Stevens Creek,400560,3,Wednesday,False
08/05/2026,03:55,37.0,67.3,4,100.0,2026-08-05 03:55:00,Stevens Creek,400560,3,Wednesday,False
08/05/2026,04:00,30.0,67.2,4,100.0,2026-08-05 04:00:00,Stevens Creek,400560,4,Wednesday,False
08/05/2026,04:05,23.0,67.1,4,100.0,2026-08-05 04:05:00,Stevens Creek,400560,4,Wednesday,False
08/05/2026,04:10,22.0,67.0,4,100.0,2026-08-05 04:10:00,Stevens Creek,400560,4,Wednesday,False
08/05/2026,04:15,37.0,68.6,4,100.0,2026-08-05 04:15:00,Stevens Creek,400560,4,Wednesday,False
08/05/2026,04:20,40.0,66.9,4,100.0,2026-08-05 04:20:00,Stevens Creek,400560,4,Wednesday,False
08/05/2026,04:25,45.0,67.9,4,100.0,2026-08-05 04:25:00,Stevens Creek,400560,4,Wednesday,False
08/05/2026,04:30,38.0,67.7,4,100.0,2026-08-05 04:30:00,Stevens Creek,400560,4,Wednesday,False
08/05/2026,04:35,68.0,67.7,4,100.0,2026-08-05 04:35:00,Stevens Creek,400560,4,Wednesday,False
08/05/2026,04:40,72.0,68.5,4,100.0,2026-08-05 04:40:00,Stevens Creek,400560,4,Wednesday,False
08/05/2026,04:45,94.0,68.2,4,100.0,2026-08-05 04:45:00,Stevens Creek,400560,4,Wednesday,False
08/05/2026,04:50,71.0,68.3,4,100.0,2026-08-05 04:50:00,Stevens Creek,400560,4,Wednesday,False
08/05/2026,04:55,91.0,68.4,4,100.0,2026-08-05 04:55:00,Stevens Creek,400560,4,Wednesday,False
08/05/2026,05:00,90.0,68.6,4,100.0,2026-08-05 05:00:00,Stevens Creek,400560,5,Wednesday,False
08/05/2026,05:05,88.0,68.5,4,100.0,2026-08-05 05:05:00,Stevens Creek,400560,5,Wednesday,False
08/05/2026,05:10,118.0,69.5,4,100.0,2026-08-05 05:10:00,Stevens Creek,400560,5,Wednesday,False
08/05/2026,05:15,138.0,69.7,4,100.0,2026-08-05 05:15:00,Stevens Creek,400560,5,Wednesday,False
08/05/2026,05:20,179.0,69.8,4,100.0,2026-08-05 05:20:00,Stevens Creek,400560,5,Wednesday,False
08/05/2026,05:25,172.0,69.8,4,100.0,2026-08-05 05:25:00,Stevens Creek,400560,5,Wednesday,False
08/05/2026,05:30,171.0,69.2,4,100.0,2026-08-05 05:30:00,Stevens Creek,400560,5,Wednesday,False
08/05/2026,05:35,235.0,68.7,4,100.0,2026-08-05 05:35:00,Stevens Creek,400560,5,Wednesday,False
08/05/2026,05:40,249.0,68.2,4,100.0,2026-08-05 05:40:00,Stevens Creek,400560,5,Wednesday,False
08/05/2026,05:45,288.0,66.3,4,100.0,2026-08-05 05:45:00,Stevens Creek,400560,5,Wednesday,False
08/05/2026,05:50,278.0,66.9,4,100.0,2026-08-05 05:50:00,Stevens Creek,400560,5,Wednesday,False
08/05/2026,05:55,290.0,66.9,4,100.0,2026-08-05 05:55:00,Stevens Creek,400560,5,Wednesday,False
08/05/2026,06:00,233.0,64.9,4,100.0,2026-08-05 06:00:00,Stevens Creek,400560,6,Wednesday,False
08/05/2026,06:05,196.0,64.9,4,100.0,2026-08-05 06:05:00,Stevens Creek,400560,6,Wednesday,False
08/05/2026,06:10,294.0,65.2,4,100.0,2026-08-05 06:10:00,Stevens Creek,400560,6,Wednesday,False
08/05/2026,06:15,308.0,65.4,4,100.0,2026-08-05 06:15:00,Stevens Creek,400560,6,Wednesday,False
08/05/2026,06:20,377.0,66.6,4,100.0,2026-08-05 06:20:00,Stevens Creek,400560,6,Wednesday,False
08/05/2026,06:25,357.0,66.3,4,100.0,2026-08-05 06:25:00,Stevens Creek,400560,6,Wednesday,False
08/05/2026,06:30,442.0,66.9,4,100.0,2026-08-05 06:30:00,Stevens Creek,400560,6,Wednesday,False
08/05/2026,06:35,419.0,65.8,4,100.0,2026-08-05 06:35:00,Stevens Creek,400560,6,Wednesday,False
08/05/2026,06:40,503.0,64.4,4,100.0,2026-08-05 06:40:00,Stevens Creek,400560,6,Wednesday,False
08/05/2026,06:45,543.0,63.4,4,100.0,2026-08-05 06:45:00,Stevens Creek,400560,6,Wednesday,False
08/05/2026,06:50,548.0,62.9,4,100.0,2026-08-05 06:50:00,Stevens Creek,400560,6,Wednesday,False
08/05/2026,06:55,491.0,61.7,4,100.0,2026-08-05 06:55:00,Stevens Creek,400560,6,Wednesday,False
08/05/2026,07:00,556.0,58.7,4,100.0,2026-08-05 07:00:00,Stevens Creek,400560,7,Wednesday,False
08/05/2026,07:05,542.0,58.5,4,100.0,2026-08-05 07:05:00,Stevens Creek,400560,7,Wednesday,False
08/05/2026,07:10,558.0,58.1,4,100.0,2026-08-05 07:10:00,Stevens Creek,400560,7,Wednesday,False
08/05/2026,07:15,562.0,55.6,4,100.0,2026-08-05 07:15:00,Stevens Creek,400560,7,Wednesday,False
08/05/2026,07:20,591.0,51.3,4,100.0,2026-08-05 07:20:00,Stevens Creek,400560,7,Wednesday,False
08/05/2026,07:25,602.0,52.1,4,100.0,2026-08-05 07:25:00,Stevens Creek,400560,7,Wednesday,False
08/05/2026,07:30,595.0,51.2,4,100.0,2026-08-05 07:30:00,Stevens Creek,400560,7,Wednesday,False
08/05/2026,07:35,565.0,42.9,4,100.0,2026-08-05 07:35:00,Stevens Creek,400560,7,Wednesday,False
08/05/2026,07:40,585.0,41.7,4,100.0,2026-08-05 07:40:00,Stevens Creek,400560,7,Wednesday,False
08/05/2026,07:45,554.0,39.0,4,100.0,2026-08-05 07:45:00,Stevens Creek,400560,7,Wednesday,False
08/05/2026,07:50,523.0,36.0,4,100.0,2026-08-05 07:50:00,Stevens Creek,400560,7,Wednesday,False
08/05/2026,07:55,533.0,40.4,4,100.0,2026-08-05 07:55:00,Stevens Creek,400560,7,Wednesday,False
08/05/2026,08:00,538.0,38.1,4,100.0,2026-08-05 08:00:00,Stevens Creek,400560,8,Wednesday,False
08/05/2026,08:05,501.0,40.0,4,100.0,2026-08-05 08:05:00,Stevens Creek,400560,8,Wednesday,False
08/05/2026,08:10,534.0,41.7,4,100.0,2026-08-05 08:10:00,Stevens Creek,400560,8,Wednesday,False
08/05/2026,08:15,551.0,44.2,4,100.0,2026-08-05 08:15:00,Stevens Creek,400560,8,Wednesday,False
08/05/2026,08:20,587.0,48.1,4,100.0,2026-08-05 08:20:00,Stevens Creek,400560,8,Wednesday,False
08/05/2026,08:25,538.0,50.2,4,100.0,2026-08-05 08:25:00,Stevens Creek,400560,8,Wednesday,False
08/05/2026,08:30,545.0,51.7,4,100.0,2026-08-05 08:30:00,Stevens Creek,400560,8,Wednesday,False
08/05/2026,08:35,560.0,52.6,4,100.0,2026-08-05 08:35:00,Stevens Creek,400560,8,Wednesday,False
08/05/2026,08:40,503.0,52.8,4,100.0,2026-08-05 08:40:00,Stevens Creek,400560,8,Wednesday,False
08/05/2026,08:45,451.0,53.1,4,100.0,2026-08-05 08:45:00,Stevens Creek,400560,8,Wednesday,False
08/05/2026,08:50,376.0,53.1,4,100.0,2026-08-05 08:50:00,Stevens Creek,400560,8,Wednesday,False
08/05/2026,08:55,537.0,53.5,4,100.0,2026-08-05 08:55:00,Stevens Creek,400560,8,Wednesday,False
08/05/2026,09:00,551.0,54.9,4,100.0,2026-08-05 09:00:00,Stevens Creek,400560,9,Wednesday,False
08/05/2026,09:05,539.0,55.0,4,100.0,2026-08-05 09:05:00,Stevens Creek,400560,9,Wednesday,False
08/05/2026,09:10,546.0,56.1,4,100.0,2026-08-05 09:10:00,Stevens Creek,400560,9,Wednesday,False
08/05/2026,09:15,548.0,56.8,4,100.0,2026-08-05 09:15:00,Stevens Creek,400560,9,Wednesday,False
08/05/2026,09:20,579.0,57.0,4,100.0,2026-08-05 09:20:00,Stevens Creek,400560,9,Wednesday,False
08/05/2026,09:25,561.0,56.7,4,100.0,2026-08-05 09:25:00,Stevens Creek,400560,9,Wednesday,False
08/05/2026,09:30,582.0,55.2,4,100.0,2026-08-05 09:30:00,Stevens Creek,400560,9,Wednesday,False
08/05/2026,09:35,565.0,55.3,4,100.0,2026-08-05 09:35:00,Stevens Creek,400560,9,Wednesday,False
08/05/2026,09:40,604.0,55.2,4,100.0,2026-08-05 09:40:00,Stevens Creek,400560,9,Wednesday,False
08/05/2026,09:45,557.0,53.8,4,100.0,2026-08-05 09:45:00,Stevens Creek,400560,9,Wednesday,False
08/05/2026,09:50,525.0,55.3,4,100.0,2026-08-05 09:50:00,Stevens Creek,400560,9,Wednesday,False
08/05/2026,09:55,534.0,56.5,4,100.0,2026-08-05 09:55:00,Stevens Creek,400560,9,Wednesday,False
08/05/2026,10:00,506.0,57.7,4,100.0,2026-08-05 10:00:00,Stevens Creek,400560,10,Wednesday,False
08/05/2026,10:05,486.0,59.3,4,100.0,2026-08-05 10:05:00,Stevens Creek,400560,10,Wednesday,False
08/05/2026,10:10,508.0,58.8,4,100.0,2026-08-05 10:10:00,Stevens Creek,400560,10,Wednesday,False
08/05/2026,10:15,545.0,58.7,4,100.0,2026-08-05 10:15:00,Stevens Creek,400560,10,Wednesday,False
08/05/2026,10:20,477.0,59.6,4,100.0,2026-08-05 10:20:00,Stevens Creek,400560,10,Wednesday,False
08/05/2026,10:25,470.0,60.5,4,100.0,2026-08-05 10:25:00,Stevens Creek,400560,10,Wednesday,False
08/05/2026,10:30,456.0,61.1,4,100.0,2026-08-05 10:30:00,Stevens Creek,400560,10,Wednesday,False
08/05/2026,10:35,433.0,61.2,4,100.0,2026-08-05 10:35:00,Stevens Creek,400560,10,Wednesday,False
08/05/2026,10:40,451.0,61.2,4,100.0,2026-08-05 10:40:00,Stevens Creek,400560,10,Wednesday,False
08/05/2026,10:45,480.0,61.4,4,100.0,2026-08-05 10:45:00,Stevens Creek,400560,10,Wednesday,False
08/05/2026,10:50,436.0,62.4,4,100.0,2026-08-05 10:50:00,Stevens Creek,400560,10,Wednesday,False
08/05/2026,10:55,430.0,62.8,4,100.0,2026-08-05 10:55:00,Stevens Creek,400560,10,Wednesday,False
08/05/2026,11:00,362.0,63.0,4,100.0,2026-08-05 11:00:00,Stevens Creek,400560,11,Wednesday,False
08/05/2026,11:05,360.0,62.7,4,100.0,2026-08-05 11:05:00,Stevens Creek,400560,11,Wednesday,False
08/05/2026,11:10,405.0,62.1,4,100.0,2026-08-05 11:10:00,Stevens Creek,400560,11,Wednesday,False
08/05/2026,11:15,397.0,62.4,4,100.0,2026-08-05 11:15:00,Stevens Creek,400560,11,Wednesday,False
08/05/2026,11:20,385.0,63.4,4,100.0,2026-08-05 11:20:00,Stevens Creek,400560,11,Wednesday,False
08/05/2026,11:25,389.0,63.3,4,100.0,2026-08-05 11:25:00,Stevens Creek,400560,11,Wednesday,False
08/05/2026,11:30,337.0,62.4,4,100.0,2026-08-05 11:30:00,Stevens Creek,400560,11,Wednesday,False
08/05/2026,11:35,348.0,63.3,4,100.0,2026-08-05 11:35:00,Stevens Creek,400560,11,Wednesday,False
08/05/2026,11:40,344.0,62.0,4,100.0,2026-08-05 11:40:00,Stevens Creek,400560,11,Wednesday,False
08/05/2026,11:45,353.0,62.7,4,100.0,2026-08-05 11:45:00,Stevens Creek,400560,11,Wednesday,False
08/05/2026,11:50,374.0,63.5,4,100.0,2026-08-05 11:50:00,Stevens Creek,400560,11,Wednesday,False
08/05/2026,11:55,328.0,63.1,4,100.0,2026-08-05 11:55:00,Stevens Creek,400560,11,Wednesday,False
08/05/2026,12:00,355.0,63.7,4,100.0,2026-08-05 12:00:00,Stevens Creek,400560,12,Wednesday,False
08/05/2026,12:05,354.0,64.5,4,100.0,2026-08-05 12:05:00,Stevens Creek,400560,12,Wednesday,False
08/05/2026,12:10,356.0,64.2,4,100.0,2026-08-05 12:10:00,Stevens Creek,400560,12,Wednesday,False
08/05/2026,12:15,349.0,63.1,4,100.0,2026-08-05 12:15:00,Stevens Creek,400560,12,Wednesday,False
08/05/2026,12:20,351.0,62.8,4,100.0,2026-08-05 12:20:00,Stevens Creek,400560,12,Wednesday,False
08/05/2026,12:25,332.0,64.5,4,100.0,2026-08-05 12:25:00,Stevens Creek,400560,12,Wednesday,False
08/05/2026,12:30,356.0,64.1,4,100.0,2026-08-05 12:30:00,Stevens Creek,400560,12,Wednesday,False
08/05/2026,12:35,355.0,64.4,4,100.0,2026-08-05 12:35:00,Stevens Creek,400560,12,Wednesday,False
08/05/2026,12:40,387.0,65.1,4,100.0,2026-08-05 12:40:00,Stevens Creek,400560,12,Wednesday,False
08/05/2026,12:45,328.0,65.3,4,100.0,2026-08-05 12:45:00,Stevens Creek,400560,12,Wednesday,False
08/05/2026,12:50,327.0,65.1,4,100.0,2026-08-05 12:50:00,Stevens Creek,400560,12,Wednesday,False
08/05/2026,12:55,317.0,65.3,4,100.0,2026-08-05 12:55:00,Stevens Creek,400560,12,Wednesday,False
08/05/2026,13:00,288.0,66.3,4,100.0,2026-08-05 13:00:00,Stevens Creek,400560,13,Wednesday,False
08/05/2026,13:05,322.0,66.7,4,100.0,2026-08-05 13:05:00,Stevens Creek,400560,13,Wednesday,False
08/05/2026,13:10,294.0,66.2,4,100.0,2026-08-05 13:10:00,Stevens Creek,400560,13,Wednesday,False
08/05/2026,13:15,300.0,66.2,4,100.0,2026-08-05 13:15:00,Stevens Creek,400560,13,Wednesday,False
08/05/2026,13:20,345.0,64.7,4,100.0,2026-08-05 13:20:00,Stevens Creek,400560,13,Wednesday,False
08/05/2026,13:25,339.0,63.9,4,100.0,2026-08-05 13:25:00,Stevens Creek,400560,13,Wednesday,False
08/05/2026,13:30,340.0,65.3,4,100.0,2026-08-05 13:30:00,Stevens Creek,400560,13,Wednesday,False
08/05/2026,13:35,343.0,65.5,4,100.0,2026-08-05 13:35:00,Stevens Creek,400560,13,Wednesday,False
08/05/2026,13:40,353.0,66.0,4,100.0,2026-08-05 13:40:00,Stevens Creek,400560,13,Wednesday,False
08/05/2026,13:45,347.0,65.3,4,100.0,2026-08-05 13:45:00,Stevens Creek,400560,13,Wednesday,False
08/05/2026,13:50,234.0,66.0,4,100.0,2026-08-05 13:50:00,Stevens Creek,400560,13,Wednesday,False
08/05/2026,13:55,317.0,66.0,4,100.0,2026-08-05 13:55:00,Stevens Creek,400560,13,Wednesday,False
08/05/2026,14:00,319.0,65.7,4,100.0,2026-08-05 14:00:00,Stevens Creek,400560,14,Wednesday,False
08/05/2026,14:05,277.0,65.3,4,100.0,2026-08-05 14:05:00,Stevens Creek,400560,14,Wednesday,False
08/05/2026,14:10,334.0,65.5,4,100.0,2026-08-05 14:10:00,Stevens Creek,400560,14,Wednesday,False
08/05/2026,14:15,320.0,66.1,4,100.0,2026-08-05 14:15:00,Stevens Creek,400560,14,Wednesday,False
08/05/2026,14:20,324.0,65.6,4,100.0,2026-08-05 14:20:00,Stevens Creek,400560,14,Wednesday,False
08/05/2026,14:25,357.0,64.8,4,100.0,2026-08-05 14:25:00,Stevens Creek,400560,14,Wednesday,False
08/05/2026,14:30,307.0,65.6,4,100.0,2026-08-05 14:30:00,Stevens Creek,400560,14,Wednesday,False
08/05/2026,14:35,347.0,66.0,4,100.0,2026-08-05 14:35:00,Stevens Creek,400560,14,Wednesday,False
08/05/2026,14:40,345.0,65.3,4,100.0,2026-08-05 14:40:00,Stevens Creek,400560,14,Wednesday,False
08/05/2026,14:45,394.0,65.7,4,100.0,2026-08-05 14:45:00,Stevens Creek,400560,14,Wednesday,False
08/05/2026,14:50,340.0,65.8,4,100.0,2026-08-05 14:50:00,Stevens Creek,400560,14,Wednesday,False
08/05/2026,14:55,355.0,65.6,4,100.0,2026-08-05 14:55:00,Stevens Creek,400560,14,Wednesday,False
08/05/2026,15:00,349.0,64.6,4,100.0,2026-08-05 15:00:00,Stevens Creek,400560,15,Wednesday,False
08/05/2026,15:05,344.0,64.4,4,100.0,2026-08-05 15:05:00,Stevens Creek,400560,15,Wednesday,False
08/05/2026,15:10,376.0,64.8,4,100.0,2026-08-05 15:10:00,Stevens Creek,400560,15,Wednesday,False
08/05/2026,15:15,373.0,64.0,4,100.0,2026-08-05 15:15:00,Stevens Creek,400560,15,Wednesday,False
08/05/2026,15:20,348.0,64.7,4,100.0,2026-08-05 15:20:00,Stevens Creek,400560,15,Wednesday,False
08/05/2026,15:25,356.0,63.5,4,100.0,2026-08-05 15:25:00,Stevens Creek,400560,15,Wednesday,False
08/05/2026,15:30,364.0,65.0,4,100.0,2026-08-05 15:30:00,Stevens Creek,400560,15,Wednesday,False
08/05/2026,15:35,360.0,63.2,4,100.0,2026-08-05 15:35:00,Stevens Creek,400560,15,Wednesday,False
08/05/2026,15:40,345.0,63.8,4,100.0,2026-08-05 15:40:00,Stevens Creek,400560,15,Wednesday,False
08/05/2026,15:45,402.0,63.7,4,100.0,2026-08-05 15:45:00,Stevens Creek,400560,15,Wednesday,False
08/05/2026,15:50,372.0,63.1,4,100.0,2026-08-05 15:50:00,Stevens Creek,400560,15,Wednesday,False
08/05/2026,15:55,364.0,64.0,4,100.0,2026-08-05 15:55:00,Stevens Creek,400560,15,Wednesday,False
08/05/2026,16:00,330.0,64.4,4,100.0,2026-08-05 16:00:00,Stevens Creek,400560,16,Wednesday,False
08/05/2026,16:05,304.0,63.6,4,100.0,2026-08-05 16:05:00,Stevens Creek,400560,16,Wednesday,False
08/05/2026,16:10,373.0,64.5,4,100.0,2026-08-05 16:10:00,Stevens Creek,400560,16,Wednesday,False
08/05/2026,16:15,379.0,65.1,4,100.0,2026-08-05 16:15:00,Stevens Creek,400560,16,Wednesday,False
08/05/2026,16:20,405.0,65.2,4,100.0,2026-08-05 16:20:00,Stevens Creek,400560,16,Wednesday,False
08/05/2026,16:25,343.0,65.3,4,100.0,2026-08-05 16:25:00,Stevens Creek,400560,16,Wednesday,False
08/05/2026,16:30,349.0,64.7,4,100.0,2026-08-05 16:30:00,Stevens Creek,400560,16,Wednesday,False
08/05/2026,16:35,367.0,64.7,4,100.0,2026-08-05 16:35:00,Stevens Creek,400560,16,Wednesday,False
08/05/2026,16:40,395.0,64.5,4,100.0,2026-08-05 16:40:00,Stevens Creek,400560,16,Wednesday,False
08/05/2026,16:45,377.0,65.0,4,100.0,2026-08-05 16:45:00,Stevens Creek,400560,16,Wednesday,False
08/05/2026,16:50,409.0,65.3,4,100.0,2026-08-05 16:50:00,Stevens Creek,400560,16,Wednesday,False
08/05/2026,16:55,367.0,64.6,4,100.0,2026-08-05 16:55:00,Stevens Creek,400560,16,Wednesday,False
08/05/2026,17:00,372.0,66.5,4,100.0,2026-08-05 17:00:00,Stevens Creek,400560,17,Wednesday,False
08/05/2026,17:05,381.0,66.8,4,100.0,2026-08-05 17:05:00,Stevens Creek,400560,17,Wednesday,False
08/05/2026,17:10,438.0,65.4,4,100.0,2026-08-05 17:10:00,Stevens Creek,400560,17,Wednesday,False
08/05/2026,17:15,423.0,64.6,4,100.0,2026-08-05 17:15:00,Stevens Creek,400560,17,Wednesday,False
08/05/2026,17:20,413.0,65.2,4,100.0,2026-08-05 17:20:00,Stevens Creek,400560,17,Wednesday,False
08/05/2026,17:25,453.0,65.6,4,100.0,2026-08-05 17:25:00,Stevens Creek,400560,17,Wednesday,False
08/05/2026,17:30,412.0,66.5,4,100.0,2026-08-05 17:30:00,Stevens Creek,400560,17,Wednesday,False
08/05/2026,17:35,417.0,65.6,4,100.0,2026-08-05 17:35:00,Stevens Creek,400560,17,Wednesday,False
08/05/2026,17:40,441.0,65.2,4,100.0,2026-08-05 17:40:00,Stevens Creek,400560,17,Wednesday,False
08/05/2026,17:45,459.0,65.9,4,100.0,2026-08-05 17:45:00,Stevens Creek,400560,17,Wednesday,False
08/05/2026,17:50,401.0,65.4,4,100.0,2026-08-05 17:50:00,Stevens Creek,400560,17,Wednesday,False
08/05/2026,17:55,416.0,65.8,4,100.0,2026-08-05 17:55:00,Stevens Creek,400560,17,Wednesday,False
08/05/2026,18:00,361.0,66.5,4,100.0,2026-08-05 18:00:00,Stevens Creek,400560,18,Wednesday,False
08/05/2026,18:05,336.0,66.8,4,100.0,2026-08-05 18:05:00,Stevens Creek,400560,18,Wednesday,False
08/05/2026,18:10,342.0,66.7,4,100.0,2026-08-05 18:10:00,Stevens Creek,400560,18,Wednesday,False
08/05/2026,18:15,330.0,66.2,4,100.0,2026-08-05 18:15:00,Stevens Creek,400560,18,Wednesday,False
08/05/2026,18:20,318.0,67.0,4,100.0,2026-08-05 18:20:00,Stevens Creek,400560,18,Wednesday,False
08/05/2026,18:25,385.0,67.7,4,100.0,2026-08-05 18:25:00,Stevens Creek,400560,18,Wednesday,False
08/05/2026,18:30,333.0,67.3,4,100.0,2026-08-05 18:30:00,Stevens Creek,400560,18,Wednesday,False
08/05/2026,18:35,321.0,66.8,4,100.0,2026-08-05 18:35:00,Stevens Creek,400560,18,Wednesday,False
08/05/2026,18:40,321.0,66.4,4,100.0,2026-08-05 18:40:00,Stevens Creek,400560,18,Wednesday,False
08/05/2026,18:45,338.0,66.7,4,100.0,2026-08-05 18:45:00,Stevens Creek,400560,18,Wednesday,False
08/05/2026,18:50,288.0,66.4,4,100.0,2026-08-05 18:50:00,Stevens Creek,400560,18,Wednesday,False
08/05/2026,18:55,300.0,66.9,4,100.0,2026-08-05 18:55:00,Stevens Creek,400560,18,Wednesday,False
08/05/2026,19:00,285.0,67.6,4,100.0,2026-08-05 19:00:00,Stevens Creek,400560,19,Wednesday,False
08/05/2026,19:05,268.0,68.3,4,100.0,2026-08-05 19:05:00,Stevens Creek,400560,19,Wednesday,False
08/05/2026,19:10,290.0,68.3,4,100.0,2026-08-05 19:10:00,Stevens Creek,400560,19,Wednesday,False
08/05/2026,19:15,287.0,67.7,4,100.0,2026-08-05 19:15:00,Stevens Creek,400560,19,Wednesday,False
08/05/2026,19:20,275.0,68.1,4,100.0,2026-08-05 19:20:00,Stevens Creek,400560,19,Wednesday,False
08/05/2026,19:25,255.0,68.3,4,100.0,2026-08-05 19:25:00,Stevens Creek,400560,19,Wednesday,False
08/05/2026,19:30,200.0,68.4,4,100.0,2026-08-05 19:30:00,Stevens Creek,400560,19,Wednesday,False
08/05/2026,19:35,259.0,67.8,4,100.0,2026-08-05 19:35:00,Stevens Creek,400560,19,Wednesday,False
08/05/2026,19:40,231.0,67.9,4,100.0,2026-08-05 19:40:00,Stevens Creek,400560,19,Wednesday,False
08/05/2026,19:45,225.0,67.6,4,100.0,2026-08-05 19:45:00,Stevens Creek,400560,19,Wednesday,False
08/05/2026,19:50,249.0,67.2,4,100.0,2026-08-05 19:50:00,Stevens Creek,400560,19,Wednesday,False
08/05/2026,19:55,197.0,67.1,4,100.0,2026-08-05 19:55:00,Stevens Creek,400560,19,Wednesday,False
08/05/2026,20:00,189.0,68.7,4,100.0,2026-08-05 20:00:00,Stevens Creek,400560,20,Wednesday,False
08/05/2026,20:05,190.0,69.4,4,100.0,2026-08-05 20:05:00,Stevens Creek,400560,20,Wednesday,False
08/05/2026,20:10,213.0,69.2,4,100.0,2026-08-05 20:10:00,Stevens Creek,400560,20,Wednesday,False
08/05/2026,20:15,209.0,69.3,4,100.0,2026-08-05 20:15:00,Stevens Creek,400560,20,Wednesday,False
08/05/2026,20:20,254.0,68.4,4,100.0,2026-08-05 20:20:00,Stevens Creek,400560,20,Wednesday,False
08/05/2026,20:25,224.0,68.4,4,100.0,2026-08-05 20:25:00,Stevens Creek,400560,20,Wednesday,False
08/05/2026,20:30,229.0,68.7,4,100.0,2026-08-05 20:30:00,Stevens Creek,400560,20,Wednesday,False
08/05/2026,20:35,181.0,68.4,4,100.0,2026-08-05 20:35:00,Stevens Creek,400560,20,Wednesday,False
08/05/2026,20:40,212.0,68.0,4,100.0,2026-08-05 20:40:00,Stevens Creek,400560,20,Wednesday,False
08/05/2026,20:45,202.0,69.1,4,100.0,2026-08-05 20:45:00,Stevens Creek,400560,20,Wednesday,False
08/05/2026,20:50,220.0,68.8,4,100.0,2026-08-05 20:50:00,Stevens Creek,400560,20,Wednesday,False
08/05/2026,20:55,211.0,68.9,4,100.0,2026-08-05 20:55:00,Stevens Creek,400560,20,Wednesday,False
08/05/2026,21:00,193.0,68.3,4,100.0,2026-08-05 21:00:00,Stevens Creek,400560,21,Wednesday,False
08/05/2026,21:05,217.0,69.0,4,100.0,2026-08-05 21:05:00,Stevens Creek,400560,21,Wednesday,False
08/05/2026,21:10,211.0,68.8,4,100.0,2026-08-05 21:10:00,Stevens Creek,400560,21,Wednesday,False
08/05/2026,21:15,225.0,67.9,4,100.0,2026-08-05 21:15:00,Stevens Creek,400560,21,Wednesday,False
08/05/2026,21:20,179.0,68.7,4,100.0,2026-08-05 21:20:00,Stevens Creek,400560,21,Wednesday,False
08/05/2026,21:25,205.0,68.3,4,100.0,2026-08-05 21:25:00,Stevens Creek,400560,21,Wednesday,False
08/05/2026,21:30,190.0,68.4,4,100.0,2026-08-05 21:30:00,Stevens Creek,400560,21,Wednesday,False
08/05/2026,21:35,193.0,68.3,4,100.0,2026-08-05 21:35:00,Stevens Creek,400560,21,Wednesday,False
08/05/2026,21:40,214.0,68.2,4,100.0,2026-08-05 21:40:00,Stevens Creek,400560,21,Wednesday,False
08/05/2026,21:45,192.0,68.9,4,100.0,2026-08-05 21:45:00,Stevens Creek,400560,21,Wednesday,False
08/05/2026,21:50,200.0,69.1,4,100.0,2026-08-05 21:50:00,Stevens Creek,400560,21,Wednesday,False
08/05/2026,21:55,171.0,68.6,4,100.0,2026-08-05 21:55:00,Stevens Creek,400560,21,Wednesday,False
08/05/2026,22:00,152.0,69.0,4,100.0,2026-08-05 22:00:00,Stevens Creek,400560,22,Wednesday,False
08/05/2026,22:05,154.0,68.4,4,100.0,2026-08-05 22:05:00,Stevens Creek,400560,22,Wednesday,False
08/05/2026,22:10,142.0,68.1,4,100.0,2026-08-05 22:10:00,Stevens Creek,400560,22,Wednesday,False
08/05/2026,22:15,125.0,67.6,4,100.0,2026-08-05 22:15:00,Stevens Creek,400560,22,Wednesday,False
08/05/2026,22:20,130.0,68.5,4,100.0,2026-08-05 22:20:00,Stevens Creek,400560,22,Wednesday,False
08/05/2026,22:25,102.0,68.2,4,100.0,2026-08-05 22:25:00,Stevens Creek,400560,22,Wednesday,False
08/05/2026,22:30,108.0,68.7,4,100.0,2026-08-05 22:30:00,Stevens Creek,400560,22,Wednesday,False
08/05/2026,22:35,110.0,68.2,4,100.0,2026-08-05 22:35:00,Stevens Creek,400560,22,Wednesday,False
08/05/2026,22:40,100.0,68.1,4,100.0,2026-08-05 22:40:00,Stevens Creek,400560,22,Wednesday,False
08/05/2026,22:45,100.0,68.0,4,100.0,2026-08-05 22:45:00,Stevens Creek,400560,22,Wednesday,False
08/05/2026,22:50,96.0,68.6,4,100.0,2026-08-05 22:50:00,Stevens Creek,400560,22,Wednesday,False
08/05/2026,22:55,73.0,68.1,4,100.0,2026-08-05 22:55:00,Stevens Creek,400560,22,Wednesday,False
08/05/2026,23:00,65.0,68.3,4,100.0,2026-08-05 23:00:00,Stevens Creek,400560,23,Wednesday,False
08/05/2026,23:05,68.0,68.2,4,100.0,2026-08-05 23:05:00,Stevens Creek,400560,23,Wednesday,False
08/05/2026,23:10,81.0,68.8,4,100.0,2026-08-05 23:10:00,Stevens Creek,400560,23,Wednesday,False
08/05/2026,23:15,71.0,69.2,4,100.0,2026-08-05 23:15:00,Stevens Creek,400560,23,Wednesday,False
08/05/2026,23:20,47.0,68.9,4,100.0,2026-08-05 23:20:00,Stevens Creek,400560,23,Wednesday,False
08/05/2026,23:25,63.0,68.5,4,100.0,2026-08-05 23:25:00,Stevens Creek,400560,23,Wednesday,False
08/05/2026,23:30,55.0,68.4,4,100.0,2026-08-05 23:30:00,Stevens Creek,400560,23,Wednesday,False
08/05/2026,23:35,59.0,67.8,4,100.0,2026-08-05 23:35:00,Stevens Creek,400560,23,Wednesday,False
08/05/2026,23:40,66.0,67.9,4,100.0,2026-08-05 23:40:00,Stevens Creek,400560,23,Wednesday,False
08/05/2026,23:45,40.0,68.3,4,100.0,2026-08-05 23:45:00,Stevens Creek,400560,23,Wednesday,False
08/05/2026,23:50,47.0,68.4,4,100.0,2026-08-05 23:50:00,Stevens Creek,400560,23,Wednesday,False
08/05/2026,23:55,48.0,68.3,4,100.0,2026-08-05 23:55:00,Stevens Creek,400560,23,Wednesday,False
08/06/2026,00:00,40.0,67.2,4,100.0,2026-08-06 00:00:00,Stevens Creek,400560,0,Thursday,False
08/06/2026,00:05,39.0,67.5,4,100.0,2026-08-06 00:05:00,Stevens Creek,400560,0,Thursday,False
08/06/2026,00:10,40.0,67.3,4,100.0,2026-08-06 00:10:00,Stevens Creek,400560,0,Thursday,False
08/06/2026,00:15,38.0,68.2,4,100.0,2026-08-06 00:15:00,Stevens Creek,400560,0,Thursday,False
08/06/2026,00:20,23.0,66.4,4,100.0,2026-08-06 00:20:00,Stevens Creek,400560,0,Thursday,False
08/06/2026,00:25,27.0,67.2,4,100.0,2026-08-06 00:25:00,Stevens Creek,400560,0,Thursday,False
08/06/2026,00:30,21.0,67.2,4,100.0,2026-08-06 00:30:00,Stevens Creek,400560,0,Thursday,False
08/06/2026,00:35,29.0,68.0,4,100.0,2026-08-06 00:35:00,Stevens Creek,400560,0,Thursday,False
08/06/2026,00:40,26.0,65.5,4,100.0,2026-08-06 00:40:00,Stevens Creek,400560,0,Thursday,False
08/06/2026,00:45,19.0,67.1,4,100.0,2026-08-06 00:45:00,Stevens Creek,400560,0,Thursday,False
08/06/2026,00:50,27.0,66.2,4,100.0,2026-08-06 00:50:00,Stevens Creek,400560,0,Thursday,False
08/06/2026,00:55,13.0,65.6,4,100.0,2026-08-06 00:55:00,Stevens Creek,400560,0,Thursday,False
08/06/2026,01:00,12.0,68.5,4,100.0,2026-08-06 01:00:00,Stevens Creek,400560,1,Thursday,False
08/06/2026,01:05,15.0,66.9,4,100.0,2026-08-06 01:05:00,Stevens Creek,400560,1,Thursday,False
08/06/2026,01:10,19.0,67.4,4,100.0,2026-08-06 01:10:00,Stevens Creek,400560,1,Thursday,False
08/06/2026,01:15,19.0,67.9,4,100.0,2026-08-06 01:15:00,Stevens Creek,400560,1,Thursday,False
08/06/2026,01:20,8.0,68.0,4,100.0,2026-08-06 01:20:00,Stevens Creek,400560,1,Thursday,False
08/06/2026,01:25,16.0,67.3,4,100.0,2026-08-06 01:25:00,Stevens Creek,400560,1,Thursday,False
08/06/2026,01:30,13.0,67.8,4,100.0,2026-08-06 01:30:00,Stevens Creek,400560,1,Thursday,False
08/06/2026,01:35,16.0,67.1,4,100.0,2026-08-06 01:35:00,Stevens Creek,400560,1,Thursday,False
08/06/2026,01:40,15.0,68.0,4,100.0,2026-08-06 01:40:00,Stevens Creek,400560,1,Thursday,False
08/06/2026,01:45,12.0,67.3,4,100.0,2026-08-06 01:45:00,Stevens Creek,400560,1,Thursday,False
08/06/2026,01:50,12.0,66.6,4,100.0,2026-08-06 01:50:00,Stevens Creek,400560,1,Thursday,False
08/06/2026,01:55,16.0,68.1,4,100.0,2026-08-06 01:55:00,Stevens Creek,400560,1,Thursday,False
08/06/2026,02:00,10.0,68.4,4,100.0,2026-08-06 02:00:00,Stevens Creek,400560,2,Thursday,False
08/06/2026,02:05,11.0,67.1,4,100.0,2026-08-06 02:05:00,Stevens Creek,400560,2,Thursday,False
08/06/2026,02:10,15.0,67.0,4,100.0,2026-08-06 02:10:00,Stevens Creek,400560,2,Thursday,False
08/06/2026,02:15,10.0,67.3,4,100.0,2026-08-06 02:15:00,Stevens Creek,400560,2,Thursday,False
08/06/2026,02:20,9.0,66.6,4,100.0,2026-08-06 02:20:00,Stevens Creek,400560,2,Thursday,False
08/06/2026,02:25,8.0,65.7,4,100.0,2026-08-06 02:25:00,Stevens Creek,400560,2,Thursday,False
08/06/2026,02:30,12.0,66.7,4,100.0,2026-08-06 02:30:00,Stevens Creek,400560,2,Thursday,False
08/06/2026,02:35,23.0,67.2,4,100.0,2026-08-06 02:35:00,Stevens Creek,400560,2,Thursday,False
08/06/2026,02:40,14.0,67.4,4,100.0,2026-08-06 02:40:00,Stevens Creek,400560,2,Thursday,False
08/06/2026,02:45,21.0,67.8,4,100.0,2026-08-06 02:45:00,Stevens Creek,400560,2,Thursday,False
08/06/2026,02:50,15.0,65.6,4,100.0,2026-08-06 02:50:00,Stevens Creek,400560,2,Thursday,False
08/06/2026,02:55,15.0,66.6,4,100.0,2026-08-06 02:55:00,Stevens Creek,400560,2,Thursday,False
08/06/2026,03:00,17.0,68.0,4,100.0,2026-08-06 03:00:00,Stevens Creek,400560,3,Thursday,False
08/06/2026,03:05,13.0,67.1,4,100.0,2026-08-06 03:05:00,Stevens Creek,400560,3,Thursday,False
08/06/2026,03:10,12.0,67.0,4,100.0,2026-08-06 03:10:00,Stevens Creek,400560,3,Thursday,False
08/06/2026,03:15,15.0,67.7,4,100.0,2026-08-06 03:15:00,Stevens Creek,400560,3,Thursday,False
08/06/2026,03:20,10.0,67.6,4,100.0,2026-08-06 03:20:00,Stevens Creek,400560,3,Thursday,False
08/06/2026,03:25,22.0,67.4,4,100.0,2026-08-06 03:25:00,Stevens Creek,400560,3,Thursday,False
08/06/2026,03:30,24.0,67.9,4,100.0,2026-08-06 03:30:00,Stevens Creek,400560,3,Thursday,False
08/06/2026,03:35,22.0,67.8,4,100.0,2026-08-06 03:35:00,Stevens Creek,400560,3,Thursday,False
08/06/2026,03:40,36.0,67.1,4,100.0,2026-08-06 03:40:00,Stevens Creek,400560,3,Thursday,False
08/06/2026,03:45,21.0,68.3,4,100.0,2026-08-06 03:45:00,Stevens Creek,400560,3,Thursday,False
08/06/2026,03:50,39.0,67.9,4,100.0,2026-08-06 03:50:00,Stevens Creek,400560,3,Thursday,False
08/06/2026,03:55,28.0,67.3,4,100.0,2026-08-06 03:55:00,Stevens Creek,400560,3,Thursday,False
08/06/2026,04:00,23.0,66.8,4,100.0,2026-08-06 04:00:00,Stevens Creek,400560,4,Thursday,False
08/06/2026,04:05,27.0,68.7,4,100.0,2026-08-06 04:05:00,Stevens Creek,400560,4,Thursday,False
08/06/2026,04:10,40.0,68.1,4,100.0,2026-08-06 04:10:00,Stevens Creek,400560,4,Thursday,False
08/06/2026,04:15,35.0,68.3,4,100.0,2026-08-06 04:15:00,Stevens Creek,400560,4,Thursday,False
08/06/2026,04:20,33.0,67.0,4,100.0,2026-08-06 04:20:00,Stevens Creek,400560,4,Thursday,False
08/06/2026,04:25,43.0,67.2,4,100.0,2026-08-06 04:25:00,Stevens Creek,400560,4,Thursday,False
08/06/2026,04:30,37.0,68.6,4,100.0,2026-08-06 04:30:00,Stevens Creek,400560,4,Thursday,False
08/06/2026,04:35,73.0,67.4,4,100.0,2026-08-06 04:35:00,Stevens Creek,400560,4,Thursday,False
08/06/2026,04:40,76.0,67.8,4,100.0,2026-08-06 04:40:00,Stevens Creek,400560,4,Thursday,False
08/06/2026,04:45,88.0,68.6,4,100.0,2026-08-06 04:45:00,Stevens Creek,400560,4,Thursday,False
08/06/2026,04:50,92.0,69.0,4,100.0,2026-08-06 04:50:00,Stevens Creek,400560,4,Thursday,False
08/06/2026,04:55,88.0,68.9,4,100.0,2026-08-06 04:55:00,Stevens Creek,400560,4,Thursday,False
08/06/2026,05:00,93.0,68.9,4,100.0,2026-08-06 05:00:00,Stevens Creek,400560,5,Thursday,False
08/06/2026,05:05,56.0,70.0,4,100.0,2026-08-06 05:05:00,Stevens Creek,400560,5,Thursday,False
08/06/2026,05:10,107.0,68.6,4,100.0,2026-08-06 05:10:00,Stevens Creek,400560,5,Thursday,False
08/06/2026,05:15,141.0,68.9,4,100.0,2026-08-06 05:15:00,Stevens Creek,400560,5,Thursday,False
08/06/2026,05:20,182.0,70.2,4,100.0,2026-08-06 05:20:00,Stevens Creek,400560,5,Thursday,False
08/06/2026,05:25,164.0,70.4,4,100.0,2026-08-06 05:25:00,Stevens Creek,400560,5,Thursday,False
08/06/2026,05:30,181.0,70.0,4,100.0,2026-08-06 05:30:00,Stevens Creek,400560,5,Thursday,False
08/06/2026,05:35,228.0,68.8,4,100.0,2026-08-06 05:35:00,Stevens Creek,400560,5,Thursday,False
08/06/2026,05:40,247.0,69.4,4,100.0,2026-08-06 05:40:00,Stevens Creek,400560,5,Thursday,False
08/06/2026,05:45,276.0,69.4,4,100.0,2026-08-06 05:45:00,Stevens Creek,400560,5,Thursday,False
08/06/2026,05:50,257.0,69.6,4,100.0,2026-08-06 05:50:00,Stevens Creek,400560,5,Thursday,False
08/06/2026,05:55,266.0,67.3,4,100.0,2026-08-06 05:55:00,Stevens Creek,400560,5,Thursday,False
08/06/2026,06:00,235.0,66.7,4,100.0,2026-08-06 06:00:00,Stevens Creek,400560,6,Thursday,False
08/06/2026,06:05,256.0,64.7,4,100.0,2026-08-06 06:05:00,Stevens Creek,400560,6,Thursday,False
08/06/2026,06:10,294.0,66.0,4,100.0,2026-08-06 06:10:00,Stevens Creek,400560,6,Thursday,False
08/06/2026,06:15,336.0,66.9,4,100.0,2026-08-06 06:15:00,Stevens Creek,400560,6,Thursday,False
08/06/2026,06:20,349.0,67.0,4,100.0,2026-08-06 06:20:00,Stevens Creek,400560,6,Thursday,False
08/06/2026,06:25,358.0,65.9,4,100.0,2026-08-06 06:25:00,Stevens Creek,400560,6,Thursday,False
08/06/2026,06:30,358.0,66.1,4,100.0,2026-08-06 06:30:00,Stevens Creek,400560,6,Thursday,False
08/06/2026,06:35,440.0,65.6,4,100.0,2026-08-06 06:35:00,Stevens Creek,400560,6,Thursday,False
08/06/2026,06:40,505.0,63.6,4,100.0,2026-08-06 06:40:00,Stevens Creek,400560,6,Thursday,False
08/06/2026,06:45,538.0,63.0,4,100.0,2026-08-06 06:45:00,Stevens Creek,400560,6,Thursday,False
08/06/2026,06:50,520.0,62.0,4,100.0,2026-08-06 06:50:00,Stevens Creek,400560,6,Thursday,False
08/06/2026,06:55,529.0,63.6,4,100.0,2026-08-06 06:55:00,Stevens Creek,400560,6,Thursday,False
08/06/2026,07:00,504.0,57.6,4,100.0,2026-08-06 07:00:00,Stevens Creek,400560,7,Thursday,False
08/06/2026,07:05,568.0,54.6,4,100.0,2026-08-06 07:05:00,Stevens Creek,400560,7,Thursday,False
08/06/2026,07:10,565.0,55.6,4,100.0,2026-08-06 07:10:00,Stevens Creek,400560,7,Thursday,False
08/06/2026,07:15,570.0,54.5,4,100.0,2026-08-06 07:15:00,Stevens Creek,400560,7,Thursday,False
08/06/2026,07:20,577.0,54.3,4,100.0,2026-08-06 07:20:00,Stevens Creek,400560,7,Thursday,False
08/06/2026,07:25,543.0,51.3,4,100.0,2026-08-06 07:25:00,Stevens Creek,400560,7,Thursday,False
08/06/2026,07:30,587.0,48.9,4,100.0,2026-08-06 07:30:00,Stevens Creek,400560,7,Thursday,False
08/06/2026,07:35,579.0,46.6,4,100.0,2026-08-06 07:35:00,Stevens Creek,400560,7,Thursday,False
08/06/2026,07:40,553.0,45.7,4,100.0,2026-08-06 07:40:00,Stevens Creek,400560,7,Thursday,False
08/06/2026,07:45,556.0,46.1,4,100.0,2026-08-06 07:45:00,Stevens Creek,400560,7,Thursday,False
08/06/2026,07:50,583.0,48.3,4,100.0,2026-08-06 07:50:00,Stevens Creek,400560,7,Thursday,False
08/06/2026,07:55,561.0,49.5,4,100.0,2026-08-06 07:55:00,Stevens Creek,400560,7,Thursday,False
08/06/2026,08:00,531.0,50.1,4,100.0,2026-08-06 08:00:00,Stevens Creek,400560,8,Thursday,False
08/06/2026,08:05,485.0,52.2,4,100.0,2026-08-06 08:05:00,Stevens Creek,400560,8,Thursday,False
08/06/2026,08:10,520.0,51.0,4,100.0,2026-08-06 08:10:00,Stevens Creek,400560,8,Thursday,False
08/06/2026,08:15,545.0,53.5,4,100.0,2026-08-06 08:15:00,Stevens Creek,400560,8,Thursday,False
08/06/2026,08:20,543.0,53.7,4,100.0,2026-08-06 08:20:00,Stevens Creek,400560,8,Thursday,False
08/06/2026,08:25,477.0,55.3,4,100.0,2026-08-06 08:25:00,Stevens Creek,400560,8,Thursday,False
08/06/2026,08:30,547.0,53.8,4,100.0,2026-08-06 08:30:00,Stevens Creek,400560,8,Thursday,False
08/06/2026,08:35,565.0,54.3,4,100.0,2026-08-06 08:35:00,Stevens Creek,400560,8,Thursday,False
08/06/2026,08:40,546.0,51.3,4,100.0,2026-08-06 08:40:00,Stevens Creek,400560,8,Thursday,False
08/06/2026,08:45,531.0,53.3,4,100.0,2026-08-06 08:45:00,Stevens Creek,400560,8,Thursday,False
08/06/2026,08:50,533.0,54.5,4,100.0,2026-08-06 08:50:00,Stevens Creek,400560,8,Thursday,False
08/06/2026,08:55,565.0,55.6,4,100.0,2026-08-06 08:55:00,Stevens Creek,400560,8,Thursday,False
08/06/2026,09:00,531.0,56.1,4,100.0,2026-08-06 09:00:00,Stevens Creek,400560,9,Thursday,False
08/06/2026,09:05,364.0,56.2,4,100.0,2026-08-06 09:05:00,Stevens Creek,400560,9,Thursday,False
08/06/2026,09:10,490.0,56.6,4,100.0,2026-08-06 09:10:00,Stevens Creek,400560,9,Thursday,False
08/06/2026,09:15,524.0,55.3,4,100.0,2026-08-06 09:15:00,Stevens Creek,400560,9,Thursday,False
08/06/2026,09:20,511.0,56.8,4,100.0,2026-08-06 09:20:00,Stevens Creek,400560,9,Thursday,False
08/06/2026,09:25,564.0,54.8,4,100.0,2026-08-06 09:25:00,Stevens Creek,400560,9,Thursday,False
08/06/2026,09:30,555.0,55.0,4,100.0,2026-08-06 09:30:00,Stevens Creek,400560,9,Thursday,False
08/06/2026,09:35,586.0,54.6,4,100.0,2026-08-06 09:35:00,Stevens Creek,400560,9,Thursday,False
08/06/2026,09:40,590.0,52.5,4,100.0,2026-08-06 09:40:00,Stevens Creek,400560,9,Thursday,False
08/06/2026,09:45,591.0,52.4,4,100.0,2026-08-06 09:45:00,Stevens Creek,400560,9,Thursday,False
08/06/2026,09:50,529.0,55.7,4,100.0,2026-08-06 09:50:00,Stevens Creek,400560,9,Thursday,False
08/06/2026,09:55,546.0,57.3,4,100.0,2026-08-06 09:55:00,Stevens Creek,400560,9,Thursday,False
08/06/2026,10:00,516.0,58.7,4,100.0,2026-08-06 10:00:00,Stevens Creek,400560,10,Thursday,False
08/06/2026,10:05,528.0,57.9,4,100.0,2026-08-06 10:05:00,Stevens Creek,400560,10,Thursday,False
08/06/2026,10:10,509.0,58.2,4,100.0,2026-08-06 10:10:00,Stevens Creek,400560,10,Thursday,False
08/06/2026,10:15,542.0,56.3,4,100.0,2026-08-06 10:15:00,Stevens Creek,400560,10,Thursday,False
08/06/2026,10:20,515.0,56.9,4,100.0,2026-08-06 10:20:00,Stevens Creek,400560,10,Thursday,False
08/06/2026,10:25,511.0,57.8,4,100.0,2026-08-06 10:25:00,Stevens Creek,400560,10,Thursday,False
08/06/2026,10:30,512.0,58.4,4,100.0,2026-08-06 10:30:00,Stevens Creek,400560,10,Thursday,False
08/06/2026,10:35,456.0,58.9,4,100.0,2026-08-06 10:35:00,Stevens Creek,400560,10,Thursday,False
08/06/2026,10:40,497.0,58.9,4,100.0,2026-08-06 10:40:00,Stevens Creek,400560,10,Thursday,False
08/06/2026,10:45,500.0,58.8,4,100.0,2026-08-06 10:45:00,Stevens Creek,400560,10,Thursday,False
08/06/2026,10:50,502.0,58.7,4,100.0,2026-08-06 10:50:00,Stevens Creek,400560,10,Thursday,False
08/06/2026,10:55,454.0,57.9,4,100.0,2026-08-06 10:55:00,Stevens Creek,400560,10,Thursday,False
08/06/2026,11:00,457.0,59.1,4,100.0,2026-08-06 11:00:00,Stevens Creek,400560,11,Thursday,False
08/06/2026,11:05,479.0,60.1,4,100.0,2026-08-06 11:05:00,Stevens Creek,400560,11,Thursday,False
08/06/2026,11:10,467.0,61.1,4,100.0,2026-08-06 11:10:00,Stevens Creek,400560,11,Thursday,False
08/06/2026,11:15,425.0,61.8,4,100.0,2026-08-06 11:15:00,Stevens Creek,400560,11,Thursday,False
08/06/2026,11:20,478.0,62.2,4,100.0,2026-08-06 11:20:00,Stevens Creek,400560,11,Thursday,False
08/06/2026,11:25,409.0,61.5,4,100.0,2026-08-06 11:25:00,Stevens Creek,400560,11,Thursday,False
08/06/2026,11:30,420.0,62.5,4,100.0,2026-08-06 11:30:00,Stevens Creek,400560,11,Thursday,False
08/06/2026,11:35,414.0,62.2,4,100.0,2026-08-06 11:35:00,Stevens Creek,400560,11,Thursday,False
08/06/2026,11:40,416.0,62.1,4,100.0,2026-08-06 11:40:00,Stevens Creek,400560,11,Thursday,False
08/06/2026,11:45,408.0,62.6,4,100.0,2026-08-06 11:45:00,Stevens Creek,400560,11,Thursday,False
08/06/2026,11:50,422.0,62.5,4,100.0,2026-08-06 11:50:00,Stevens Creek,400560,11,Thursday,False
08/06/2026,11:55,366.0,63.2,4,100.0,2026-08-06 11:55:00,Stevens Creek,400560,11,Thursday,False
08/06/2026,12:00,330.0,62.9,4,100.0,2026-08-06 12:00:00,Stevens Creek,400560,12,Thursday,False
08/06/2026,12:05,333.0,63.6,4,100.0,2026-08-06 12:05:00,Stevens Creek,400560,12,Thursday,False
08/06/2026,12:10,345.0,64.0,4,100.0,2026-08-06 12:10:00,Stevens Creek,400560,12,Thursday,False
08/06/2026,12:15,387.0,63.4,4,100.0,2026-08-06 12:15:00,Stevens Creek,400560,12,Thursday,False
08/06/2026,12:20,361.0,64.0,4,100.0,2026-08-06 12:20:00,Stevens Creek,400560,12,Thursday,False
08/06/2026,12:25,344.0,63.6,4,100.0,2026-08-06 12:25:00,Stevens Creek,400560,12,Thursday,False
08/06/2026,12:30,399.0,62.4,4,100.0,2026-08-06 12:30:00,Stevens Creek,400560,12,Thursday,False
08/06/2026,12:35,317.0,62.5,4,100.0,2026-08-06 12:35:00,Stevens Creek,400560,12,Thursday,False
08/06/2026,12:40,371.0,62.4,4,100.0,2026-08-06 12:40:00,Stevens Creek,400560,12,Thursday,False
08/06/2026,12:45,379.0,63.2,4,100.0,2026-08-06 12:45:00,Stevens Creek,400560,12,Thursday,False
08/06/2026,12:50,357.0,63.8,4,100.0,2026-08-06 12:50:00,Stevens Creek,400560,12,Thursday,False
08/06/2026,12:55,317.0,63.8,4,100.0,2026-08-06 12:55:00,Stevens Creek,400560,12,Thursday,False
08/06/2026,13:00,305.0,63.9,4,100.0,2026-08-06 13:00:00,Stevens Creek,400560,13,Thursday,False
08/06/2026,13:05,312.0,63.4,4,100.0,2026-08-06 13:05:00,Stevens Creek,400560,13,Thursday,False
08/06/2026,13:10,333.0,62.5,4,100.0,2026-08-06 13:10:00,Stevens Creek,400560,13,Thursday,False
08/06/2026,13:15,329.0,63.5,4,100.0,2026-08-06 13:15:00,Stevens Creek,400560,13,Thursday,False
08/06/2026,13:20,342.0,63.2,4,100.0,2026-08-06 13:20:00,Stevens Creek,400560,13,Thursday,False
08/06/2026,13:25,321.0,65.0,4,100.0,2026-08-06 13:25:00,Stevens Creek,400560,13,Thursday,False
08/06/2026,13:30,365.0,65.2,4,100.0,2026-08-06 13:30:00,Stevens Creek,400560,13,Thursday,False
08/06/2026,13:35,345.0,65.1,4,100.0,2026-08-06 13:35:00,Stevens Creek,400560,13,Thursday,False
08/06/2026,13:40,316.0,65.4,4,100.0,2026-08-06 13:40:00,Stevens Creek,400560,13,Thursday,False
08/06/2026,13:45,316.0,64.4,4,100.0,2026-08-06 13:45:00,Stevens Creek,400560,13,Thursday,False
08/06/2026,13:50,351.0,64.0,4,100.0,2026-08-06 13:50:00,Stevens Creek,400560,13,Thursday,False
08/06/2026,13:55,342.0,64.1,4,100.0,2026-08-06 13:55:00,Stevens Creek,400560,13,Thursday,False
08/06/2026,14:00,327.0,63.9,4,100.0,2026-08-06 14:00:00,Stevens Creek,400560,14,Thursday,False
08/06/2026,14:05,327.0,64.3,4,100.0,2026-08-06 14:05:00,Stevens Creek,400560,14,Thursday,False
08/06/2026,14:10,319.0,63.2,4,100.0,2026-08-06 14:10:00,Stevens Creek,400560,14,Thursday,False
08/06/2026,14:15,310.0,64.2,4,100.0,2026-08-06 14:15:00,Stevens Creek,400560,14,Thursday,False
08/06/2026,14:20,382.0,63.7,4,100.0,2026-08-06 14:20:00,Stevens Creek,400560,14,Thursday,False
08/06/2026,14:25,341.0,65.2,4,100.0,2026-08-06 14:25:00,Stevens Creek,400560,14,Thursday,False
08/06/2026,14:30,321.0,66.6,4,100.0,2026-08-06 14:30:00,Stevens Creek,400560,14,Thursday,False
08/06/2026,14:35,344.0,65.5,4,100.0,2026-08-06 14:35:00,Stevens Creek,400560,14,Thursday,False
08/06/2026,14:40,363.0,65.0,4,100.0,2026-08-06 14:40:00,Stevens Creek,400560,14,Thursday,False
08/06/2026,14:45,376.0,65.2,4,100.0,2026-08-06 14:45:00,Stevens Creek,400560,14,Thursday,False
08/06/2026,14:50,389.0,64.8,4,100.0,2026-08-06 14:50:00,Stevens Creek,400560,14,Thursday,False
08/06/2026,14:55,350.0,65.0,4,100.0,2026-08-06 14:55:00,Stevens Creek,400560,14,Thursday,False
08/06/2026,15:00,287.0,64.5,4,100.0,2026-08-06 15:00:00,Stevens Creek,400560,15,Thursday,False
08/06/2026,15:05,362.0,64.2,4,100.0,2026-08-06 15:05:00,Stevens Creek,400560,15,Thursday,False
08/06/2026,15:10,333.0,64.2,4,100.0,2026-08-06 15:10:00,Stevens Creek,400560,15,Thursday,False
08/06/2026,15:15,338.0,64.6,4,100.0,2026-08-06 15:15:00,Stevens Creek,400560,15,Thursday,False
08/06/2026,15:20,357.0,63.8,4,100.0,2026-08-06 15:20:00,Stevens Creek,400560,15,Thursday,False
08/06/2026,15:25,374.0,63.0,4,100.0,2026-08-06 15:25:00,Stevens Creek,400560,15,Thursday,False
08/06/2026,15:30,363.0,62.0,4,100.0,2026-08-06 15:30:00,Stevens Creek,400560,15,Thursday,False
08/06/2026,15:35,261.0,60.7,4,100.0,2026-08-06 15:35:00,Stevens Creek,400560,15,Thursday,False
08/06/2026,15:40,357.0,62.5,4,100.0,2026-08-06 15:40:00,Stevens Creek,400560,15,Thursday,False
08/06/2026,15:45,361.0,63.0,4,100.0,2026-08-06 15:45:00,Stevens Creek,400560,15,Thursday,False
08/06/2026,15:50,377.0,62.6,4,100.0,2026-08-06 15:50:00,Stevens Creek,400560,15,Thursday,False
08/06/2026,15:55,369.0,63.5,4,100.0,2026-08-06 15:55:00,Stevens Creek,400560,15,Thursday,False
08/06/2026,16:00,334.0,63.7,4,100.0,2026-08-06 16:00:00,Stevens Creek,400560,16,Thursday,False
08/06/2026,16:05,353.0,63.5,4,100.0,2026-08-06 16:05:00,Stevens Creek,400560,16,Thursday,False
08/06/2026,16:10,385.0,63.9,4,100.0,2026-08-06 16:10:00,Stevens Creek,400560,16,Thursday,False
08/06/2026,16:15,419.0,63.3,4,100.0,2026-08-06 16:15:00,Stevens Creek,400560,16,Thursday,False
08/06/2026,16:20,443.0,63.4,4,100.0,2026-08-06 16:20:00,Stevens Creek,400560,16,Thursday,False
08/06/2026,16:25,390.0,64.0,4,100.0,2026-08-06 16:25:00,Stevens Creek,400560,16,Thursday,False
08/06/2026,16:30,390.0,64.6,4,100.0,2026-08-06 16:30:00,Stevens Creek,400560,16,Thursday,False
08/06/2026,16:35,389.0,64.3,4,100.0,2026-08-06 16:35:00,Stevens Creek,400560,16,Thursday,False
08/06/2026,16:40,377.0,63.4,4,100.0,2026-08-06 16:40:00,Stevens Creek,400560,16,Thursday,False
08/06/2026,16:45,413.0,63.5,4,100.0,2026-08-06 16:45:00,Stevens Creek,400560,16,Thursday,False
08/06/2026,16:50,399.0,64.9,4,100.0,2026-08-06 16:50:00,Stevens Creek,400560,16,Thursday,False
08/06/2026,16:55,418.0,64.8,4,100.0,2026-08-06 16:55:00,Stevens Creek,400560,16,Thursday,False
08/06/2026,17:00,359.0,65.1,4,100.0,2026-08-06 17:00:00,Stevens Creek,400560,17,Thursday,False
08/06/2026,17:05,381.0,63.9,4,100.0,2026-08-06 17:05:00,Stevens Creek,400560,17,Thursday,False
08/06/2026,17:10,391.0,65.5,4,100.0,2026-08-06 17:10:00,Stevens Creek,400560,17,Thursday,False
08/06/2026,17:15,409.0,65.0,4,100.0,2026-08-06 17:15:00,Stevens Creek,400560,17,Thursday,False
08/06/2026,17:20,435.0,64.0,4,100.0,2026-08-06 17:20:00,Stevens Creek,400560,17,Thursday,False
08/06/2026,17:25,406.0,64.4,4,100.0,2026-08-06 17:25:00,Stevens Creek,400560,17,Thursday,False
08/06/2026,17:30,410.0,65.3,4,100.0,2026-08-06 17:30:00,Stevens Creek,400560,17,Thursday,False
08/06/2026,17:35,387.0,65.3,4,100.0,2026-08-06 17:35:00,Stevens Creek,400560,17,Thursday,False
08/06/2026,17:40,408.0,63.8,4,100.0,2026-08-06 17:40:00,Stevens Creek,400560,17,Thursday,False
08/06/2026,17:45,467.0,64.5,4,100.0,2026-08-06 17:45:00,Stevens Creek,400560,17,Thursday,False
08/06/2026,17:50,460.0,64.7,4,100.0,2026-08-06 17:50:00,Stevens Creek,400560,17,Thursday,False
08/06/2026,17:55,391.0,65.3,4,100.0,2026-08-06 17:55:00,Stevens Creek,400560,17,Thursday,False
08/06/2026,18:00,387.0,66.2,4,100.0,2026-08-06 18:00:00,Stevens Creek,400560,18,Thursday,False
08/06/2026,18:05,345.0,66.4,4,100.0,2026-08-06 18:05:00,Stevens Creek,400560,18,Thursday,False
08/06/2026,18:10,374.0,65.8,4,100.0,2026-08-06 18:10:00,Stevens Creek,400560,18,Thursday,False
08/06/2026,18:15,373.0,66.0,4,100.0,2026-08-06 18:15:00,Stevens Creek,400560,18,Thursday,False
08/06/2026,18:20,399.0,65.8,4,100.0,2026-08-06 18:20:00,Stevens Creek,400560,18,Thursday,False
08/06/2026,18:25,365.0,65.0,4,100.0,2026-08-06 18:25:00,Stevens Creek,400560,18,Thursday,False
08/06/2026,18:30,350.0,64.9,4,100.0,2026-08-06 18:30:00,Stevens Creek,400560,18,Thursday,False
08/06/2026,18:35,357.0,64.8,4,100.0,2026-08-06 18:35:00,Stevens Creek,400560,18,Thursday,False
08/06/2026,18:40,362.0,65.2,4,100.0,2026-08-06 18:40:00,Stevens Creek,400560,18,Thursday,False
08/06/2026,18:45,377.0,65.6,4,100.0,2026-08-06 18:45:00,Stevens Creek,400560,18,Thursday,False
08/06/2026,18:50,338.0,65.9,4,100.0,2026-08-06 18:50:00,Stevens Creek,400560,18,Thursday,False
08/06/2026,18:55,326.0,66.9,4,100.0,2026-08-06 18:55:00,Stevens Creek,400560,18,Thursday,False
08/06/2026,19:00,303.0,66.0,4,100.0,2026-08-06 19:00:00,Stevens Creek,400560,19,Thursday,False
08/06/2026,19:05,311.0,66.2,4,100.0,2026-08-06 19:05:00,Stevens Creek,400560,19,Thursday,False
08/06/2026,19:10,270.0,66.7,4,100.0,2026-08-06 19:10:00,Stevens Creek,400560,19,Thursday,False
08/06/2026,19:15,310.0,66.3,4,100.0,2026-08-06 19:15:00,Stevens Creek,400560,19,Thursday,False
08/06/2026,19:20,312.0,66.9,4,100.0,2026-08-06 19:20:00,Stevens Creek,400560,19,Thursday,False
08/06/2026,19:25,300.0,65.7,4,100.0,2026-08-06 19:25:00,Stevens Creek,400560,19,Thursday,False
08/06/2026,19:30,254.0,66.3,4,100.0,2026-08-06 19:30:00,Stevens Creek,400560,19,Thursday,False
08/06/2026,19:35,258.0,65.5,4,100.0,2026-08-06 19:35:00,Stevens Creek,400560,19,Thursday,False
08/06/2026,19:40,252.0,66.3,4,100.0,2026-08-06 19:40:00,Stevens Creek,400560,19,Thursday,False
08/06/2026,19:45,253.0,65.6,4,100.0,2026-08-06 19:45:00,Stevens Creek,400560,19,Thursday,False
08/06/2026,19:50,233.0,65.9,4,100.0,2026-08-06 19:50:00,Stevens Creek,400560,19,Thursday,False
08/06/2026,19:55,255.0,65.8,4,100.0,2026-08-06 19:55:00,Stevens Creek,400560,19,Thursday,False
08/06/2026,20:00,224.0,67.2,4,100.0,2026-08-06 20:00:00,Stevens Creek,400560,20,Thursday,False
08/06/2026,20:05,202.0,68.7,4,100.0,2026-08-06 20:05:00,Stevens Creek,400560,20,Thursday,False
08/06/2026,20:10,196.0,68.8,4,100.0,2026-08-06 20:10:00,Stevens Creek,400560,20,Thursday,False
08/06/2026,20:15,240.0,67.9,4,100.0,2026-08-06 20:15:00,Stevens Creek,400560,20,Thursday,False
08/06/2026,20:20,247.0,68.1,4,100.0,2026-08-06 20:20:00,Stevens Creek,400560,20,Thursday,False
08/06/2026,20:25,233.0,67.7,4,100.0,2026-08-06 20:25:00,Stevens Creek,400560,20,Thursday,False
08/06/2026,20:30,203.0,67.1,4,100.0,2026-08-06 20:30:00,Stevens Creek,400560,20,Thursday,False
08/06/2026,20:35,205.0,67.9,4,100.0,2026-08-06 20:35:00,Stevens Creek,400560,20,Thursday,False
08/06/2026,20:40,197.0,67.7,4,100.0,2026-08-06 20:40:00,Stevens Creek,400560,20,Thursday,False
08/06/2026,20:45,258.0,67.1,4,100.0,2026-08-06 20:45:00,Stevens Creek,400560,20,Thursday,False
08/06/2026,20:50,217.0,68.1,4,100.0,2026-08-06 20:50:00,Stevens Creek,400560,20,Thursday,False
08/06/2026,20:55,170.0,68.3,4,100.0,2026-08-06 20:55:00,Stevens Creek,400560,20,Thursday,False
08/06/2026,21:00,172.0,68.5,4,100.0,2026-08-06 21:00:00,Stevens Creek,400560,21,Thursday,False
08/06/2026,21:05,197.0,69.2,4,100.0,2026-08-06 21:05:00,Stevens Creek,400560,21,Thursday,False
08/06/2026,21:10,162.0,69.0,4,100.0,2026-08-06 21:10:00,Stevens Creek,400560,21,Thursday,False
08/06/2026,21:15,215.0,68.7,4,100.0,2026-08-06 21:15:00,Stevens Creek,400560,21,Thursday,False
08/06/2026,21:20,205.0,67.4,4,100.0,2026-08-06 21:20:00,Stevens Creek,400560,21,Thursday,False
08/06/2026,21:25,208.0,69.3,4,100.0,2026-08-06 21:25:00,Stevens Creek,400560,21,Thursday,False
08/06/2026,21:30,226.0,69.6,4,100.0,2026-08-06 21:30:00,Stevens Creek,400560,21,Thursday,False
08/06/2026,21:35,193.0,69.3,4,100.0,2026-08-06 21:35:00,Stevens Creek,400560,21,Thursday,False
08/06/2026,21:40,158.0,69.3,4,100.0,2026-08-06 21:40:00,Stevens Creek,400560,21,Thursday,False
08/06/2026,21:45,205.0,68.9,4,100.0,2026-08-06 21:45:00,Stevens Creek,400560,21,Thursday,False
08/06/2026,21:50,182.0,69.2,4,100.0,2026-08-06 21:50:00,Stevens Creek,400560,21,Thursday,False
08/06/2026,21:55,163.0,68.8,4,100.0,2026-08-06 21:55:00,Stevens Creek,400560,21,Thursday,False
08/06/2026,22:00,173.0,69.7,4,100.0,2026-08-06 22:00:00,Stevens Creek,400560,22,Thursday,False
08/06/2026,22:05,132.0,70.6,4,100.0,2026-08-06 22:05:00,Stevens Creek,400560,22,Thursday,False
08/06/2026,22:10,159.0,70.1,4,100.0,2026-08-06 22:10:00,Stevens Creek,400560,22,Thursday,False
08/06/2026,22:15,152.0,70.6,4,100.0,2026-08-06 22:15:00,Stevens Creek,400560,22,Thursday,False
08/06/2026,22:20,122.0,70.7,4,100.0,2026-08-06 22:20:00,Stevens Creek,400560,22,Thursday,False
08/06/2026,22:25,134.0,70.3,4,100.0,2026-08-06 22:25:00,Stevens Creek,400560,22,Thursday,False
08/06/2026,22:30,106.0,69.4,4,100.0,2026-08-06 22:30:00,Stevens Creek,400560,22,Thursday,False
08/06/2026,22:35,115.0,70.0,4,100.0,2026-08-06 22:35:00,Stevens Creek,400560,22,Thursday,False
08/06/2026,22:40,92.0,69.2,4,100.0,2026-08-06 22:40:00,Stevens Creek,400560,22,Thursday,False
08/06/2026,22:45,103.0,69.8,4,100.0,2026-08-06 22:45:00,Stevens Creek,400560,22,Thursday,False
08/06/2026,22:50,115.0,69.3,4,100.0,2026-08-06 22:50:00,Stevens Creek,400560,22,Thursday,False
08/06/2026,22:55,103.0,69.3,4,100.0,2026-08-06 22:55:00,Stevens Creek,400560,22,Thursday,False
08/06/2026,23:00,83.0,68.9,4,100.0,2026-08-06 23:00:00,Stevens Creek,400560,23,Thursday,False
08/06/2026,23:05,59.0,68.3,4,100.0,2026-08-06 23:05:00,Stevens Creek,400560,23,Thursday,False
08/06/2026,23:10,80.0,68.5,4,100.0,2026-08-06 23:10:00,Stevens Creek,400560,23,Thursday,False
08/06/2026,23:15,65.0,69.1,4,100.0,2026-08-06 23:15:00,Stevens Creek,400560,23,Thursday,False
08/06/2026,23:20,67.0,68.6,4,100.0,2026-08-06 23:20:00,Stevens Creek,400560,23,Thursday,False
08/06/2026,23:25,67.0,69.2,4,100.0,2026-08-06 23:25:00,Stevens Creek,400560,23,Thursday,False
08/06/2026,23:30,54.0,67.2,4,100.0,2026-08-06 23:30:00,Stevens Creek,400560,23,Thursday,False
08/06/2026,23:35,69.0,68.4,4,100.0,2026-08-06 23:35:00,Stevens Creek,400560,23,Thursday,False
08/06/2026,23:40,64.0,68.5,4,100.0,2026-08-06 23:40:00,Stevens Creek,400560,23,Thursday,False
08/06/2026,23:45,53.0,68.1,4,100.0,2026-08-06 23:45:00,Stevens Creek,400560,23,Thursday,False
08/06/2026,23:50,52.0,67.4,4,100.0,2026-08-06 23:50:00,Stevens Creek,400560,23,Thursday,False
08/06/2026,23:55,45.0,68.2,4,100.0,2026-08-06 23:55:00,Stevens Creek,400560,23,Thursday,False
08/07/2026,00:00,40.0,68.6,4,100.0,2026-08-07 00:00:00,Stevens Creek,400560,0,Friday,False
08/07/2026,00:05,39.0,67.8,4,100.0,2026-08-07 00:05:00,Stevens Creek,400560,0,Friday,False
08/07/2026,00:10,38.0,68.1,4,100.0,2026-08-07 00:10:00,Stevens Creek,400560,0,Friday,False
08/07/2026,00:15,33.0,68.5,4,100.0,2026-08-07 00:15:00,Stevens Creek,400560,0,Friday,False
08/07/2026,00:20,35.0,68.1,4,100.0,2026-08-07 00:20:00,Stevens Creek,400560,0,Friday,False
08/07/2026,00:25,36.0,68.7,4,100.0,2026-08-07 00:25:00,Stevens Creek,400560,0,Friday,False
08/07/2026,00:30,31.0,68.2,4,100.0,2026-08-07 00:30:00,Stevens Creek,400560,0,Friday,False
08/07/2026,00:35,29.0,66.3,4,100.0,2026-08-07 00:35:00,Stevens Creek,400560,0,Friday,False
08/07/2026,00:40,20.0,68.3,4,100.0,2026-08-07 00:40:00,Stevens Creek,400560,0,Friday,False
08/07/2026,00:45,33.0,68.2,4,100.0,2026-08-07 00:45:00,Stevens Creek,400560,0,Friday,False
08/07/2026,00:50,29.0,66.9,4,100.0,2026-08-07 00:50:00,Stevens Creek,400560,0,Friday,False
08/07/2026,00:55,29.0,67.1,4,100.0,2026-08-07 00:55:00,Stevens Creek,400560,0,Friday,False
08/07/2026,01:00,20.0,67.4,4,100.0,2026-08-07 01:00:00,Stevens Creek,400560,1,Friday,False
08/07/2026,01:05,19.0,66.6,4,100.0,2026-08-07 01:05:00,Stevens Creek,400560,1,Friday,False
08/07/2026,01:10,19.0,66.9,4,100.0,2026-08-07 01:10:00,Stevens Creek,400560,1,Friday,False
08/07/2026,01:15,21.0,66.9,4,100.0,2026-08-07 01:15:00,Stevens Creek,400560,1,Friday,False
08/07/2026,01:20,13.0,67.6,4,100.0,2026-08-07 01:20:00,Stevens Creek,400560,1,Friday,False
08/07/2026,01:25,22.0,66.5,4,100.0,2026-08-07 01:25:00,Stevens Creek,400560,1,Friday,False
08/07/2026,01:30,16.0,67.8,4,100.0,2026-08-07 01:30:00,Stevens Creek,400560,1,Friday,False
08/07/2026,01:35,7.0,65.2,4,100.0,2026-08-07 01:35:00,Stevens Creek,400560,1,Friday,False
08/07/2026,01:40,19.0,66.2,4,100.0,2026-08-07 01:40:00,Stevens Creek,400560,1,Friday,False
08/07/2026,01:45,16.0,68.3,4,100.0,2026-08-07 01:45:00,Stevens Creek,400560,1,Friday,False
08/07/2026,01:50,12.0,67.3,4,100.0,2026-08-07 01:50:00,Stevens Creek,400560,1,Friday,False
08/07/2026,01:55,11.0,68.2,4,100.0,2026-08-07 01:55:00,Stevens Creek,400560,1,Friday,False
08/07/2026,02:00,10.0,67.4,4,100.0,2026-08-07 02:00:00,Stevens Creek,400560,2,Friday,False
08/07/2026,02:05,18.0,67.8,4,100.0,2026-08-07 02:05:00,Stevens Creek,400560,2,Friday,False
08/07/2026,02:10,16.0,67.9,4,100.0,2026-08-07 02:10:00,Stevens Creek,400560,2,Friday,False
08/07/2026,02:15,14.0,68.9,4,100.0,2026-08-07 02:15:00,Stevens Creek,400560,2,Friday,False
08/07/2026,02:20,9.0,68.5,4,100.0,2026-08-07 02:20:00,Stevens Creek,400560,2,Friday,False
08/07/2026,02:25,11.0,68.2,4,100.0,2026-08-07 02:25:00,Stevens Creek,400560,2,Friday,False
08/07/2026,02:30,16.0,66.5,4,100.0,2026-08-07 02:30:00,Stevens Creek,400560,2,Friday,False
08/07/2026,02:35,12.0,65.9,4,100.0,2026-08-07 02:35:00,Stevens Creek,400560,2,Friday,False
08/07/2026,02:40,17.0,68.4,4,100.0,2026-08-07 02:40:00,Stevens Creek,400560,2,Friday,False
08/07/2026,02:45,15.0,67.6,4,100.0,2026-08-07 02:45:00,Stevens Creek,400560,2,Friday,False
08/07/2026,02:50,10.0,65.8,4,100.0,2026-08-07 02:50:00,Stevens Creek,400560,2,Friday,False
08/07/2026,02:55,16.0,68.3,4,100.0,2026-08-07 02:55:00,Stevens Creek,400560,2,Friday,False
08/07/2026,03:00,19.0,67.4,4,100.0,2026-08-07 03:00:00,Stevens Creek,400560,3,Friday,False
08/07/2026,03:05,14.0,67.5,4,100.0,2026-08-07 03:05:00,Stevens Creek,400560,3,Friday,False
08/07/2026,03:10,10.0,66.5,4,100.0,2026-08-07 03:10:00,Stevens Creek,400560,3,Friday,False
08/07/2026,03:15,22.0,67.6,4,100.0,2026-08-07 03:15:00,Stevens Creek,400560,3,Friday,False
08/07/2026,03:20,12.0,67.7,4,100.0,2026-08-07 03:20:00,Stevens Creek,400560,3,Friday,False
08/07/2026,03:25,20.0,67.6,4,100.0,2026-08-07 03:25:00,Stevens Creek,400560,3,Friday,False
08/07/2026,03:30,14.0,68.1,4,100.0,2026-08-07 03:30:00,Stevens Creek,400560,3,Friday,False
08/07/2026,03:35,15.0,69.2,4,100.0,2026-08-07 03:35:00,Stevens Creek,400560,3,Friday,False
08/07/2026,03:40,23.0,68.1,4,100.0,2026-08-07 03:40:00,Stevens Creek,400560,3,Friday,False
08/07/2026,03:45,13.0,67.4,4,100.0,2026-08-07 03:45:00,Stevens Creek,400560,3,Friday,False
08/07/2026,03:50,35.0,68.0,4,100.0,2026-08-07 03:50:00,Stevens Creek,400560,3,Friday,False
08/07/2026,03:55,39.0,68.1,4,100.0,2026-08-07 03:55:00,Stevens Creek,400560,3,Friday,False
08/07/2026,04:00,28.0,68.7,4,100.0,2026-08-07 04:00:00,Stevens Creek,400560,4,Friday,False
08/07/2026,04:05,32.0,67.3,4,100.0,2026-08-07 04:05:00,Stevens Creek,400560,4,Friday,False
08/07/2026,04:10,26.0,67.3,4,100.0,2026-08-07 04:10:00,Stevens Creek,400560,4,Friday,False
08/07/2026,04:15,35.0,67.5,4,100.0,2026-08-07 04:15:00,Stevens Creek,400560,4,Friday,False
08/07/2026,04:20,30.0,67.4,4,100.0,2026-08-07 04:20:00,Stevens Creek,400560,4,Friday,False
08/07/2026,04:25,33.0,66.8,4,100.0,2026-08-07 04:25:00,Stevens Creek,400560,4,Friday,False
08/07/2026,04:30,47.0,68.5,4,100.0,2026-08-07 04:30:00,Stevens Creek,400560,4,Friday,False
08/07/2026,04:35,61.0,67.5,4,100.0,2026-08-07 04:35:00,Stevens Creek,400560,4,Friday,False
08/07/2026,04:40,95.0,68.3,4,100.0,2026-08-07 04:40:00,Stevens Creek,400560,4,Friday,False
08/07/2026,04:45,78.0,68.4,4,100.0,2026-08-07 04:45:00,Stevens Creek,400560,4,Friday,False
08/07/2026,04:50,80.0,68.1,4,100.0,2026-08-07 04:50:00,Stevens Creek,400560,4,Friday,False
08/07/2026,04:55,81.0,68.8,4,100.0,2026-08-07 04:55:00,Stevens Creek,400560,4,Friday,False
08/07/2026,05:00,61.0,68.0,4,100.0,2026-08-07 05:00:00,Stevens Creek,400560,5,Friday,False
08/07/2026,05:05,83.0,68.8,4,100.0,2026-08-07 05:05:00,Stevens Creek,400560,5,Friday,False
08/07/2026,05:10,129.0,68.0,4,100.0,2026-08-07 05:10:00,Stevens Creek,400560,5,Friday,False
08/07/2026,05:15,127.0,68.7,4,100.0,2026-08-07 05:15:00,Stevens Creek,400560,5,Friday,False
08/07/2026,05:20,139.0,70.1,4,100.0,2026-08-07 05:20:00,Stevens Creek,400560,5,Friday,False
08/07/2026,05:25,158.0,70.6,4,100.0,2026-08-07 05:25:00,Stevens Creek,400560,5,Friday,False
08/07/2026,05:30,180.0,71.7,4,100.0,2026-08-07 05:30:00,Stevens Creek,400560,5,Friday,False
08/07/2026,05:35,195.0,70.1,4,100.0,2026-08-07 05:35:00,Stevens Creek,400560,5,Friday,False
08/07/2026,05:40,253.0,70.0,4,100.0,2026-08-07 05:40:00,Stevens Creek,400560,5,Friday,False
08/07/2026,05:45,266.0,72.3,4,100.0,2026-08-07 05:45:00,Stevens Creek,400560,5,Friday,False
08/07/2026,05:50,264.0,70.2,4,100.0,2026-08-07 05:50:00,Stevens Creek,400560,5,Friday,False
08/07/2026,05:55,215.0,69.8,4,100.0,2026-08-07 05:55:00,Stevens Creek,400560,5,Friday,False
08/07/2026,06:00,222.0,68.3,4,100.0,2026-08-07 06:00:00,Stevens Creek,400560,6,Friday,False
08/07/2026,06:05,224.0,67.5,4,100.0,2026-08-07 06:05:00,Stevens Creek,400560,6,Friday,False
08/07/2026,06:10,265.0,65.3,4,100.0,2026-08-07 06:10:00,Stevens Creek,400560,6,Friday,False
08/07/2026,06:15,318.0,66.8,4,100.0,2026-08-07 06:15:00,Stevens Creek,400560,6,Friday,False
08/07/2026,06:20,306.0,66.1,4,100.0,2026-08-07 06:20:00,Stevens Creek,400560,6,Friday,False
08/07/2026,06:25,293.0,66.7,4,100.0,2026-08-07 06:25:00,Stevens Creek,400560,6,Friday,False
08/07/2026,06:30,348.0,65.5,4,100.0,2026-08-07 06:30:00,Stevens Creek,400560,6,Friday,False
08/07/2026,06:35,329.0,66.1,4,100.0,2026-08-07 06:35:00,Stevens Creek,400560,6,Friday,False
08/07/2026,06:40,411.0,64.4,4,100.0,2026-08-07 06:40:00,Stevens Creek,400560,6,Friday,False
08/07/2026,06:45,444.0,63.5,4,100.0,2026-08-07 06:45:00,Stevens Creek,400560,6,Friday,False
08/07/2026,06:50,481.0,62.8,4,100.0,2026-08-07 06:50:00,Stevens Creek,400560,6,Friday,False
08/07/2026,06:55,472.0,63.5,4,100.0,2026-08-07 06:55:00,Stevens Creek,400560,6,Friday,False
08/07/2026,07:00,438.0,61.9,4,100.0,2026-08-07 07:00:00,Stevens Creek,400560,7,Friday,False
08/07/2026,07:05,457.0,60.0,4,100.0,2026-08-07 07:05:00,Stevens Creek,400560,7,Friday,False
08/07/2026,07:10,548.0,58.4,4,100.0,2026-08-07 07:10:00,Stevens Creek,400560,7,Friday,False
08/07/2026,07:15,521.0,57.2,4,100.0,2026-08-07 07:15:00,Stevens Creek,400560,7,Friday,False
08/07/2026,07:20,525.0,56.4,4,100.0,2026-08-07 07:20:00,Stevens Creek,400560,7,Friday,False
08/07/2026,07:25,507.0,55.4,4,100.0,2026-08-07 07:25:00,Stevens Creek,400560,7,Friday,False
08/07/2026,07:30,541.0,54.9,4,100.0,2026-08-07 07:30:00,Stevens Creek,400560,7,Friday,False
08/07/2026,07:35,527.0,54.6,4,100.0,2026-08-07 07:35:00,Stevens Creek,400560,7,Friday,False
08/07/2026,07:40,500.0,55.6,4,100.0,2026-08-07 07:40:00,Stevens Creek,400560,7,Friday,False
08/07/2026,07:45,541.0,55.2,4,100.0,2026-08-07 07:45:00,Stevens Creek,400560,7,Friday,False
08/07/2026,07:50,482.0,55.8,4,100.0,2026-08-07 07:50:00,Stevens Creek,400560,7,Friday,False
08/07/2026,07:55,397.0,57.6,4,100.0,2026-08-07 07:55:00,Stevens Creek,400560,7,Friday,False
08/07/2026,08:00,333.0,58.7,4,100.0,2026-08-07 08:00:00,Stevens Creek,400560,8,Friday,False
08/07/2026,08:05,391.0,59.3,4,100.0,2026-08-07 08:05:00,Stevens Creek,400560,8,Friday,False
08/07/2026,08:10,427.0,59.5,4,100.0,2026-08-07 08:10:00,Stevens Creek,400560,8,Friday,False
08/07/2026,08:15,410.0,59.4,4,100.0,2026-08-07 08:15:00,Stevens Creek,400560,8,Friday,False
08/07/2026,08:20,467.0,58.9,4,100.0,2026-08-07 08:20:00,Stevens Creek,400560,8,Friday,False
08/07/2026,08:25,477.0,59.7,4,100.0,2026-08-07 08:25:00,Stevens Creek,400560,8,Friday,False
08/07/2026,08:30,432.0,59.0,4,100.0,2026-08-07 08:30:00,Stevens Creek,400560,8,Friday,False
08/07/2026,08:35,472.0,59.4,4,100.0,2026-08-07 08:35:00,Stevens Creek,400560,8,Friday,False
08/07/2026,08:40,463.0,59.8,4,100.0,2026-08-07 08:40:00,Stevens Creek,400560,8,Friday,False
08/07/2026,08:45,511.0,59.9,4,100.0,2026-08-07 08:45:00,Stevens Creek,400560,8,Friday,False
08/07/2026,08:50,460.0,60.7,4,100.0,2026-08-07 08:50:00,Stevens Creek,400560,8,Friday,False
08/07/2026,08:55,466.0,60.7,4,100.0,2026-08-07 08:55:00,Stevens Creek,400560,8,Friday,False
08/07/2026,09:00,455.0,60.9,4,100.0,2026-08-07 09:00:00,Stevens Creek,400560,9,Friday,False
08/07/2026,09:05,447.0,61.3,4,100.0,2026-08-07 09:05:00,Stevens Creek,400560,9,Friday,False
08/07/2026,09:10,438.0,61.6,4,100.0,2026-08-07 09:10:00,Stevens Creek,400560,9,Friday,False
08/07/2026,09:15,471.0,60.6,4,100.0,2026-08-07 09:15:00,Stevens Creek,400560,9,Friday,False
08/07/2026,09:20,462.0,60.7,4,100.0,2026-08-07 09:20:00,Stevens Creek,400560,9,Friday,False
08/07/2026,09:25,420.0,60.3,4,100.0,2026-08-07 09:25:00,Stevens Creek,400560,9,Friday,False
08/07/2026,09:30,459.0,60.1,4,100.0,2026-08-07 09:30:00,Stevens Creek,400560,9,Friday,False
08/07/2026,09:35,429.0,60.8,4,100.0,2026-08-07 09:35:00,Stevens Creek,400560,9,Friday,False
08/07/2026,09:40,450.0,60.8,4,100.0,2026-08-07 09:40:00,Stevens Creek,400560,9,Friday,False
08/07/2026,09:45,457.0,60.4,4,100.0,2026-08-07 09:45:00,Stevens Creek,400560,9,Friday,False
08/07/2026,09:50,457.0,62.0,4,100.0,2026-08-07 09:50:00,Stevens Creek,400560,9,Friday,False
08/07/2026,09:55,433.0,61.9,4,100.0,2026-08-07 09:55:00,Stevens Creek,400560,9,Friday,False
08/07/2026,10:00,371.0,62.5,4,100.0,2026-08-07 10:00:00,Stevens Creek,400560,10,Friday,False
08/07/2026,10:05,373.0,62.3,4,100.0,2026-08-07 10:05:00,Stevens Creek,400560,10,Friday,False
08/07/2026,10:10,363.0,63.5,4,100.0,2026-08-07 10:10:00,Stevens Creek,400560,10,Friday,False
08/07/2026,10:15,442.0,63.9,4,100.0,2026-08-07 10:15:00,Stevens Creek,400560,10,Friday,False
08/07/2026,10:20,373.0,63.6,4,100.0,2026-08-07 10:20:00,Stevens Creek,400560,10,Friday,False
08/07/2026,10:25,419.0,63.8,4,100.0,2026-08-07 10:25:00,Stevens Creek,400560,10,Friday,False
08/07/2026,10:30,375.0,63.2,4,100.0,2026-08-07 10:30:00,Stevens Creek,400560,10,Friday,False
08/07/2026,10:35,345.0,63.4,4,100.0,2026-08-07 10:35:00,Stevens Creek,400560,10,Friday,False
08/07/2026,10:40,380.0,63.4,4,100.0,2026-08-07 10:40:00,Stevens Creek,400560,10,Friday,False
08/07/2026,10:45,416.0,62.7,4,100.0,2026-08-07 10:45:00,Stevens Creek,400560,10,Friday,False
08/07/2026,10:50,382.0,62.6,4,100.0,2026-08-07 10:50:00,Stevens Creek,400560,10,Friday,False
08/07/2026,10:55,379.0,62.6,4,100.0,2026-08-07 10:55:00,Stevens Creek,400560,10,Friday,False
08/07/2026,11:00,382.0,63.3,4,100.0,2026-08-07 11:00:00,Stevens Creek,400560,11,Friday,False
08/07/2026,11:05,344.0,63.7,4,100.0,2026-08-07 11:05:00,Stevens Creek,400560,11,Friday,False
08/07/2026,11:10,349.0,62.2,4,100.0,2026-08-07 11:10:00,Stevens Creek,400560,11,Friday,False
08/07/2026,11:15,384.0,63.4,4,100.0,2026-08-07 11:15:00,Stevens Creek,400560,11,Friday,False
08/07/2026,11:20,377.0,63.6,4,100.0,2026-08-07 11:20:00,Stevens Creek,400560,11,Friday,False
08/07/2026,11:25,434.0,64.3,4,100.0,2026-08-07 11:25:00,Stevens Creek,400560,11,Friday,False
08/07/2026,11:30,352.0,64.3,4,100.0,2026-08-07 11:30:00,Stevens Creek,400560,11,Friday,False
08/07/2026,11:35,426.0,63.9,4,100.0,2026-08-07 11:35:00,Stevens Creek,400560,11,Friday,False
08/07/2026,11:40,396.0,63.4,4,100.0,2026-08-07 11:40:00,Stevens Creek,400560,11,Friday,False
08/07/2026,11:45,365.0,62.5,4,100.0,2026-08-07 11:45:00,Stevens Creek,400560,11,Friday,False
08/07/2026,11:50,389.0,63.7,4,100.0,2026-08-07 11:50:00,Stevens Creek,400560,11,Friday,False
08/07/2026,11:55,335.0,63.6,4,100.0,2026-08-07 11:55:00,Stevens Creek,400560,11,Friday,False
08/07/2026,12:00,362.0,64.5,4,100.0,2026-08-07 12:00:00,Stevens Creek,400560,12,Friday,False
08/07/2026,12:05,343.0,62.9,4,100.0,2026-08-07 12:05:00,Stevens Creek,400560,12,Friday,False
08/07/2026,12:10,353.0,63.6,4,100.0,2026-08-07 12:10:00,Stevens Creek,400560,12,Friday,False
08/07/2026,12:15,378.0,64.0,4,100.0,2026-08-07 12:15:00,Stevens Creek,400560,12,Friday,False
08/07/2026,12:20,367.0,64.2,4,100.0,2026-08-07 12:20:00,Stevens Creek,400560,12,Friday,False
08/07/2026,12:25,346.0,64.0,4,100.0,2026-08-07 12:25:00,Stevens Creek,400560,12,Friday,False
08/07/2026,12:30,307.0,63.7,4,100.0,2026-08-07 12:30:00,Stevens Creek,400560,12,Friday,False
08/07/2026,12:35,327.0,63.8,4,100.0,2026-08-07 12:35:00,Stevens Creek,400560,12,Friday,False
08/07/2026,12:40,345.0,64.6,4,100.0,2026-08-07 12:40:00,Stevens Creek,400560,12,Friday,False
08/07/2026,12:45,320.0,64.9,4,100.0,2026-08-07 12:45:00,Stevens Creek,400560,12,Friday,False
08/07/2026,12:50,373.0,65.5,4,100.0,2026-08-07 12:50:00,Stevens Creek,400560,12,Friday,False
08/07/2026,12:55,344.0,64.4,4,100.0,2026-08-07 12:55:00,Stevens Creek,400560,12,Friday,False
08/07/2026,13:00,351.0,64.7,4,100.0,2026-08-07 13:00:00,Stevens Creek,400560,13,Friday,False
08/07/2026,13:05,221.0,64.2,4,100.0,2026-08-07 13:05:00,Stevens Creek,400560,13,Friday,False
08/07/2026,13:10,362.0,64.5,4,100.0,2026-08-07 13:10:00,Stevens Creek,400560,13,Friday,False
08/07/2026,13:15,375.0,64.4,4,100.0,2026-08-07 13:15:00,Stevens Creek,400560,13,Friday,False
08/07/2026,13:20,338.0,64.6,4,100.0,2026-08-07 13:20:00,Stevens Creek,400560,13,Friday,False
08/07/2026,13:25,326.0,65.9,4,100.0,2026-08-07 13:25:00,Stevens Creek,400560,13,Friday,False
08/07/2026,13:30,292.0,64.9,4,100.0,2026-08-07 13:30:00,Stevens Creek,400560,13,Friday,False
08/07/2026,13:35,343.0,64.8,4,100.0,2026-08-07 13:35:00,Stevens Creek,400560,13,Friday,False
08/07/2026,13:40,360.0,65.3,4,100.0,2026-08-07 13:40:00,Stevens Creek,400560,13,Friday,False
08/07/2026,13:45,375.0,65.5,4,100.0,2026-08-07 13:45:00,Stevens Creek,400560,13,Friday,False
08/07/2026,13:50,372.0,65.0,4,100.0,2026-08-07 13:50:00,Stevens Creek,400560,13,Friday,False
08/07/2026,13:55,333.0,64.3,4,100.0,2026-08-07 13:55:00,Stevens Creek,400560,13,Friday,False
08/07/2026,14:00,317.0,65.4,4,100.0,2026-08-07 14:00:00,Stevens Creek,400560,14,Friday,False
08/07/2026,14:05,357.0,64.6,4,100.0,2026-08-07 14:05:00,Stevens Creek,400560,14,Friday,False
08/07/2026,14:10,352.0,64.7,4,100.0,2026-08-07 14:10:00,Stevens Creek,400560,14,Friday,False
08/07/2026,14:15,354.0,66.4,4,100.0,2026-08-07 14:15:00,Stevens Creek,400560,14,Friday,False
08/07/2026,14:20,385.0,66.6,4,100.0,2026-08-07 14:20:00,Stevens Creek,400560,14,Friday,False
08/07/2026,14:25,350.0,66.0,4,100.0,2026-08-07 14:25:00,Stevens Creek,400560,14,Friday,False
08/07/2026,14:30,356.0,66.0,4,100.0,2026-08-07 14:30:00,Stevens Creek,400560,14,Friday,False
08/07/2026,14:35,378.0,65.7,4,100.0,2026-08-07 14:35:00,Stevens Creek,400560,14,Friday,False
08/07/2026,14:40,371.0,66.4,4,100.0,2026-08-07 14:40:00,Stevens Creek,400560,14,Friday,False
08/07/2026,14:45,377.0,66.0,4,100.0,2026-08-07 14:45:00,Stevens Creek,400560,14,Friday,False
08/07/2026,14:50,371.0,64.3,4,100.0,2026-08-07 14:50:00,Stevens Creek,400560,14,Friday,False
08/07/2026,14:55,360.0,65.6,4,100.0,2026-08-07 14:55:00,Stevens Creek,400560,14,Friday,False
08/07/2026,15:00,330.0,66.0,4,100.0,2026-08-07 15:00:00,Stevens Creek,400560,15,Friday,False
08/07/2026,15:05,320.0,66.5,4,100.0,2026-08-07 15:05:00,Stevens Creek,400560,15,Friday,False
08/07/2026,15:10,348.0,64.9,4,100.0,2026-08-07 15:10:00,Stevens Creek,400560,15,Friday,False
08/07/2026,15:15,329.0,65.4,4,100.0,2026-08-07 15:15:00,Stevens Creek,400560,15,Friday,False
08/07/2026,15:20,377.0,65.5,4,100.0,2026-08-07 15:20:00,Stevens Creek,400560,15,Friday,False
08/07/2026,15:25,370.0,65.2,4,100.0,2026-08-07 15:25:00,Stevens Creek,400560,15,Friday,False
08/07/2026,15:30,420.0,64.3,4,100.0,2026-08-07 15:30:00,Stevens Creek,400560,15,Friday,False
08/07/2026,15:35,379.0,64.6,4,100.0,2026-08-07 15:35:00,Stevens Creek,400560,15,Friday,False
08/07/2026,15:40,399.0,64.4,4,100.0,2026-08-07 15:40:00,Stevens Creek,400560,15,Friday,False
08/07/2026,15:45,350.0,64.1,4,100.0,2026-08-07 15:45:00,Stevens Creek,400560,15,Friday,False
08/07/2026,15:50,384.0,64.8,4,100.0,2026-08-07 15:50:00,Stevens Creek,400560,15,Friday,False
08/07/2026,15:55,380.0,65.1,4,100.0,2026-08-07 15:55:00,Stevens Creek,400560,15,Friday,False
08/07/2026,16:00,309.0,65.3,4,100.0,2026-08-07 16:00:00,Stevens Creek,400560,16,Friday,False
08/07/2026,16:05,333.0,65.6,4,100.0,2026-08-07 16:05:00,Stevens Creek,400560,16,Friday,False
08/07/2026,16:10,350.0,65.1,4,100.0,2026-08-07 16:10:00,Stevens Creek,400560,16,Friday,False
08/07/2026,16:15,364.0,65.3,4,100.0,2026-08-07 16:15:00,Stevens Creek,400560,16,Friday,False
08/07/2026,16:20,395.0,65.0,4,100.0,2026-08-07 16:20:00,Stevens Creek,400560,16,Friday,False
08/07/2026,16:25,379.0,65.0,4,100.0,2026-08-07 16:25:00,Stevens Creek,400560,16,Friday,False
08/07/2026,16:30,340.0,65.4,4,100.0,2026-08-07 16:30:00,Stevens Creek,400560,16,Friday,False
08/07/2026,16:35,362.0,65.2,4,100.0,2026-08-07 16:35:00,Stevens Creek,400560,16,Friday,False
08/07/2026,16:40,345.0,65.6,4,100.0,2026-08-07 16:40:00,Stevens Creek,400560,16,Friday,False
08/07/2026,16:45,410.0,64.2,4,100.0,2026-08-07 16:45:00,Stevens Creek,400560,16,Friday,False
08/07/2026,16:50,368.0,64.8,4,100.0,2026-08-07 16:50:00,Stevens Creek,400560,16,Friday,False
08/07/2026,16:55,421.0,64.6,4,100.0,2026-08-07 16:55:00,Stevens Creek,400560,16,Friday,False
08/07/2026,17:00,359.0,65.1,4,100.0,2026-08-07 17:00:00,Stevens Creek,400560,17,Friday,False
08/07/2026,17:05,398.0,64.9,4,100.0,2026-08-07 17:05:00,Stevens Creek,400560,17,Friday,False
08/07/2026,17:10,369.0,65.6,4,100.0,2026-08-07 17:10:00,Stevens Creek,400560,17,Friday,False
08/07/2026,17:15,414.0,65.8,4,100.0,2026-08-07 17:15:00,Stevens Creek,400560,17,Friday,False
08/07/2026,17:20,411.0,65.8,4,100.0,2026-08-07 17:20:00,Stevens Creek,400560,17,Friday,False
08/07/2026,17:25,421.0,66.5,4,100.0,2026-08-07 17:25:00,Stevens Creek,400560,17,Friday,False
08/07/2026,17:30,444.0,65.7,4,100.0,2026-08-07 17:30:00,Stevens Creek,400560,17,Friday,False
08/07/2026,17:35,411.0,65.3,4,100.0,2026-08-07 17:35:00,Stevens Creek,400560,17,Friday,False
08/07/2026,17:40,397.0,65.9,4,100.0,2026-08-07 17:40:00,Stevens Creek,400560,17,Friday,False
08/07/2026,17:45,435.0,65.1,4,100.0,2026-08-07 17:45:00,Stevens Creek,400560,17,Friday,False
08/07/2026,17:50,365.0,65.6,4,100.0,2026-08-07 17:50:00,Stevens Creek,400560,17,Friday,False
08/07/2026,17:55,387.0,65.9,4,100.0,2026-08-07 17:55:00,Stevens Creek,400560,17,Friday,False
08/07/2026,18:00,338.0,66.6,4,100.0,2026-08-07 18:00:00,Stevens Creek,400560,18,Friday,False
08/07/2026,18:05,337.0,67.3,4,100.0,2026-08-07 18:05:00,Stevens Creek,400560,18,Friday,False
08/07/2026,18:10,336.0,67.3,4,100.0,2026-08-07 18:10:00,Stevens Creek,400560,18,Friday,False
08/07/2026,18:15,355.0,67.0,4,100.0,2026-08-07 18:15:00,Stevens Creek,400560,18,Friday,False
08/07/2026,18:20,351.0,68.2,4,100.0,2026-08-07 18:20:00,Stevens Creek,400560,18,Friday,False
08/07/2026,18:25,371.0,67.6,4,100.0,2026-08-07 18:25:00,Stevens Creek,400560,18,Friday,False
08/07/2026,18:30,313.0,67.3,4,100.0,2026-08-07 18:30:00,Stevens Creek,400560,18,Friday,False
08/07/2026,18:35,297.0,67.3,4,100.0,2026-08-07 18:35:00,Stevens Creek,400560,18,Friday,False
08/07/2026,18:40,307.0,66.6,4,100.0,2026-08-07 18:40:00,Stevens Creek,400560,18,Friday,False
08/07/2026,18:45,301.0,67.3,4,100.0,2026-08-07 18:45:00,Stevens Creek,400560,18,Friday,False
08/07/2026,18:50,288.0,66.8,4,100.0,2026-08-07 18:50:00,Stevens Creek,400560,18,Friday,False
08/07/2026,18:55,310.0,66.6,4,100.0,2026-08-07 18:55:00,Stevens Creek,400560,18,Friday,False
08/07/2026,19:00,285.0,66.6,4,100.0,2026-08-07 19:00:00,Stevens Creek,400560,19,Friday,False
08/07/2026,19:05,304.0,64.8,4,100.0,2026-08-07 19:05:00,Stevens Creek,400560,19,Friday,False
08/07/2026,19:10,256.0,66.2,4,100.0,2026-08-07 19:10:00,Stevens Creek,400560,19,Friday,False
08/07/2026,19:15,292.0,67.3,4,100.0,2026-08-07 19:15:00,Stevens Creek,400560,19,Friday,False
08/07/2026,19:20,299.0,67.6,4,100.0,2026-08-07 19:20:00,Stevens Creek,400560,19,Friday,False
08/07/2026,19:25,260.0,65.9,4,100.0,2026-08-07 19:25:00,Stevens Creek,400560,19,Friday,False
08/07/2026,19:30,293.0,65.2,4,100.0,2026-08-07 19:30:00,Stevens Creek,400560,19,Friday,False
08/07/2026,19:35,251.0,65.2,4,100.0,2026-08-07 19:35:00,Stevens Creek,400560,19,Friday,False
08/07/2026,19:40,240.0,65.0,4,100.0,2026-08-07 19:40:00,Stevens Creek,400560,19,Friday,False
08/07/2026,19:45,288.0,64.7,4,100.0,2026-08-07 19:45:00,Stevens Creek,400560,19,Friday,False
08/07/2026,19:50,267.0,66.6,4,100.0,2026-08-07 19:50:00,Stevens Creek,400560,19,Friday,False
08/07/2026,19:55,247.0,65.7,4,100.0,2026-08-07 19:55:00,Stevens Creek,400560,19,Friday,False
08/07/2026,20:00,258.0,67.3,4,100.0,2026-08-07 20:00:00,Stevens Creek,400560,20,Friday,False
08/07/2026,20:05,220.0,67.3,4,100.0,2026-08-07 20:05:00,Stevens Creek,400560,20,Friday,False
08/07/2026,20:10,235.0,67.9,4,100.0,2026-08-07 20:10:00,Stevens Creek,400560,20,Friday,False
08/07/2026,20:15,243.0,67.7,4,100.0,2026-08-07 20:15:00,Stevens Creek,400560,20,Friday,False
08/07/2026,20:20,255.0,68.1,4,100.0,2026-08-07 20:20:00,Stevens Creek,400560,20,Friday,False
08/07/2026,20:25,254.0,67.4,4,100.0,2026-08-07 20:25:00,Stevens Creek,400560,20,Friday,False
08/07/2026,20:30,203.0,67.7,4,100.0,2026-08-07 20:30:00,Stevens Creek,400560,20,Friday,False
08/07/2026,20:35,228.0,68.5,4,100.0,2026-08-07 20:35:00,Stevens Creek,400560,20,Friday,False
08/07/2026,20:40,217.0,68.2,4,100.0,2026-08-07 20:40:00,Stevens Creek,400560,20,Friday,False
08/07/2026,20:45,235.0,67.8,4,100.0,2026-08-07 20:45:00,Stevens Creek,400560,20,Friday,False
08/07/2026,20:50,236.0,66.8,4,100.0,2026-08-07 20:50:00,Stevens Creek,400560,20,Friday,False
08/07/2026,20:55,229.0,66.5,4,100.0,2026-08-07 20:55:00,Stevens Creek,400560,20,Friday,False
08/07/2026,21:00,194.0,75.5,4,100.0,2026-08-07 21:00:00,Stevens Creek,400560,21,Friday,False
08/07/2026,21:05,211.0,74.6,4,100.0,2026-08-07 21:05:00,Stevens Creek,400560,21,Friday,False
08/07/2026,21:10,247.0,74.7,4,100.0,2026-08-07 21:10:00,Stevens Creek,400560,21,Friday,False
08/07/2026,21:15,282.0,75.2,4,100.0,2026-08-07 21:15:00,Stevens Creek,400560,21,Friday,False
08/07/2026,21:20,213.0,75.8,4,100.0,2026-08-07 21:20:00,Stevens Creek,400560,21,Friday,False
08/07/2026,21:25,215.0,76.2,4,100.0,2026-08-07 21:25:00,Stevens Creek,400560,21,Friday,False
08/07/2026,21:30,218.0,75.5,4,100.0,2026-08-07 21:30:00,Stevens Creek,400560,21,Friday,False
08/07/2026,21:35,226.0,75.8,4,100.0,2026-08-07 21:35:00,Stevens Creek,400560,21,Friday,False
08/07/2026,21:40,230.0,75.9,4,100.0,2026-08-07 21:40:00,Stevens Creek,400560,21,Friday,False
08/07/2026,21:45,214.0,75.0,4,100.0,2026-08-07 21:45:00,Stevens Creek,400560,21,Friday,False
08/07/2026,21:50,207.0,75.4,4,100.0,2026-08-07 21:50:00,Stevens Creek,400560,21,Friday,False
08/07/2026,21:55,203.0,75.7,4,100.0,2026-08-07 21:55:00,Stevens Creek,400560,21,Friday,False
08/07/2026,22:00,203.0,73.3,4,100.0,2026-08-07 22:00:00,Stevens Creek,400560,22,Friday,False
08/07/2026,22:05,146.0,72.0,4,100.0,2026-08-07 22:05:00,Stevens Creek,400560,22,Friday,False
08/07/2026,22:10,188.0,70.6,4,100.0,2026-08-07 22:10:00,Stevens Creek,400560,22,Friday,False
08/07/2026,22:15,168.0,70.3,4,100.0,2026-08-07 22:15:00,Stevens Creek,400560,22,Friday,False
08/07/2026,22:20,222.0,68.9,4,100.0,2026-08-07 22:20:00,Stevens Creek,400560,22,Friday,False
08/07/2026,22:25,168.0,69.3,4,100.0,2026-08-07 22:25:00,Stevens Creek,400560,22,Friday,False
08/07/2026,22:30,160.0,70.3,4,100.0,2026-08-07 22:30:00,Stevens Creek,400560,22,Friday,False
08/07/2026,22:35,179.0,70.5,4,100.0,2026-08-07 22:35:00,Stevens Creek,400560,22,Friday,False
08/07/2026,22:40,165.0,70.8,4,100.0,2026-08-07 22:40:00,Stevens Creek,400560,22,Friday,False
08/07/2026,22:45,148.0,70.6,4,100.0,2026-08-07 22:45:00,Stevens Creek,400560,22,Friday,False
08/07/2026,22:50,172.0,70.5,4,100.0,2026-08-07 22:50:00,Stevens Creek,400560,22,Friday,False
08/07/2026,22:55,132.0,70.6,4,100.0,2026-08-07 22:55:00,Stevens Creek,400560,22,Friday,False
08/07/2026,23:00,157.0,70.5,4,100.0,2026-08-07 23:00:00,Stevens Creek,400560,23,Friday,False
08/07/2026,23:05,169.0,69.5,4,100.0,2026-08-07 23:05:00,Stevens Creek,400560,23,Friday,False
08/07/2026,23:10,187.0,69.5,4,100.0,2026-08-07 23:10:00,Stevens Creek,400560,23,Friday,False
08/07/2026,23:15,185.0,69.5,4,100.0,2026-08-07 23:15:00,Stevens Creek,400560,23,Friday,False
08/07/2026,23:20,177.0,68.9,4,100.0,2026-08-07 23:20:00,Stevens Creek,400560,23,Friday,False
08/07/2026,23:25,151.0,67.7,4,100.0,2026-08-07 23:25:00,Stevens Creek,400560,23,Friday,False
08/07/2026,23:30,124.0,68.2,4,100.0,2026-08-07 23:30:00,Stevens Creek,400560,23,Friday,False
08/07/2026,23:35,146.0,68.6,4,100.0,2026-08-07 23:35:00,Stevens Creek,400560,23,Friday,False
08/07/2026,23:40,117.0,68.9,4,100.0,2026-08-07 23:40:00,Stevens Creek,400560,23,Friday,False
08/07/2026,23:45,93.0,68.5,4,100.0,2026-08-07 23:45:00,Stevens Creek,400560,23,Friday,False
08/07/2026,23:50,88.0,67.1,4,100.0,2026-08-07 23:50:00,Stevens Creek,400560,23,Friday,False
08/07/2026,23:55,79.0,68.9,4,100.0,2026-08-07 23:55:00,Stevens Creek,400560,23,Friday,False
08/08/2026,00:00,60.0,67.9,4,100.0,2026-08-08 00:00:00,Stevens Creek,400560,0,Saturday,True
08/08/2026,00:05,59.0,67.5,4,100.0,2026-08-08 00:05:00,Stevens Creek,400560,0,Saturday,True
08/08/2026,00:10,64.0,67.6,4,100.0,2026-08-08 00:10:00,Stevens Creek,400560,0,Saturday,True
08/08/2026,00:15,63.0,68.6,4,100.0,2026-08-08 00:15:00,Stevens Creek,400560,0,Saturday,True
08/08/2026,00:20,32.0,67.9,4,100.0,2026-08-08 00:20:00,Stevens Creek,400560,0,Saturday,True
08/08/2026,00:25,55.0,67.7,4,100.0,2026-08-08 00:25:00,Stevens Creek,400560,0,Saturday,True
08/08/2026,00:30,59.0,68.2,4,100.0,2026-08-08 00:30:00,Stevens Creek,400560,0,Saturday,True
08/08/2026,00:35,61.0,68.2,4,100.0,2026-08-08 00:35:00,Stevens Creek,400560,0,Saturday,True
08/08/2026,00:40,48.0,68.1,4,100.0,2026-08-08 00:40:00,Stevens Creek,400560,0,Saturday,True
08/08/2026,00:45,47.0,67.8,4,100.0,2026-08-08 00:45:00,Stevens Creek,400560,0,Saturday,True
08/08/2026,00:50,48.0,67.4,4,100.0,2026-08-08 00:50:00,Stevens Creek,400560,0,Saturday,True
08/08/2026,00:55,38.0,67.3,4,100.0,2026-08-08 00:55:00,Stevens Creek,400560,0,Saturday,True
08/08/2026,01:00,43.0,68.3,4,100.0,2026-08-08 01:00:00,Stevens Creek,400560,1,Saturday,True
08/08/2026,01:05,25.0,68.0,4,100.0,2026-08-08 01:05:00,Stevens Creek,400560,1,Saturday,True
08/08/2026,01:10,31.0,67.1,4,100.0,2026-08-08 01:10:00,Stevens Creek,400560,1,Saturday,True
08/08/2026,01:15,29.0,66.9,4,100.0,2026-08-08 01:15:00,Stevens Creek,400560,1,Saturday,True
08/08/2026,01:20,37.0,68.0,4,100.0,2026-08-08 01:20:00,Stevens Creek,400560,1,Saturday,True
08/08/2026,01:25,33.0,67.3,4,100.0,2026-08-08 01:25:00,Stevens Creek,400560,1,Saturday,True
08/08/2026,01:30,27.0,68.5,4,100.0,2026-08-08 01:30:00,Stevens Creek,400560,1,Saturday,True
08/08/2026,01:35,32.0,66.7,4,100.0,2026-08-08 01:35:00,Stevens Creek,400560,1,Saturday,True
08/08/2026,01:40,21.0,67.2,4,100.0,2026-08-08 01:40:00,Stevens Creek,400560,1,Saturday,True
08/08/2026,01:45,21.0,68.1,4,100.0,2026-08-08 01:45:00,Stevens Creek,400560,1,Saturday,True
08/08/2026,01:50,32.0,68.0,4,100.0,2026-08-08 01:50:00,Stevens Creek,400560,1,Saturday,True
08/08/2026,01:55,31.0,67.0,4,100.0,2026-08-08 01:55:00,Stevens Creek,400560,1,Saturday,True
08/08/2026,02:00,18.0,68.0,4,100.0,2026-08-08 02:00:00,Stevens Creek,400560,2,Saturday,True
08/08/2026,02:05,16.0,67.0,4,100.0,2026-08-08 02:05:00,Stevens Creek,400560,2,Saturday,True
08/08/2026,02:10,25.0,67.5,4,100.0,2026-08-08 02:10:00,Stevens Creek,400560,2,Saturday,True
08/08/2026,02:15,34.0,68.6,4,100.0,2026-08-08 02:15:00,Stevens Creek,400560,2,Saturday,True
08/08/2026,02:20,19.0,68.4,4,100.0,2026-08-08 02:20:00,Stevens Creek,400560,2,Saturday,True
08/08/2026,02:25,37.0,68.6,4,100.0,2026-08-08 02:25:00,Stevens Creek,400560,2,Saturday,True
08/08/2026,02:30,26.0,68.7,4,100.0,2026-08-08 02:30:00,Stevens Creek,400560,2,Saturday,True
08/08/2026,02:35,18.0,67.4,4,100.0,2026-08-08 02:35:00,Stevens Creek,400560,2,Saturday,True
08/08/2026,02:40,30.0,67.7,4,100.0,2026-08-08 02:40:00,Stevens Creek,400560,2,Saturday,True
08/08/2026,02:45,31.0,67.7,4,100.0,2026-08-08 02:45:00,Stevens Creek,400560,2,Saturday,True
08/08/2026,02:50,28.0,67.8,4,100.0,2026-08-08 02:50:00,Stevens Creek,400560,2,Saturday,True
08/08/2026,02:55,25.0,67.5,4,100.0,2026-08-08 02:55:00,Stevens Creek,400560,2,Saturday,True
08/08/2026,03:00,23.0,66.7,4,100.0,2026-08-08 03:00:00,Stevens Creek,400560,3,Saturday,True
08/08/2026,03:05,15.0,66.3,4,100.0,2026-08-08 03:05:00,Stevens Creek,400560,3,Saturday,True
08/08/2026,03:10,27.0,66.4,4,100.0,2026-08-08 03:10:00,Stevens Creek,400560,3,Saturday,True
08/08/2026,03:15,15.0,67.1,4,100.0,2026-08-08 03:15:00,Stevens Creek,400560,3,Saturday,True
08/08/2026,03:20,9.0,66.7,4,100.0,2026-08-08 03:20:00,Stevens Creek,400560,3,Saturday,True
08/08/2026,03:25,26.0,66.7,4,100.0,2026-08-08 03:25:00,Stevens Creek,400560,3,Saturday,True
08/08/2026,03:30,14.0,65.9,4,100.0,2026-08-08 03:30:00,Stevens Creek,400560,3,Saturday,True
08/08/2026,03:35,18.0,65.4,4,100.0,2026-08-08 03:35:00,Stevens Creek,400560,3,Saturday,True
08/08/2026,03:40,13.0,66.5,4,100.0,2026-08-08 03:40:00,Stevens Creek,400560,3,Saturday,True
08/08/2026,03:45,24.0,66.3,4,100.0,2026-08-08 03:45:00,Stevens Creek,400560,3,Saturday,True
08/08/2026,03:50,20.0,67.5,4,100.0,2026-08-08 03:50:00,Stevens Creek,400560,3,Saturday,True
08/08/2026,03:55,20.0,67.0,4,100.0,2026-08-08 03:55:00,Stevens Creek,400560,3,Saturday,True
08/08/2026,04:00,14.0,66.8,4,100.0,2026-08-08 04:00:00,Stevens Creek,400560,4,Saturday,True
08/08/2026,04:05,14.0,67.6,4,100.0,2026-08-08 04:05:00,Stevens Creek,400560,4,Saturday,True
08/08/2026,04:10,24.0,67.3,4,100.0,2026-08-08 04:10:00,Stevens Creek,400560,4,Saturday,True
08/08/2026,04:15,20.0,67.5,4,100.0,2026-08-08 04:15:00,Stevens Creek,400560,4,Saturday,True
08/08/2026,04:20,23.0,67.5,4,100.0,2026-08-08 04:20:00,Stevens Creek,400560,4,Saturday,True
08/08/2026,04:25,19.0,67.3,4,100.0,2026-08-08 04:25:00,Stevens Creek,400560,4,Saturday,True
08/08/2026,04:30,28.0,67.7,4,100.0,2026-08-08 04:30:00,Stevens Creek,400560,4,Saturday,True
08/08/2026,04:35,31.0,67.6,4,100.0,2026-08-08 04:35:00,Stevens Creek,400560,4,Saturday,True
08/08/2026,04:40,47.0,67.6,4,100.0,2026-08-08 04:40:00,Stevens Creek,400560,4,Saturday,True
08/08/2026,04:45,46.0,67.6,4,100.0,2026-08-08 04:45:00,Stevens Creek,400560,4,Saturday,True
08/08/2026,04:50,40.0,68.0,4,100.0,2026-08-08 04:50:00,Stevens Creek,400560,4,Saturday,True
08/08/2026,04:55,37.0,67.6,4,100.0,2026-08-08 04:55:00,Stevens Creek,400560,4,Saturday,True
08/08/2026,05:00,35.0,67.4,4,100.0,2026-08-08 05:00:00,Stevens Creek,400560,5,Saturday,True
08/08/2026,05:05,40.0,67.5,4,100.0,2026-08-08 05:05:00,Stevens Creek,400560,5,Saturday,True
08/08/2026,05:10,49.0,67.8,4,100.0,2026-08-08 05:10:00,Stevens Creek,400560,5,Saturday,True
08/08/2026,05:15,55.0,67.2,4,100.0,2026-08-08 05:15:00,Stevens Creek,400560,5,Saturday,True
08/08/2026,05:20,65.0,67.7,4,100.0,2026-08-08 05:20:00,Stevens Creek,400560,5,Saturday,True
08/08/2026,05:25,56.0,67.3,4,100.0,2026-08-08 05:25:00,Stevens Creek,400560,5,Saturday,True
08/08/2026,05:30,73.0,68.2,4,100.0,2026-08-08 05:30:00,Stevens Creek,400560,5,Saturday,True
08/08/2026,05:35,84.0,68.7,4,100.0,2026-08-08 05:35:00,Stevens Creek,400560,5,Saturday,True
08/08/2026,05:40,98.0,67.5,4,100.0,2026-08-08 05:40:00,Stevens Creek,400560,5,Saturday,True
08/08/2026,05:45,130.0,67.0,4,100.0,2026-08-08 05:45:00,Stevens Creek,400560,5,Saturday,True
08/08/2026,05:50,100.0,67.6,4,100.0,2026-08-08 05:50:00,Stevens Creek,400560,5,Saturday,True
08/08/2026,05:55,94.0,67.7,4,100.0,2026-08-08 05:55:00,Stevens Creek,400560,5,Saturday,True
08/08/2026,06:00,86.0,68.0,4,100.0,2026-08-08 06:00:00,Stevens Creek,400560,6,Saturday,True
08/08/2026,06:05,77.0,68.6,4,100.0,2026-08-08 06:05:00,Stevens Creek,400560,6,Saturday,True
08/08/2026,06:10,81.0,68.0,4,100.0,2026-08-08 06:10:00,Stevens Creek,400560,6,Saturday,True
08/08/2026,06:15,112.0,68.4,4,100.0,2026-08-08 06:15:00,Stevens Creek,400560,6,Saturday,True
08/08/2026,06:20,93.0,69.0,4,100.0,2026-08-08 06:20:00,Stevens Creek,400560,6,Saturday,True
08/08/2026,06:25,102.0,68.9,4,100.0,2026-08-08 06:25:00,Stevens Creek,400560,6,Saturday,True
08/08/2026,06:30,121.0,68.5,4,100.0,2026-08-08 06:30:00,Stevens Creek,400560,6,Saturday,True
08/08/2026,06:35,134.0,67.0,4,100.0,2026-08-08 06:35:00,Stevens Creek,400560,6,Saturday,True
08/08/2026,06:40,143.0,65.8,4,100.0,2026-08-08 06:40:00,Stevens Creek,400560,6,Saturday,True
08/08/2026,06:45,184.0,66.9,4,100.0,2026-08-08 06:45:00,Stevens Creek,400560,6,Saturday,True
08/08/2026,06:50,169.0,67.3,4,100.0,2026-08-08 06:50:00,Stevens Creek,400560,6,Saturday,True
08/08/2026,06:55,159.0,67.1,4,100.0,2026-08-08 06:55:00,Stevens Creek,400560,6,Saturday,True
08/08/2026,07:00,141.0,67.7,4,100.0,2026-08-08 07:00:00,Stevens Creek,400560,7,Saturday,True
08/08/2026,07:05,137.0,68.5,4,100.0,2026-08-08 07:05:00,Stevens Creek,400560,7,Saturday,True
08/08/2026,07:10,160.0,69.7,4,100.0,2026-08-08 07:10:00,Stevens Creek,400560,7,Saturday,True
08/08/2026,07:15,159.0,69.0,4,100.0,2026-08-08 07:15:00,Stevens Creek,400560,7,Saturday,True
08/08/2026,07:20,171.0,68.4,4,100.0,2026-08-08 07:20:00,Stevens Creek,400560,7,Saturday,True
08/08/2026,07:25,189.0,67.7,4,100.0,2026-08-08 07:25:00,Stevens Creek,400560,7,Saturday,True
08/08/2026,07:30,176.0,67.2,4,100.0,2026-08-08 07:30:00,Stevens Creek,400560,7,Saturday,True
08/08/2026,07:35,226.0,67.2,4,100.0,2026-08-08 07:35:00,Stevens Creek,400560,7,Saturday,True
08/08/2026,07:40,222.0,66.4,4,100.0,2026-08-08 07:40:00,Stevens Creek,400560,7,Saturday,True
08/08/2026,07:45,202.0,67.2,4,100.0,2026-08-08 07:45:00,Stevens Creek,400560,7,Saturday,True
08/08/2026,07:50,231.0,67.9,4,100.0,2026-08-08 07:50:00,Stevens Creek,400560,7,Saturday,True
08/08/2026,07:55,215.0,68.0,4,100.0,2026-08-08 07:55:00,Stevens Creek,400560,7,Saturday,True
08/08/2026,08:00,196.0,66.6,4,100.0,2026-08-08 08:00:00,Stevens Creek,400560,8,Saturday,True
08/08/2026,08:05,211.0,66.4,4,100.0,2026-08-08 08:05:00,Stevens Creek,400560,8,Saturday,True
08/08/2026,08:10,213.0,66.4,4,100.0,2026-08-08 08:10:00,Stevens Creek,400560,8,Saturday,True
08/08/2026,08:15,209.0,66.5,4,100.0,2026-08-08 08:15:00,Stevens Creek,400560,8,Saturday,True
08/08/2026,08:20,244.0,65.3,4,100.0,2026-08-08 08:20:00,Stevens Creek,400560,8,Saturday,True
08/08/2026,08:25,257.0,65.9,4,100.0,2026-08-08 08:25:00,Stevens Creek,400560,8,Saturday,True
08/08/2026,08:30,266.0,66.1,4,100.0,2026-08-08 08:30:00,Stevens Creek,400560,8,Saturday,True
08/08/2026,08:35,278.0,65.6,4,100.0,2026-08-08 08:35:00,Stevens Creek,400560,8,Saturday,True
08/08/2026,08:40,272.0,66.5,4,100.0,2026-08-08 08:40:00,Stevens Creek,400560,8,Saturday,True
08/08/2026,08:45,271.0,66.4,4,100.0,2026-08-08 08:45:00,Stevens Creek,400560,8,Saturday,True
08/08/2026,08:50,307.0,66.7,4,100.0,2026-08-08 08:50:00,Stevens Creek,400560,8,Saturday,True
08/08/2026,08:55,274.0,66.2,4,100.0,2026-08-08 08:55:00,Stevens Creek,400560,8,Saturday,True
08/08/2026,09:00,252.0,66.2,4,100.0,2026-08-08 09:00:00,Stevens Creek,400560,9,Saturday,True
08/08/2026,09:05,252.0,64.8,4,100.0,2026-08-08 09:05:00,Stevens Creek,400560,9,Saturday,True
08/08/2026,09:10,254.0,65.4,4,100.0,2026-08-08 09:10:00,Stevens Creek,400560,9,Saturday,True
08/08/2026,09:15,292.0,64.9,4,100.0,2026-08-08 09:15:00,Stevens Creek,400560,9,Saturday,True
08/08/2026,09:20,314.0,64.7,4,100.0,2026-08-08 09:20:00,Stevens Creek,400560,9,Saturday,True
08/08/2026,09:25,287.0,65.7,4,100.0,2026-08-08 09:25:00,Stevens Creek,400560,9,Saturday,True
08/08/2026,09:30,319.0,64.9,4,100.0,2026-08-08 09:30:00,Stevens Creek,400560,9,Saturday,True
08/08/2026,09:35,282.0,65.7,4,100.0,2026-08-08 09:35:00,Stevens Creek,400560,9,Saturday,True
08/08/2026,09:40,308.0,65.8,4,100.0,2026-08-08 09:40:00,Stevens Creek,400560,9,Saturday,True
08/08/2026,09:45,332.0,64.6,4,100.0,2026-08-08 09:45:00,Stevens Creek,400560,9,Saturday,True
08/08/2026,09:50,339.0,65.1,4,100.0,2026-08-08 09:50:00,Stevens Creek,400560,9,Saturday,True
08/08/2026,09:55,356.0,64.6,4,100.0,2026-08-08 09:55:00,Stevens Creek,400560,9,Saturday,True
08/08/2026,10:00,308.0,64.8,4,100.0,2026-08-08 10:00:00,Stevens Creek,400560,10,Saturday,True
08/08/2026,10:05,289.0,65.7,4,100.0,2026-08-08 10:05:00,Stevens Creek,400560,10,Saturday,True
08/08/2026,10:10,342.0,65.2,4,100.0,2026-08-08 10:10:00,Stevens Creek,400560,10,Saturday,True
08/08/2026,10:15,344.0,64.5,4,100.0,2026-08-08 10:15:00,Stevens Creek,400560,10,Saturday,True
08/08/2026,10:20,311.0,65.6,4,100.0,2026-08-08 10:20:00,Stevens Creek,400560,10,Saturday,True
08/08/2026,10:25,302.0,66.2,4,100.0,2026-08-08 10:25:00,Stevens Creek,400560,10,Saturday,True
08/08/2026,10:30,318.0,66.3,4,100.0,2026-08-08 10:30:00,Stevens Creek,400560,10,Saturday,True
08/08/2026,10:35,365.0,65.8,4,100.0,2026-08-08 10:35:00,Stevens Creek,400560,10,Saturday,True
08/08/2026,10:40,376.0,65.6,4,100.0,2026-08-08 10:40:00,Stevens Creek,400560,10,Saturday,True
08/08/2026,10:45,383.0,66.3,4,100.0,2026-08-08 10:45:00,Stevens Creek,400560,10,Saturday,True
08/08/2026,10:50,411.0,64.3,4,100.0,2026-08-08 10:50:00,Stevens Creek,400560,10,Saturday,True
08/08/2026,10:55,367.0,64.9,4,100.0,2026-08-08 10:55:00,Stevens Creek,400560,10,Saturday,True
08/08/2026,11:00,383.0,64.6,4,100.0,2026-08-08 11:00:00,Stevens Creek,400560,11,Saturday,True
08/08/2026,11:05,377.0,65.3,4,100.0,2026-08-08 11:05:00,Stevens Creek,400560,11,Saturday,True
08/08/2026,11:10,396.0,65.2,4,100.0,2026-08-08 11:10:00,Stevens Creek,400560,11,Saturday,True
08/08/2026,11:15,406.0,65.2,4,100.0,2026-08-08 11:15:00,Stevens Creek,400560,11,Saturday,True
08/08/2026,11:20,367.0,64.5,4,100.0,2026-08-08 11:20:00,Stevens Creek,400560,11,Saturday,True
08/08/2026,11:25,383.0,64.4,4,100.0,2026-08-08 11:25:00,Stevens Creek,400560,11,Saturday,True
08/08/2026,11:30,382.0,65.3,4,100.0,2026-08-08 11:30:00,Stevens Creek,400560,11,Saturday,True
08/08/2026,11:35,388.0,64.8,4,100.0,2026-08-08 11:35:00,Stevens Creek,400560,11,Saturday,True
08/08/2026,11:40,411.0,64.3,4,100.0,2026-08-08 11:40:00,Stevens Creek,400560,11,Saturday,True
08/08/2026,11:45,411.0,65.0,4,100.0,2026-08-08 11:45:00,Stevens Creek,400560,11,Saturday,True
08/08/2026,11:50,409.0,64.0,4,100.0,2026-08-08 11:50:00,Stevens Creek,400560,11,Saturday,True
08/08/2026,11:55,378.0,64.3,4,100.0,2026-08-08 11:55:00,Stevens Creek,400560,11,Saturday,True
08/08/2026,12:00,401.0,64.0,4,100.0,2026-08-08 12:00:00,Stevens Creek,400560,12,Saturday,True
08/08/2026,12:05,381.0,64.1,4,100.0,2026-08-08 12:05:00,Stevens Creek,400560,12,Saturday,True
08/08/2026,12:10,364.0,64.0,4,100.0,2026-08-08 12:10:00,Stevens Creek,400560,12,Saturday,True
08/08/2026,12:15,426.0,64.7,4,100.0,2026-08-08 12:15:00,Stevens Creek,400560,12,Saturday,True
08/08/2026,12:20,399.0,64.4,4,100.0,2026-08-08 12:20:00,Stevens Creek,400560,12,Saturday,True
08/08/2026,12:25,381.0,65.0,4,100.0,2026-08-08 12:25:00,Stevens Creek,400560,12,Saturday,True
08/08/2026,12:30,389.0,64.8,4,100.0,2026-08-08 12:30:00,Stevens Creek,400560,12,Saturday,True
08/08/2026,12:35,355.0,64.5,4,100.0,2026-08-08 12:35:00,Stevens Creek,400560,12,Saturday,True
08/08/2026,12:40,372.0,65.4,4,100.0,2026-08-08 12:40:00,Stevens Creek,400560,12,Saturday,True
08/08/2026,12:45,337.0,64.3,4,100.0,2026-08-08 12:45:00,Stevens Creek,400560,12,Saturday,True
08/08/2026,12:50,379.0,63.6,4,100.0,2026-08-08 12:50:00,Stevens Creek,400560,12,Saturday,True
08/08/2026,12:55,387.0,64.0,4,100.0,2026-08-08 12:55:00,Stevens Creek,400560,12,Saturday,True
08/08/2026,13:00,364.0,64.5,4,100.0,2026-08-08 13:00:00,Stevens Creek,400560,13,Saturday,True
08/08/2026,13:05,346.0,64.1,4,100.0,2026-08-08 13:05:00,Stevens Creek,400560,13,Saturday,True
08/08/2026,13:10,395.0,63.4,4,100.0,2026-08-08 13:10:00,Stevens Creek,400560,13,Saturday,True
08/08/2026,13:15,415.0,64.8,4,100.0,2026-08-08 13:15:00,Stevens Creek,400560,13,Saturday,True
08/08/2026,13:20,379.0,64.8,4,100.0,2026-08-08 13:20:00,Stevens Creek,400560,13,Saturday,True
08/08/2026,13:25,404.0,65.1,4,100.0,2026-08-08 13:25:00,Stevens Creek,400560,13,Saturday,True
08/08/2026,13:30,373.0,64.8,4,100.0,2026-08-08 13:30:00,Stevens Creek,400560,13,Saturday,True
08/08/2026,13:35,364.0,64.9,4,100.0,2026-08-08 13:35:00,Stevens Creek,400560,13,Saturday,True
08/08/2026,13:40,377.0,64.7,4,100.0,2026-08-08 13:40:00,Stevens Creek,400560,13,Saturday,True
08/08/2026,13:45,373.0,65.2,4,100.0,2026-08-08 13:45:00,Stevens Creek,400560,13,Saturday,True
08/08/2026,13:50,369.0,65.1,4,100.0,2026-08-08 13:50:00,Stevens Creek,400560,13,Saturday,True
08/08/2026,13:55,379.0,64.9,4,100.0,2026-08-08 13:55:00,Stevens Creek,400560,13,Saturday,True
08/08/2026,14:00,380.0,64.2,4,100.0,2026-08-08 14:00:00,Stevens Creek,400560,14,Saturday,True
08/08/2026,14:05,339.0,64.9,4,100.0,2026-08-08 14:05:00,Stevens Creek,400560,14,Saturday,True
08/08/2026,14:10,389.0,65.2,4,100.0,2026-08-08 14:10:00,Stevens Creek,400560,14,Saturday,True
08/08/2026,14:15,387.0,64.4,4,100.0,2026-08-08 14:15:00,Stevens Creek,400560,14,Saturday,True
08/08/2026,14:20,372.0,64.3,4,100.0,2026-08-08 14:20:00,Stevens Creek,400560,14,Saturday,True
08/08/2026,14:25,333.0,64.7,4,100.0,2026-08-08 14:25:00,Stevens Creek,400560,14,Saturday,True
08/08/2026,14:30,386.0,65.1,4,100.0,2026-08-08 14:30:00,Stevens Creek,400560,14,Saturday,True
08/08/2026,14:35,339.0,65.3,4,100.0,2026-08-08 14:35:00,Stevens Creek,400560,14,Saturday,True
08/08/2026,14:40,308.0,65.6,4,100.0,2026-08-08 14:40:00,Stevens Creek,400560,14,Saturday,True
08/08/2026,14:45,372.0,65.7,4,100.0,2026-08-08 14:45:00,Stevens Creek,400560,14,Saturday,True
08/08/2026,14:50,381.0,65.3,4,100.0,2026-08-08 14:50:00,Stevens Creek,400560,14,Saturday,True
08/08/2026,14:55,406.0,65.3,4,100.0,2026-08-08 14:55:00,Stevens Creek,400560,14,Saturday,True
08/08/2026,15:00,345.0,65.5,4,100.0,2026-08-08 15:00:00,Stevens Creek,400560,15,Saturday,True
08/08/2026,15:05,343.0,66.3,4,100.0,2026-08-08 15:05:00,Stevens Creek,400560,15,Saturday,True
08/08/2026,15:10,335.0,65.8,4,100.0,2026-08-08 15:10:00,Stevens Creek,400560,15,Saturday,True
08/08/2026,15:15,392.0,65.5,4,100.0,2026-08-08 15:15:00,Stevens Creek,400560,15,Saturday,True
08/08/2026,15:20,365.0,65.1,4,100.0,2026-08-08 15:20:00,Stevens Creek,400560,15,Saturday,True
08/08/2026,15:25,366.0,65.6,4,100.0,2026-08-08 15:25:00,Stevens Creek,400560,15,Saturday,True
08/08/2026,15:30,310.0,66.8,4,100.0,2026-08-08 15:30:00,Stevens Creek,400560,15,Saturday,True
08/08/2026,15:35,361.0,66.1,4,100.0,2026-08-08 15:35:00,Stevens Creek,400560,15,Saturday,True
08/08/2026,15:40,312.0,67.1,4,100.0,2026-08-08 15:40:00,Stevens Creek,400560,15,Saturday,True
08/08/2026,15:45,349.0,66.6,4,100.0,2026-08-08 15:45:00,Stevens Creek,400560,15,Saturday,True
08/08/2026,15:50,356.0,66.4,4,100.0,2026-08-08 15:50:00,Stevens Creek,400560,15,Saturday,True
08/08/2026,15:55,360.0,67.1,4,100.0,2026-08-08 15:55:00,Stevens Creek,400560,15,Saturday,True
08/08/2026,16:00,350.0,66.2,4,100.0,2026-08-08 16:00:00,Stevens Creek,400560,16,Saturday,True
08/08/2026,16:05,312.0,66.3,4,100.0,2026-08-08 16:05:00,Stevens Creek,400560,16,Saturday,True
08/08/2026,16:10,327.0,66.2,4,100.0,2026-08-08 16:10:00,Stevens Creek,400560,16,Saturday,True
08/08/2026,16:15,393.0,66.3,4,100.0,2026-08-08 16:15:00,Stevens Creek,400560,16,Saturday,True
08/08/2026,16:20,321.0,66.0,4,100.0,2026-08-08 16:20:00,Stevens Creek,400560,16,Saturday,True
08/08/2026,16:25,338.0,66.0,4,100.0,2026-08-08 16:25:00,Stevens Creek,400560,16,Saturday,True
08/08/2026,16:30,369.0,66.1,4,100.0,2026-08-08 16:30:00,Stevens Creek,400560,16,Saturday,True
08/08/2026,16:35,356.0,66.6,4,100.0,2026-08-08 16:35:00,Stevens Creek,400560,16,Saturday,True
08/08/2026,16:40,358.0,66.2,4,100.0,2026-08-08 16:40:00,Stevens Creek,400560,16,Saturday,True
08/08/2026,16:45,388.0,65.6,4,100.0,2026-08-08 16:45:00,Stevens Creek,400560,16,Saturday,True
08/08/2026,16:50,360.0,65.5,4,100.0,2026-08-08 16:50:00,Stevens Creek,400560,16,Saturday,True
08/08/2026,16:55,358.0,65.2,4,100.0,2026-08-08 16:55:00,Stevens Creek,400560,16,Saturday,True
08/08/2026,17:00,344.0,65.0,4,100.0,2026-08-08 17:00:00,Stevens Creek,400560,17,Saturday,True
08/08/2026,17:05,344.0,65.3,4,100.0,2026-08-08 17:05:00,Stevens Creek,400560,17,Saturday,True
08/08/2026,17:10,356.0,65.0,4,100.0,2026-08-08 17:10:00,Stevens Creek,400560,17,Saturday,True
08/08/2026,17:15,264.0,64.8,4,100.0,2026-08-08 17:15:00,Stevens Creek,400560,17,Saturday,True
08/08/2026,17:20,309.0,65.0,4,100.0,2026-08-08 17:20:00,Stevens Creek,400560,17,Saturday,True
08/08/2026,17:25,286.0,66.4,4,100.0,2026-08-08 17:25:00,Stevens Creek,400560,17,Saturday,True
08/08/2026,17:30,363.0,66.2,4,100.0,2026-08-08 17:30:00,Stevens Creek,400560,17,Saturday,True
08/08/2026,17:35,310.0,67.0,4,100.0,2026-08-08 17:35:00,Stevens Creek,400560,17,Saturday,True
08/08/2026,17:40,365.0,66.4,4,100.0,2026-08-08 17:40:00,Stevens Creek,400560,17,Saturday,True
08/08/2026,17:45,307.0,66.3,4,100.0,2026-08-08 17:45:00,Stevens Creek,400560,17,Saturday,True
08/08/2026,17:50,320.0,66.1,4,100.0,2026-08-08 17:50:00,Stevens Creek,400560,17,Saturday,True
08/08/2026,17:55,338.0,66.4,4,100.0,2026-08-08 17:55:00,Stevens Creek,400560,17,Saturday,True
08/08/2026,18:00,316.0,66.9,4,100.0,2026-08-08 18:00:00,Stevens Creek,400560,18,Saturday,True
08/08/2026,18:05,339.0,66.8,4,100.0,2026-08-08 18:05:00,Stevens Creek,400560,18,Saturday,True
08/08/2026,18:10,311.0,66.7,4,100.0,2026-08-08 18:10:00,Stevens Creek,400560,18,Saturday,True
08/08/2026,18:15,330.0,66.3,4,100.0,2026-08-08 18:15:00,Stevens Creek,400560,18,Saturday,True
08/08/2026,18:20,319.0,66.9,4,100.0,2026-08-08 18:20:00,Stevens Creek,400560,18,Saturday,True
08/08/2026,18:25,331.0,67.2,4,100.0,2026-08-08 18:25:00,Stevens Creek,400560,18,Saturday,True
08/08/2026,18:30,305.0,66.3,4,100.0,2026-08-08 18:30:00,Stevens Creek,400560,18,Saturday,True
08/08/2026,18:35,281.0,67.5,4,100.0,2026-08-08 18:35:00,Stevens Creek,400560,18,Saturday,True
08/08/2026,18:40,297.0,66.6,4,100.0,2026-08-08 18:40:00,Stevens Creek,400560,18,Saturday,True
08/08/2026,18:45,297.0,66.2,4,100.0,2026-08-08 18:45:00,Stevens Creek,400560,18,Saturday,True
08/08/2026,18:50,343.0,66.4,4,100.0,2026-08-08 18:50:00,Stevens Creek,400560,18,Saturday,True
08/08/2026,18:55,310.0,66.6,4,100.0,2026-08-08 18:55:00,Stevens Creek,400560,18,Saturday,True
08/08/2026,19:00,270.0,66.7,4,100.0,2026-08-08 19:00:00,Stevens Creek,400560,19,Saturday,True
08/08/2026,19:05,310.0,67.3,4,100.0,2026-08-08 19:05:00,Stevens Creek,400560,19,Saturday,True
08/08/2026,19:10,325.0,66.6,4,100.0,2026-08-08 19:10:00,Stevens Creek,400560,19,Saturday,True
08/08/2026,19:15,303.0,66.8,4,100.0,2026-08-08 19:15:00,Stevens Creek,400560,19,Saturday,True
08/08/2026,19:20,266.0,66.2,4,100.0,2026-08-08 19:20:00,Stevens Creek,400560,19,Saturday,True
08/08/2026,19:25,317.0,66.6,4,100.0,2026-08-08 19:25:00,Stevens Creek,400560,19,Saturday,True
08/08/2026,19:30,317.0,65.3,4,100.0,2026-08-08 19:30:00,Stevens Creek,400560,19,Saturday,True
08/08/2026,19:35,261.0,65.0,4,100.0,2026-08-08 19:35:00,Stevens Creek,400560,19,Saturday,True
08/08/2026,19:40,260.0,66.2,4,100.0,2026-08-08 19:40:00,Stevens Creek,400560,19,Saturday,True
08/08/2026,19:45,305.0,65.5,4,100.0,2026-08-08 19:45:00,Stevens Creek,400560,19,Saturday,True
08/08/2026,19:50,250.0,66.7,4,100.0,2026-08-08 19:50:00,Stevens Creek,400560,19,Saturday,True
08/08/2026,19:55,234.0,67.3,4,100.0,2026-08-08 19:55:00,Stevens Creek,400560,19,Saturday,True
08/08/2026,20:00,203.0,68.1,4,100.0,2026-08-08 20:00:00,Stevens Creek,400560,20,Saturday,True
08/08/2026,20:05,220.0,67.9,4,100.0,2026-08-08 20:05:00,Stevens Creek,400560,20,Saturday,True
08/08/2026,20:10,218.0,67.6,4,100.0,2026-08-08 20:10:00,Stevens Creek,400560,20,Saturday,True
08/08/2026,20:15,279.0,68.0,4,100.0,2026-08-08 20:15:00,Stevens Creek,400560,20,Saturday,True
08/08/2026,20:20,273.0,67.9,4,100.0,2026-08-08 20:20:00,Stevens Creek,400560,20,Saturday,True
08/08/2026,20:25,229.0,67.4,4,100.0,2026-08-08 20:25:00,Stevens Creek,400560,20,Saturday,True
08/08/2026,20:30,248.0,67.6,4,100.0,2026-08-08 20:30:00,Stevens Creek,400560,20,Saturday,True
08/08/2026,20:35,246.0,67.9,4,100.0,2026-08-08 20:35:00,Stevens Creek,400560,20,Saturday,True
08/08/2026,20:40,257.0,66.2,4,100.0,2026-08-08 20:40:00,Stevens Creek,400560,20,Saturday,True
08/08/2026,20:45,211.0,66.6,4,100.0,2026-08-08 20:45:00,Stevens Creek,400560,20,Saturday,True
08/08/2026,20:50,251.0,66.0,4,100.0,2026-08-08 20:50:00,Stevens Creek,400560,20,Saturday,True
08/08/2026,20:55,270.0,66.1,4,100.0,2026-08-08 20:55:00,Stevens Creek,400560,20,Saturday,True
08/08/2026,21:00,234.0,66.5,4,100.0,2026-08-08 21:00:00,Stevens Creek,400560,21,Saturday,True
08/08/2026,21:05,224.0,67.7,4,100.0,2026-08-08 21:05:00,Stevens Creek,400560,21,Saturday,True
08/08/2026,21:10,227.0,67.7,4,100.0,2026-08-08 21:10:00,Stevens Creek,400560,21,Saturday,True
08/08/2026,21:15,228.0,67.8,4,100.0,2026-08-08 21:15:00,Stevens Creek,400560,21,Saturday,True
08/08/2026,21:20,276.0,66.8,4,100.0,2026-08-08 21:20:00,Stevens Creek,400560,21,Saturday,True
08/08/2026,21:25,260.0,66.9,4,100.0,2026-08-08 21:25:00,Stevens Creek,400560,21,Saturday,True
08/08/2026,21:30,227.0,67.0,4,100.0,2026-08-08 21:30:00,Stevens Creek,400560,21,Saturday,True
08/08/2026,21:35,229.0,67.4,4,100.0,2026-08-08 21:35:00,Stevens Creek,400560,21,Saturday,True
08/08/2026,21:40,227.0,67.9,4,100.0,2026-08-08 21:40:00,Stevens Creek,400560,21,Saturday,True
08/08/2026,21:45,224.0,68.0,4,100.0,2026-08-08 21:45:00,Stevens Creek,400560,21,Saturday,True
08/08/2026,21:50,211.0,67.7,4,100.0,2026-08-08 21:50:00,Stevens Creek,400560,21,Saturday,True
08/08/2026,21:55,180.0,68.8,4,100.0,2026-08-08 21:55:00,Stevens Creek,400560,21,Saturday,True
08/08/2026,22:00,197.0,67.6,4,100.0,2026-08-08 22:00:00,Stevens Creek,400560,22,Saturday,True
08/08/2026,22:05,183.0,67.6,4,100.0,2026-08-08 22:05:00,Stevens Creek,400560,22,Saturday,True
08/08/2026,22:10,178.0,67.8,4,100.0,2026-08-08 22:10:00,Stevens Creek,400560,22,Saturday,True
08/08/2026,22:15,176.0,66.9,4,100.0,2026-08-08 22:15:00,Stevens Creek,400560,22,Saturday,True
08/08/2026,22:20,205.0,67.6,4,100.0,2026-08-08 22:20:00,Stevens Creek,400560,22,Saturday,True
08/08/2026,22:25,173.0,67.7,4,100.0,2026-08-08 22:25:00,Stevens Creek,400560,22,Saturday,True
08/08/2026,22:30,155.0,68.1,4,100.0,2026-08-08 22:30:00,Stevens Creek,400560,22,Saturday,True
08/08/2026,22:35,152.0,68.2,4,100.0,2026-08-08 22:35:00,Stevens Creek,400560,22,Saturday,True
08/08/2026,22:40,137.0,67.8,4,100.0,2026-08-08 22:40:00,Stevens Creek,400560,22,Saturday,True
08/08/2026,22:45,135.0,67.0,4,100.0,2026-08-08 22:45:00,Stevens Creek,400560,22,Saturday,True
08/08/2026,22:50,133.0,68.6,4,100.0,2026-08-08 22:50:00,Stevens Creek,400560,22,Saturday,True
08/08/2026,22:55,134.0,68.7,4,100.0,2026-08-08 22:55:00,Stevens Creek,400560,22,Saturday,True
08/08/2026,23:00,126.0,68.2,4,100.0,2026-08-08 23:00:00,Stevens Creek,400560,23,Saturday,True
08/08/2026,23:05,116.0,67.5,4,100.0,2026-08-08 23:05:00,Stevens Creek,400560,23,Saturday,True
08/08/2026,23:10,113.0,67.5,4,100.0,2026-08-08 23:10:00,Stevens Creek,400560,23,Saturday,True
08/08/2026,23:15,89.0,67.0,4,100.0,2026-08-08 23:15:00,Stevens Creek,400560,23,Saturday,True
08/08/2026,23:20,124.0,67.7,4,100.0,2026-08-08 23:20:00,Stevens Creek,400560,23,Saturday,True
08/08/2026,23:25,88.0,67.6,4,100.0,2026-08-08 23:25:00,Stevens Creek,400560,23,Saturday,True
08/08/2026,23:30,90.0,67.2,4,100.0,2026-08-08 23:30:00,Stevens Creek,400560,23,Saturday,True
08/08/2026,23:35,88.0,67.4,4,100.0,2026-08-08 23:35:00,Stevens Creek,400560,23,Saturday,True
08/08/2026,23:40,85.0,67.5,4,100.0,2026-08-08 23:40:00,Stevens Creek,400560,23,Saturday,True
08/08/2026,23:45,84.0,67.9,4,100.0,2026-08-08 23:45:00,Stevens Creek,400560,23,Saturday,True
08/08/2026,23:50,83.0,67.7,4,100.0,2026-08-08 23:50:00,Stevens Creek,400560,23,Saturday,True
08/08/2026,23:55,66.0,67.7,4,100.0,2026-08-08 23:55:00,Stevens Creek,400560,23,Saturday,True
08/09/2026,00:00,80.0,68.2,4,100.0,2026-08-09 00:00:00,Stevens Creek,400560,0,Sunday,True
08/09/2026,00:05,73.0,67.8,4,100.0,2026-08-09 00:05:00,Stevens Creek,400560,0,Sunday,True
08/09/2026,00:10,104.0,68.6,4,100.0,2026-08-09 00:10:00,Stevens Creek,400560,0,Sunday,True
08/09/2026,00:15,146.0,69.9,4,100.0,2026-08-09 00:15:00,Stevens Creek,400560,0,Sunday,True
08/09/2026,00:20,71.0,69.3,4,100.0,2026-08-09 00:20:00,Stevens Creek,400560,0,Sunday,True
08/09/2026,00:25,79.0,68.1,4,100.0,2026-08-09 00:25:00,Stevens Creek,400560,0,Sunday,True
08/09/2026,00:30,64.0,68.6,4,100.0,2026-08-09 00:30:00,Stevens Creek,400560,0,Sunday,True
08/09/2026,00:35,51.0,66.6,4,100.0,2026-08-09 00:35:00,Stevens Creek,400560,0,Sunday,True
08/09/2026,00:40,49.0,67.3,4,100.0,2026-08-09 00:40:00,Stevens Creek,400560,0,Sunday,True
08/09/2026,00:45,40.0,67.8,4,100.0,2026-08-09 00:45:00,Stevens Creek,400560,0,Sunday,True
08/09/2026,00:50,30.0,67.0,4,100.0,2026-08-09 00:50:00,Stevens Creek,400560,0,Sunday,True
08/09/2026,00:55,32.0,67.9,4,100.0,2026-08-09 00:55:00,Stevens Creek,400560,0,Sunday,True
08/09/2026,01:00,43.0,68.2,4,100.0,2026-08-09 01:00:00,Stevens Creek,400560,1,Sunday,True
08/09/2026,01:05,42.0,67.2,4,100.0,2026-08-09 01:05:00,Stevens Creek,400560,1,Sunday,True
08/09/2026,01:10,37.0,67.4,4,100.0,2026-08-09 01:10:00,Stevens Creek,400560,1,Sunday,True
08/09/2026,01:15,27.0,67.2,4,100.0,2026-08-09 01:15:00,Stevens Creek,400560,1,Sunday,True
08/09/2026,01:20,36.0,67.1,4,100.0,2026-08-09 01:20:00,Stevens Creek,400560,1,Sunday,True
08/09/2026,01:25,19.0,67.7,4,100.0,2026-08-09 01:25:00,Stevens Creek,400560,1,Sunday,True
08/09/2026,01:30,21.0,66.8,4,100.0,2026-08-09 01:30:00,Stevens Creek,400560,1,Sunday,True
08/09/2026,01:35,28.0,67.4,4,100.0,2026-08-09 01:35:00,Stevens Creek,400560,1,Sunday,True
08/09/2026,01:40,31.0,66.7,4,100.0,2026-08-09 01:40:00,Stevens Creek,400560,1,Sunday,True
08/09/2026,01:45,36.0,67.8,4,100.0,2026-08-09 01:45:00,Stevens Creek,400560,1,Sunday,True
08/09/2026,01:50,29.0,67.5,4,100.0,2026-08-09 01:50:00,Stevens Creek,400560,1,Sunday,True
08/09/2026,01:55,41.0,67.4,4,100.0,2026-08-09 01:55:00,Stevens Creek,400560,1,Sunday,True
08/09/2026,02:00,28.0,67.9,4,100.0,2026-08-09 02:00:00,Stevens Creek,400560,2,Sunday,True
08/09/2026,02:05,33.0,67.6,4,100.0,2026-08-09 02:05:00,Stevens Creek,400560,2,Sunday,True
08/09/2026,02:10,28.0,68.2,4,100.0,2026-08-09 02:10:00,Stevens Creek,400560,2,Sunday,True
08/09/2026,02:15,21.0,66.6,4,100.0,2026-08-09 02:15:00,Stevens Creek,400560,2,Sunday,True
08/09/2026,02:20,21.0,66.8,4,100.0,2026-08-09 02:20:00,Stevens Creek,400560,2,Sunday,True
08/09/2026,02:25,21.0,66.9,4,100.0,2026-08-09 02:25:00,Stevens Creek,400560,2,Sunday,True
08/09/2026,02:30,25.0,67.1,4,100.0,2026-08-09 02:30:00,Stevens Creek,400560,2,Sunday,True
08/09/2026,02:35,22.0,66.7,4,100.0,2026-08-09 02:35:00,Stevens Creek,400560,2,Sunday,True
08/09/2026,02:40,25.0,68.6,4,100.0,2026-08-09 02:40:00,Stevens Creek,400560,2,Sunday,True
08/09/2026,02:45,29.0,68.1,4,100.0,2026-08-09 02:45:00,Stevens Creek,400560,2,Sunday,True
08/09/2026,02:50,22.0,67.4,4,100.0,2026-08-09 02:50:00,Stevens Creek,400560,2,Sunday,True
08/09/2026,02:55,21.0,67.6,4,100.0,2026-08-09 02:55:00,Stevens Creek,400560,2,Sunday,True
08/09/2026,03:00,21.0,66.8,4,100.0,2026-08-09 03:00:00,Stevens Creek,400560,3,Sunday,True
08/09/2026,03:05,24.0,68.3,4,100.0,2026-08-09 03:05:00,Stevens Creek,400560,3,Sunday,True
08/09/2026,03:10,20.0,67.6,4,100.0,2026-08-09 03:10:00,Stevens Creek,400560,3,Sunday,True
08/09/2026,03:15,18.0,66.2,4,100.0,2026-08-09 03:15:00,Stevens Creek,400560,3,Sunday,True
08/09/2026,03:20,16.0,67.4,4,100.0,2026-08-09 03:20:00,Stevens Creek,400560,3,Sunday,True
08/09/2026,03:25,18.0,68.1,4,100.0,2026-08-09 03:25:00,Stevens Creek,400560,3,Sunday,True
08/09/2026,03:30,15.0,66.9,4,100.0,2026-08-09 03:30:00,Stevens Creek,400560,3,Sunday,True
08/09/2026,03:35,13.0,66.5,4,100.0,2026-08-09 03:35:00,Stevens Creek,400560,3,Sunday,True
08/09/2026,03:40,25.0,67.1,4,100.0,2026-08-09 03:40:00,Stevens Creek,400560,3,Sunday,True
08/09/2026,03:45,16.0,67.4,4,100.0,2026-08-09 03:45:00,Stevens Creek,400560,3,Sunday,True
08/09/2026,03:50,20.0,67.8,4,100.0,2026-08-09 03:50:00,Stevens Creek,400560,3,Sunday,True
08/09/2026,03:55,17.0,68.7,4,100.0,2026-08-09 03:55:00,Stevens Creek,400560,3,Sunday,True
08/09/2026,04:00,20.0,67.2,4,100.0,2026-08-09 04:00:00,Stevens Creek,400560,4,Sunday,True
08/09/2026,04:05,14.0,67.6,4,100.0,2026-08-09 04:05:00,Stevens Creek,400560,4,Sunday,True
08/09/2026,04:10,12.0,66.7,4,100.0,2026-08-09 04:10:00,Stevens Creek,400560,4,Sunday,True
08/09/2026,04:15,14.0,70.0,4,100.0,2026-08-09 04:15:00,Stevens Creek,400560,4,Sunday,True
08/09/2026,04:20,13.0,67.7,4,100.0,2026-08-09 04:20:00,Stevens Creek,400560,4,Sunday,True
08/09/2026,04:25,19.0,67.6,4,100.0,2026-08-09 04:25:00,Stevens Creek,400560,4,Sunday,True
08/09/2026,04:30,9.0,64.9,4,100.0,2026-08-09 04:30:00,Stevens Creek,400560,4,Sunday,True
08/09/2026,04:35,29.0,66.7,4,100.0,2026-08-09 04:35:00,Stevens Creek,400560,4,Sunday,True
08/09/2026,04:40,22.0,66.8,4,100.0,2026-08-09 04:40:00,Stevens Creek,400560,4,Sunday,True
08/09/2026,04:45,35.0,67.7,4,100.0,2026-08-09 04:45:00,Stevens Creek,400560,4,Sunday,True
08/09/2026,04:50,34.0,66.6,4,100.0,2026-08-09 04:50:00,Stevens Creek,400560,4,Sunday,True
08/09/2026,04:55,31.0,66.7,4,100.0,2026-08-09 04:55:00,Stevens Creek,400560,4,Sunday,True
08/09/2026,05:00,34.0,68.2,4,100.0,2026-08-09 05:00:00,Stevens Creek,400560,5,Sunday,True
08/09/2026,05:05,23.0,67.2,4,100.0,2026-08-09 05:05:00,Stevens Creek,400560,5,Sunday,True
08/09/2026,05:10,28.0,67.2,4,100.0,2026-08-09 05:10:00,Stevens Creek,400560,5,Sunday,True
08/09/2026,05:15,33.0,67.5,4,100.0,2026-08-09 05:15:00,Stevens Creek,400560,5,Sunday,True
08/09/2026,05:20,40.0,67.4,4,100.0,2026-08-09 05:20:00,Stevens Creek,400560,5,Sunday,True
08/09/2026,05:25,40.0,67.5,4,100.0,2026-08-09 05:25:00,Stevens Creek,400560,5,Sunday,True
08/09/2026,05:30,39.0,68.0,4,100.0,2026-08-09 05:30:00,Stevens Creek,400560,5,Sunday,True
08/09/2026,05:35,53.0,67.6,4,100.0,2026-08-09 05:35:00,Stevens Creek,400560,5,Sunday,True
08/09/2026,05:40,67.0,67.8,4,100.0,2026-08-09 05:40:00,Stevens Creek,400560,5,Sunday,True
08/09/2026,05:45,74.0,67.3,4,100.0,2026-08-09 05:45:00,Stevens Creek,400560,5,Sunday,True
08/09/2026,05:50,60.0,68.3,4,100.0,2026-08-09 05:50:00,Stevens Creek,400560,5,Sunday,True
08/09/2026,05:55,64.0,67.7,4,100.0,2026-08-09 05:55:00,Stevens Creek,400560,5,Sunday,True
08/09/2026,06:00,59.0,67.5,4,100.0,2026-08-09 06:00:00,Stevens Creek,400560,6,Sunday,True
08/09/2026,06:05,49.0,68.0,4,100.0,2026-08-09 06:05:00,Stevens Creek,400560,6,Sunday,True
08/09/2026,06:10,72.0,68.7,4,100.0,2026-08-09 06:10:00,Stevens Creek,400560,6,Sunday,True
08/09/2026,06:15,65.0,68.6,4,100.0,2026-08-09 06:15:00,Stevens Creek,400560,6,Sunday,True
08/09/2026,06:20,84.0,68.9,4,100.0,2026-08-09 06:20:00,Stevens Creek,400560,6,Sunday,True
08/09/2026,06:25,109.0,68.2,4,100.0,2026-08-09 06:25:00,Stevens Creek,400560,6,Sunday,True
08/09/2026,06:30,85.0,68.1,4,100.0,2026-08-09 06:30:00,Stevens Creek,400560,6,Sunday,True
08/09/2026,06:35,84.0,68.0,4,100.0,2026-08-09 06:35:00,Stevens Creek,400560,6,Sunday,True
08/09/2026,06:40,99.0,67.8,4,100.0,2026-08-09 06:40:00,Stevens Creek,400560,6,Sunday,True
08/09/2026,06:45,100.0,68.8,4,100.0,2026-08-09 06:45:00,Stevens Creek,400560,6,Sunday,True
08/09/2026,06:50,125.0,68.3,4,100.0,2026-08-09 06:50:00,Stevens Creek,400560,6,Sunday,True
08/09/2026,06:55,120.0,67.6,4,100.0,2026-08-09 06:55:00,Stevens Creek,400560,6,Sunday,True
08/09/2026,07:00,83.0,67.4,4,100.0,2026-08-09 07:00:00,Stevens Creek,400560,7,Sunday,True
08/09/2026,07:05,99.0,68.4,4,100.0,2026-08-09 07:05:00,Stevens Creek,400560,7,Sunday,True
08/09/2026,07:10,98.0,68.3,4,100.0,2026-08-09 07:10:00,Stevens Creek,400560,7,Sunday,True
08/09/2026,07:15,97.0,67.7,4,100.0,2026-08-09 07:15:00,Stevens Creek,400560,7,Sunday,True
08/09/2026,07:20,97.0,67.6,4,100.0,2026-08-09 07:20:00,Stevens Creek,400560,7,Sunday,True
08/09/2026,07:25,100.0,67.5,4,100.0,2026-08-09 07:25:00,Stevens Creek,400560,7,Sunday,True
08/09/2026,07:30,89.0,67.1,4,100.0,2026-08-09 07:30:00,Stevens Creek,400560,7,Sunday,True
08/09/2026,07:35,106.0,68.2,4,100.0,2026-08-09 07:35:00,Stevens Creek,400560,7,Sunday,True
08/09/2026,07:40,110.0,67.5,4,100.0,2026-08-09 07:40:00,Stevens Creek,400560,7,Sunday,True
08/09/2026,07:45,135.0,66.8,4,100.0,2026-08-09 07:45:00,Stevens Creek,400560,7,Sunday,True
08/09/2026,07:50,172.0,68.0,4,100.0,2026-08-09 07:50:00,Stevens Creek,400560,7,Sunday,True
08/09/2026,07:55,136.0,66.2,4,100.0,2026-08-09 07:55:00,Stevens Creek,400560,7,Sunday,True
08/09/2026,08:00,94.0,66.6,4,100.0,2026-08-09 08:00:00,Stevens Creek,400560,8,Sunday,True
08/09/2026,08:05,102.0,67.2,4,100.0,2026-08-09 08:05:00,Stevens Creek,400560,8,Sunday,True
08/09/2026,08:10,129.0,67.4,4,100.0,2026-08-09 08:10:00,Stevens Creek,400560,8,Sunday,True
08/09/2026,08:15,126.0,67.5,4,100.0,2026-08-09 08:15:00,Stevens Creek,400560,8,Sunday,True
08/09/2026,08:20,145.0,68.2,4,100.0,2026-08-09 08:20:00,Stevens Creek,400560,8,Sunday,True
08/09/2026,08:25,146.0,68.4,4,100.0,2026-08-09 08:25:00,Stevens Creek,400560,8,Sunday,True
08/09/2026,08:30,134.0,67.5,4,100.0,2026-08-09 08:30:00,Stevens Creek,400560,8,Sunday,True
08/09/2026,08:35,153.0,67.9,4,100.0,2026-08-09 08:35:00,Stevens Creek,400560,8,Sunday,True
08/09/2026,08:40,195.0,68.3,4,100.0,2026-08-09 08:40:00,Stevens Creek,400560,8,Sunday,True
08/09/2026,08:45,211.0,68.1,4,100.0,2026-08-09 08:45:00,Stevens Creek,400560,8,Sunday,True
08/09/2026,08:50,196.0,67.7,4,100.0,2026-08-09 08:50:00,Stevens Creek,400560,8,Sunday,True
08/09/2026,08:55,192.0,68.0,4,100.0,2026-08-09 08:55:00,Stevens Creek,400560,8,Sunday,True
08/09/2026,09:00,188.0,67.8,4,100.0,2026-08-09 09:00:00,Stevens Creek,400560,9,Sunday,True
08/09/2026,09:05,178.0,68.1,4,100.0,2026-08-09 09:05:00,Stevens Creek,400560,9,Sunday,True
08/09/2026,09:10,204.0,67.9,4,100.0,2026-08-09 09:10:00,Stevens Creek,400560,9,Sunday,True
08/09/2026,09:15,214.0,68.3,4,100.0,2026-08-09 09:15:00,Stevens Creek,400560,9,Sunday,True
08/09/2026,09:20,255.0,68.4,4,100.0,2026-08-09 09:20:00,Stevens Creek,400560,9,Sunday,True
08/09/2026,09:25,216.0,68.6,4,100.0,2026-08-09 09:25:00,Stevens Creek,400560,9,Sunday,True
08/09/2026,09:30,258.0,68.7,4,100.0,2026-08-09 09:30:00,Stevens Creek,400560,9,Sunday,True
08/09/2026,09:35,252.0,68.2,4,100.0,2026-08-09 09:35:00,Stevens Creek,400560,9,Sunday,True
08/09/2026,09:40,262.0,68.4,4,100.0,2026-08-09 09:40:00,Stevens Creek,400560,9,Sunday,True
08/09/2026,09:45,292.0,67.8,4,100.0,2026-08-09 09:45:00,Stevens Creek,400560,9,Sunday,True
08/09/2026,09:50,307.0,67.8,4,100.0,2026-08-09 09:50:00,Stevens Creek,400560,9,Sunday,True
08/09/2026,09:55,289.0,67.8,4,100.0,2026-08-09 09:55:00,Stevens Creek,400560,9,Sunday,True
08/09/2026,10:00,281.0,67.6,4,100.0,2026-08-09 10:00:00,Stevens Creek,400560,10,Sunday,True
08/09/2026,10:05,235.0,66.6,4,100.0,2026-08-09 10:05:00,Stevens Creek,400560,10,Sunday,True
08/09/2026,10:10,279.0,67.2,4,100.0,2026-08-09 10:10:00,Stevens Creek,400560,10,Sunday,True
08/09/2026,10:15,250.0,66.7,4,100.0,2026-08-09 10:15:00,Stevens Creek,400560,10,Sunday,True
08/09/2026,10:20,305.0,66.5,4,100.0,2026-08-09 10:20:00,Stevens Creek,400560,10,Sunday,True
08/09/2026,10:25,307.0,66.7,4,100.0,2026-08-09 10:25:00,Stevens Creek,400560,10,Sunday,True
08/09/2026,10:30,275.0,66.8,4,100.0,2026-08-09 10:30:00,Stevens Creek,400560,10,Sunday,True
08/09/2026,10:35,289.0,66.5,4,100.0,2026-08-09 10:35:00,Stevens Creek,400560,10,Sunday,True
08/09/2026,10:40,329.0,66.0,4,100.0,2026-08-09 10:40:00,Stevens Creek,400560,10,Sunday,True
08/09/2026,10:45,345.0,66.2,4,100.0,2026-08-09 10:45:00,Stevens Creek,400560,10,Sunday,True
08/09/2026,10:50,358.0,65.8,4,100.0,2026-08-09 10:50:00,Stevens Creek,400560,10,Sunday,True
08/09/2026,10:55,309.0,66.3,4,100.0,2026-08-09 10:55:00,Stevens Creek,400560,10,Sunday,True
08/09/2026,11:00,291.0,66.7,4,100.0,2026-08-09 11:00:00,Stevens Creek,400560,11,Sunday,True
08/09/2026,11:05,305.0,66.0,4,100.0,2026-08-09 11:05:00,Stevens Creek,400560,11,Sunday,True
08/09/2026,11:10,317.0,66.2,4,100.0,2026-08-09 11:10:00,Stevens Creek,400560,11,Sunday,True
08/09/2026,11:15,346.0,64.7,4,100.0,2026-08-09 11:15:00,Stevens Creek,400560,11,Sunday,True
08/09/2026,11:20,355.0,64.6,4,100.0,2026-08-09 11:20:00,Stevens Creek,400560,11,Sunday,True
08/09/2026,11:25,345.0,65.1,4,100.0,2026-08-09 11:25:00,Stevens Creek,400560,11,Sunday,True
08/09/2026,11:30,281.0,65.2,4,100.0,2026-08-09 11:30:00,Stevens Creek,400560,11,Sunday,True
08/09/2026,11:35,318.0,65.3,4,100.0,2026-08-09 11:35:00,Stevens Creek,400560,11,Sunday,True
08/09/2026,11:40,328.0,64.8,4,100.0,2026-08-09 11:40:00,Stevens Creek,400560,11,Sunday,True
08/09/2026,11:45,340.0,65.3,4,100.0,2026-08-09 11:45:00,Stevens Creek,400560,11,Sunday,True
08/09/2026,11:50,351.0,64.8,4,100.0,2026-08-09 11:50:00,Stevens Creek,400560,11,Sunday,True
08/09/2026,11:55,350.0,64.0,4,100.0,2026-08-09 11:55:00,Stevens Creek,400560,11,Sunday,True
08/09/2026,12:00,329.0,64.2,4,100.0,2026-08-09 12:00:00,Stevens Creek,400560,12,Sunday,True
08/09/2026,12:05,323.0,64.4,4,100.0,2026-08-09 12:05:00,Stevens Creek,400560,12,Sunday,True
08/09/2026,12:10,347.0,64.9,4,100.0,2026-08-09 12:10:00,Stevens Creek,400560,12,Sunday,True
08/09/2026,12:15,277.0,66.0,4,100.0,2026-08-09 12:15:00,Stevens Creek,400560,12,Sunday,True
08/09/2026,12:20,323.0,65.5,4,100.0,2026-08-09 12:20:00,Stevens Creek,400560,12,Sunday,True
08/09/2026,12:25,310.0,65.0,4,100.0,2026-08-09 12:25:00,Stevens Creek,400560,12,Sunday,True
08/09/2026,12:30,335.0,64.8,4,100.0,2026-08-09 12:30:00,Stevens Creek,400560,12,Sunday,True
08/09/2026,12:35,346.0,65.0,4,100.0,2026-08-09 12:35:00,Stevens Creek,400560,12,Sunday,True
08/09/2026,12:40,344.0,64.8,4,100.0,2026-08-09 12:40:00,Stevens Creek,400560,12,Sunday,True
08/09/2026,12:45,373.0,64.1,4,100.0,2026-08-09 12:45:00,Stevens Creek,400560,12,Sunday,True
08/09/2026,12:50,380.0,64.9,4,100.0,2026-08-09 12:50:00,Stevens Creek,400560,12,Sunday,True
08/09/2026,12:55,373.0,64.9,4,100.0,2026-08-09 12:55:00,Stevens Creek,400560,12,Sunday,True
08/09/2026,13:00,359.0,64.3,4,100.0,2026-08-09 13:00:00,Stevens Creek,400560,13,Sunday,True
08/09/2026,13:05,344.0,64.1,4,100.0,2026-08-09 13:05:00,Stevens Creek,400560,13,Sunday,True
08/09/2026,13:10,349.0,64.5,4,100.0,2026-08-09 13:10:00,Stevens Creek,400560,13,Sunday,True
08/09/2026,13:15,344.0,64.6,4,100.0,2026-08-09 13:15:00,Stevens Creek,400560,13,Sunday,True
08/09/2026,13:20,311.0,64.9,4,100.0,2026-08-09 13:20:00,Stevens Creek,400560,13,Sunday,True
08/09/2026,13:25,350.0,64.1,4,100.0,2026-08-09 13:25:00,Stevens Creek,400560,13,Sunday,True
08/09/2026,13:30,362.0,64.6,4,100.0,2026-08-09 13:30:00,Stevens Creek,400560,13,Sunday,True
08/09/2026,13:35,359.0,64.6,4,100.0,2026-08-09 13:35:00,Stevens Creek,400560,13,Sunday,True
08/09/2026,13:40,327.0,65.0,4,100.0,2026-08-09 13:40:00,Stevens Creek,400560,13,Sunday,True
08/09/2026,13:45,328.0,65.1,4,100.0,2026-08-09 13:45:00,Stevens Creek,400560,13,Sunday,True
08/09/2026,13:50,339.0,65.4,4,100.0,2026-08-09 13:50:00,Stevens Creek,400560,13,Sunday,True
08/09/2026,13:55,307.0,65.5,4,100.0,2026-08-09 13:55:00,Stevens Creek,400560,13,Sunday,True
08/09/2026,14:00,292.0,65.5,4,100.0,2026-08-09 14:00:00,Stevens Creek,400560,14,Sunday,True
08/09/2026,14:05,294.0,65.8,4,100.0,2026-08-09 14:05:00,Stevens Creek,400560,14,Sunday,True
08/09/2026,14:10,342.0,65.0,4,100.0,2026-08-09 14:10:00,Stevens Creek,400560,14,Sunday,True
08/09/2026,14:15,319.0,65.5,4,100.0,2026-08-09 14:15:00,Stevens Creek,400560,14,Sunday,True
08/09/2026,14:20,306.0,65.1,4,100.0,2026-08-09 14:20:00,Stevens Creek,400560,14,Sunday,True
08/09/2026,14:25,362.0,65.2,4,100.0,2026-08-09 14:25:00,Stevens Creek,400560,14,Sunday,True
08/09/2026,14:30,325.0,65.6,4,100.0,2026-08-09 14:30:00,Stevens Creek,400560,14,Sunday,True
08/09/2026,14:35,339.0,65.3,4,100.0,2026-08-09 14:35:00,Stevens Creek,400560,14,Sunday,True
08/09/2026,14:40,323.0,64.6,4,100.0,2026-08-09 14:40:00,Stevens Creek,400560,14,Sunday,True
08/09/2026,14:45,324.0,65.4,4,100.0,2026-08-09 14:45:00,Stevens Creek,400560,14,Sunday,True
08/09/2026,14:50,344.0,65.6,4,100.0,2026-08-09 14:50:00,Stevens Creek,400560,14,Sunday,True
08/09/2026,14:55,332.0,65.9,4,100.0,2026-08-09 14:55:00,Stevens Creek,400560,14,Sunday,True
08/09/2026,15:00,334.0,65.1,4,100.0,2026-08-09 15:00:00,Stevens Creek,400560,15,Sunday,True
08/09/2026,15:05,328.0,64.7,4,100.0,2026-08-09 15:05:00,Stevens Creek,400560,15,Sunday,True
08/09/2026,15:10,347.0,63.7,4,100.0,2026-08-09 15:10:00,Stevens Creek,400560,15,Sunday,True
08/09/2026,15:15,330.0,63.9,4,100.0,2026-08-09 15:15:00,Stevens Creek,400560,15,Sunday,True
08/09/2026,15:20,325.0,64.2,4,100.0,2026-08-09 15:20:00,Stevens Creek,400560,15,Sunday,True
08/09/2026,15:25,321.0,64.0,4,100.0,2026-08-09 15:25:00,Stevens Creek,400560,15,Sunday,True
08/09/2026,15:30,304.0,64.3,4,100.0,2026-08-09 15:30:00,Stevens Creek,400560,15,Sunday,True
08/09/2026,15:35,352.0,63.3,4,100.0,2026-08-09 15:35:00,Stevens Creek,400560,15,Sunday,True
08/09/2026,15:40,352.0,64.6,4,100.0,2026-08-09 15:40:00,Stevens Creek,400560,15,Sunday,True
08/09/2026,15:45,336.0,63.1,4,100.0,2026-08-09 15:45:00,Stevens Creek,400560,15,Sunday,True
08/09/2026,15:50,335.0,63.4,4,100.0,2026-08-09 15:50:00,Stevens Creek,400560,15,Sunday,True
08/09/2026,15:55,309.0,63.2,4,100.0,2026-08-09 15:55:00,Stevens Creek,400560,15,Sunday,True
08/09/2026,16:00,298.0,64.1,4,100.0,2026-08-09 16:00:00,Stevens Creek,400560,16,Sunday,True
08/09/2026,16:05,331.0,64.0,4,100.0,2026-08-09 16:05:00,Stevens Creek,400560,16,Sunday,True
08/09/2026,16:10,306.0,64.1,4,100.0,2026-08-09 16:10:00,Stevens Creek,400560,16,Sunday,True
08/09/2026,16:15,318.0,64.2,4,100.0,2026-08-09 16:15:00,Stevens Creek,400560,16,Sunday,True
08/09/2026,16:20,333.0,63.8,4,100.0,2026-08-09 16:20:00,Stevens Creek,400560,16,Sunday,True
08/09/2026,16:25,323.0,64.7,4,100.0,2026-08-09 16:25:00,Stevens Creek,400560,16,Sunday,True
08/09/2026,16:30,314.0,64.7,4,100.0,2026-08-09 16:30:00,Stevens Creek,400560,16,Sunday,True
08/09/2026,16:35,296.0,64.6,4,100.0,2026-08-09 16:35:00,Stevens Creek,400560,16,Sunday,True
08/09/2026,16:40,300.0,64.2,4,100.0,2026-08-09 16:40:00,Stevens Creek,400560,16,Sunday,True
08/09/2026,16:45,340.0,64.8,4,100.0,2026-08-09 16:45:00,Stevens Creek,400560,16,Sunday,True
08/09/2026,16:50,351.0,64.2,4,100.0,2026-08-09 16:50:00,Stevens Creek,400560,16,Sunday,True
08/09/2026,16:55,341.0,64.2,4,100.0,2026-08-09 16:55:00,Stevens Creek,400560,16,Sunday,True
08/09/2026,17:00,342.0,64.2,4,100.0,2026-08-09 17:00:00,Stevens Creek,400560,17,Sunday,True
08/09/2026,17:05,305.0,64.4,4,100.0,2026-08-09 17:05:00,Stevens Creek,400560,17,Sunday,True
08/09/2026,17:10,348.0,64.9,4,100.0,2026-08-09 17:10:00,Stevens Creek,400560,17,Sunday,True
08/09/2026,17:15,324.0,64.7,4,100.0,2026-08-09 17:15:00,Stevens Creek,400560,17,Sunday,True
08/09/2026,17:20,341.0,63.9,4,100.0,2026-08-09 17:20:00,Stevens Creek,400560,17,Sunday,True
08/09/2026,17:25,334.0,63.6,4,100.0,2026-08-09 17:25:00,Stevens Creek,400560,17,Sunday,True
08/09/2026,17:30,287.0,64.2,4,100.0,2026-08-09 17:30:00,Stevens Creek,400560,17,Sunday,True
08/09/2026,17:35,331.0,64.9,4,100.0,2026-08-09 17:35:00,Stevens Creek,400560,17,Sunday,True
08/09/2026,17:40,321.0,64.4,4,100.0,2026-08-09 17:40:00,Stevens Creek,400560,17,Sunday,True
08/09/2026,17:45,326.0,65.2,4,100.0,2026-08-09 17:45:00,Stevens Creek,400560,17,Sunday,True
08/09/2026,17:50,301.0,64.7,4,100.0,2026-08-09 17:50:00,Stevens Creek,400560,17,Sunday,True
08/09/2026,17:55,303.0,63.3,4,100.0,2026-08-09 17:55:00,Stevens Creek,400560,17,Sunday,True
08/09/2026,18:00,315.0,65.9,4,100.0,2026-08-09 18:00:00,Stevens Creek,400560,18,Sunday,True
08/09/2026,18:05,286.0,66.0,4,100.0,2026-08-09 18:05:00,Stevens Creek,400560,18,Sunday,True
08/09/2026,18:10,317.0,65.5,4,100.0,2026-08-09 18:10:00,Stevens Creek,400560,18,Sunday,True
08/09/2026,18:15,310.0,65.3,4,100.0,2026-08-09 18:15:00,Stevens Creek,400560,18,Sunday,True
08/09/2026,18:20,303.0,66.0,4,100.0,2026-08-09 18:20:00,Stevens Creek,400560,18,Sunday,True
08/09/2026,18:25,295.0,65.9,4,100.0,2026-08-09 18:25:00,Stevens Creek,400560,18,Sunday,True
08/09/2026,18:30,315.0,65.6,4,100.0,2026-08-09 18:30:00,Stevens Creek,400560,18,Sunday,True
08/09/2026,18:35,274.0,65.7,4,100.0,2026-08-09 18:35:00,Stevens Creek,400560,18,Sunday,True
08/09/2026,18:40,311.0,66.4,4,100.0,2026-08-09 18:40:00,Stevens Creek,400560,18,Sunday,True
08/09/2026,18:45,281.0,66.9,4,100.0,2026-08-09 18:45:00,Stevens Creek,400560,18,Sunday,True
08/09/2026,18:50,319.0,66.3,4,100.0,2026-08-09 18:50:00,Stevens Creek,400560,18,Sunday,True
08/09/2026,18:55,313.0,65.6,4,100.0,2026-08-09 18:55:00,Stevens Creek,400560,18,Sunday,True
08/09/2026,19:00,296.0,66.4,4,100.0,2026-08-09 19:00:00,Stevens Creek,400560,19,Sunday,True
08/09/2026,19:05,229.0,65.5,4,100.0,2026-08-09 19:05:00,Stevens Creek,400560,19,Sunday,True
08/09/2026,19:10,282.0,66.0,4,100.0,2026-08-09 19:10:00,Stevens Creek,400560,19,Sunday,True
08/09/2026,19:15,264.0,65.9,4,100.0,2026-08-09 19:15:00,Stevens Creek,400560,19,Sunday,True
08/09/2026,19:20,282.0,66.7,4,100.0,2026-08-09 19:20:00,Stevens Creek,400560,19,Sunday,True
08/09/2026,19:25,250.0,66.9,4,100.0,2026-08-09 19:25:00,Stevens Creek,400560,19,Sunday,True
08/09/2026,19:30,254.0,66.4,4,100.0,2026-08-09 19:30:00,Stevens Creek,400560,19,Sunday,True
08/09/2026,19:35,212.0,65.8,4,100.0,2026-08-09 19:35:00,Stevens Creek,400560,19,Sunday,True
08/09/2026,19:40,237.0,66.5,4,100.0,2026-08-09 19:40:00,Stevens Creek,400560,19,Sunday,True
08/09/2026,19:45,265.0,66.2,4,100.0,2026-08-09 19:45:00,Stevens Creek,400560,19,Sunday,True
08/09/2026,19:50,214.0,65.2,4,100.0,2026-08-09 19:50:00,Stevens Creek,400560,19,Sunday,True
08/09/2026,19:55,230.0,65.9,4,100.0,2026-08-09 19:55:00,Stevens Creek,400560,19,Sunday,True
08/09/2026,20:00,216.0,66.5,4,100.0,2026-08-09 20:00:00,Stevens Creek,400560,20,Sunday,True
08/09/2026,20:05,229.0,66.4,4,100.0,2026-08-09 20:05:00,Stevens Creek,400560,20,Sunday,True
08/09/2026,20:10,254.0,66.8,4,100.0,2026-08-09 20:10:00,Stevens Creek,400560,20,Sunday,True
08/09/2026,20:15,241.0,66.9,4,100.0,2026-08-09 20:15:00,Stevens Creek,400560,20,Sunday,True
08/09/2026,20:20,191.0,67.3,4,100.0,2026-08-09 20:20:00,Stevens Creek,400560,20,Sunday,True
08/09/2026,20:25,230.0,66.6,4,100.0,2026-08-09 20:25:00,Stevens Creek,400560,20,Sunday,True
08/09/2026,20:30,241.0,66.0,4,100.0,2026-08-09 20:30:00,Stevens Creek,400560,20,Sunday,True
08/09/2026,20:35,208.0,66.4,4,100.0,2026-08-09 20:35:00,Stevens Creek,400560,20,Sunday,True
08/09/2026,20:40,197.0,65.8,4,100.0,2026-08-09 20:40:00,Stevens Creek,400560,20,Sunday,True
08/09/2026,20:45,225.0,65.4,4,100.0,2026-08-09 20:45:00,Stevens Creek,400560,20,Sunday,True
08/09/2026,20:50,226.0,64.8,4,100.0,2026-08-09 20:50:00,Stevens Creek,400560,20,Sunday,True
08/09/2026,20:55,205.0,66.0,4,100.0,2026-08-09 20:55:00,Stevens Creek,400560,20,Sunday,True
08/09/2026,21:00,174.0,66.0,4,100.0,2026-08-09 21:00:00,Stevens Creek,400560,21,Sunday,True
08/09/2026,21:05,186.0,66.6,4,100.0,2026-08-09 21:05:00,Stevens Creek,400560,21,Sunday,True
08/09/2026,21:10,201.0,66.4,4,100.0,2026-08-09 21:10:00,Stevens Creek,400560,21,Sunday,True
08/09/2026,21:15,166.0,66.0,4,100.0,2026-08-09 21:15:00,Stevens Creek,400560,21,Sunday,True
08/09/2026,21:20,150.0,67.7,4,100.0,2026-08-09 21:20:00,Stevens Creek,400560,21,Sunday,True
08/09/2026,21:25,188.0,67.1,4,100.0,2026-08-09 21:25:00,Stevens Creek,400560,21,Sunday,True
08/09/2026,21:30,218.0,67.7,4,100.0,2026-08-09 21:30:00,Stevens Creek,400560,21,Sunday,True
08/09/2026,21:35,193.0,67.4,4,100.0,2026-08-09 21:35:00,Stevens Creek,400560,21,Sunday,True
08/09/2026,21:40,135.0,66.9,4,100.0,2026-08-09 21:40:00,Stevens Creek,400560,21,Sunday,True
08/09/2026,21:45,131.0,67.6,4,100.0,2026-08-09 21:45:00,Stevens Creek,400560,21,Sunday,True
08/09/2026,21:50,125.0,68.0,4,100.0,2026-08-09 21:50:00,Stevens Creek,400560,21,Sunday,True
08/09/2026,21:55,141.0,68.0,4,100.0,2026-08-09 21:55:00,Stevens Creek,400560,21,Sunday,True
08/09/2026,22:00,147.0,67.9,4,100.0,2026-08-09 22:00:00,Stevens Creek,400560,22,Sunday,True
08/09/2026,22:05,107.0,68.5,4,100.0,2026-08-09 22:05:00,Stevens Creek,400560,22,Sunday,True
08/09/2026,22:10,132.0,67.4,4,100.0,2026-08-09 22:10:00,Stevens Creek,400560,22,Sunday,True
08/09/2026,22:15,125.0,67.6,4,100.0,2026-08-09 22:15:00,Stevens Creek,400560,22,Sunday,True
08/09/2026,22:20,136.0,66.4,4,100.0,2026-08-09 22:20:00,Stevens Creek,400560,22,Sunday,True
08/09/2026,22:25,126.0,66.5,4,100.0,2026-08-09 22:25:00,Stevens Creek,400560,22,Sunday,True
08/09/2026,22:30,92.0,67.5,4,100.0,2026-08-09 22:30:00,Stevens Creek,400560,22,Sunday,True
08/09/2026,22:35,99.0,67.5,4,100.0,2026-08-09 22:35:00,Stevens Creek,400560,22,Sunday,True
08/09/2026,22:40,90.0,68.1,4,100.0,2026-08-09 22:40:00,Stevens Creek,400560,22,Sunday,True
08/09/2026,22:45,77.0,68.3,4,100.0,2026-08-09 22:45:00,Stevens Creek,400560,22,Sunday,True
08/09/2026,22:50,78.0,67.8,4,100.0,2026-08-09 22:50:00,Stevens Creek,400560,22,Sunday,True
08/09/2026,22:55,96.0,68.1,4,100.0,2026-08-09 22:55:00,Stevens Creek,400560,22,Sunday,True
08/09/2026,23:00,75.0,67.3,4,100.0,2026-08-09 23:00:00,Stevens Creek,400560,23,Sunday,True
08/09/2026,23:05,93.0,68.1,4,100.0,2026-08-09 23:05:00,Stevens Creek,400560,23,Sunday,True
08/09/2026,23:10,78.0,68.1,4,100.0,2026-08-09 23:10:00,Stevens Creek,400560,23,Sunday,True
08/09/2026,23:15,66.0,68.5,4,100.0,2026-08-09 23:15:00,Stevens Creek,400560,23,Sunday,True
08/09/2026,23:20,81.0,68.0,4,100.0,2026-08-09 23:20:00,Stevens Creek,400560,23,Sunday,True
08/09/2026,23:25,56.0,67.5,4,100.0,2026-08-09 23:25:00,Stevens Creek,400560,23,Sunday,True
08/09/2026,23:30,66.0,66.2,4,100.0,2026-08-09 23:30:00,Stevens Creek,400560,23,Sunday,True
08/09/2026,23:35,66.0,68.2,4,100.0,2026-08-09 23:35:00,Stevens Creek,400560,23,Sunday,True
08/09/2026,23:40,66.0,67.3,4,100.0,2026-08-09 23:40:00,Stevens Creek,400560,23,Sunday,True
08/09/2026,23:45,60.0,68.7,4,100.0,2026-08-09 23:45:00,Stevens Creek,400560,23,Sunday,True
08/09/2026,23:50,45.0,66.5,4,100.0,2026-08-09 23:50:00,Stevens Creek,400560,23,Sunday,True
08/09/2026,23:55,49.0,67.7,4,100.0,2026-08-09 23:55:00,Stevens Creek,400560,23,Sunday,True
08/03/2026,00:00,46.0,64.7,4,0.0,2026-08-03 00:00:00,Wolfe Rd,400499,0,Monday,False
08/03/2026,00:05,46.0,64.6,4,0.0,2026-08-03 00:05:00,Wolfe Rd,400499,0,Monday,False
08/03/2026,00:10,61.0,65.3,4,0.0,2026-08-03 00:10:00,Wolfe Rd,400499,0,Monday,False
08/03/2026,00:15,62.0,64.4,4,0.0,2026-08-03 00:15:00,Wolfe Rd,400499,0,Monday,False
08/03/2026,00:20,41.0,65.1,4,0.0,2026-08-03 00:20:00,Wolfe Rd,400499,0,Monday,False
08/03/2026,00:25,43.0,64.3,4,0.0,2026-08-03 00:25:00,Wolfe Rd,400499,0,Monday,False
08/03/2026,00:30,45.0,64.4,4,0.0,2026-08-03 00:30:00,Wolfe Rd,400499,0,Monday,False
08/03/2026,00:35,50.0,65.2,4,0.0,2026-08-03 00:35:00,Wolfe Rd,400499,0,Monday,False
08/03/2026,00:40,55.0,65.7,4,0.0,2026-08-03 00:40:00,Wolfe Rd,400499,0,Monday,False
08/03/2026,00:45,52.0,64.7,4,0.0,2026-08-03 00:45:00,Wolfe Rd,400499,0,Monday,False
08/03/2026,00:50,52.0,65.4,4,0.0,2026-08-03 00:50:00,Wolfe Rd,400499,0,Monday,False
08/03/2026,00:55,52.0,64.3,4,0.0,2026-08-03 00:55:00,Wolfe Rd,400499,0,Monday,False
08/03/2026,01:00,49.0,64.7,4,0.0,2026-08-03 01:00:00,Wolfe Rd,400499,1,Monday,False
08/03/2026,01:05,42.0,63.6,4,0.0,2026-08-03 01:05:00,Wolfe Rd,400499,1,Monday,False
08/03/2026,01:10,47.0,64.9,4,0.0,2026-08-03 01:10:00,Wolfe Rd,400499,1,Monday,False
08/03/2026,01:15,39.0,64.5,4,0.0,2026-08-03 01:15:00,Wolfe Rd,400499,1,Monday,False
08/03/2026,01:20,52.0,64.8,4,0.0,2026-08-03 01:20:00,Wolfe Rd,400499,1,Monday,False
08/03/2026,01:25,49.0,64.6,4,0.0,2026-08-03 01:25:00,Wolfe Rd,400499,1,Monday,False
08/03/2026,01:30,53.0,65.2,4,0.0,2026-08-03 01:30:00,Wolfe Rd,400499,1,Monday,False
08/03/2026,01:35,44.0,65.9,4,0.0,2026-08-03 01:35:00,Wolfe Rd,400499,1,Monday,False
08/03/2026,01:40,54.0,64.5,4,0.0,2026-08-03 01:40:00,Wolfe Rd,400499,1,Monday,False
08/03/2026,01:45,50.0,64.7,4,0.0,2026-08-03 01:45:00,Wolfe Rd,400499,1,Monday,False
08/03/2026,01:50,43.0,63.9,4,0.0,2026-08-03 01:50:00,Wolfe Rd,400499,1,Monday,False
08/03/2026,01:55,49.0,65.5,4,0.0,2026-08-03 01:55:00,Wolfe Rd,400499,1,Monday,False
08/03/2026,02:00,45.0,64.0,4,0.0,2026-08-03 02:00:00,Wolfe Rd,400499,2,Monday,False
08/03/2026,02:05,54.0,64.3,4,0.0,2026-08-03 02:05:00,Wolfe Rd,400499,2,Monday,False
08/03/2026,02:10,49.0,65.4,4,0.0,2026-08-03 02:10:00,Wolfe Rd,400499,2,Monday,False
08/03/2026,02:15,52.0,64.1,4,0.0,2026-08-03 02:15:00,Wolfe Rd,400499,2,Monday,False
08/03/2026,02:20,52.0,64.7,4,0.0,2026-08-03 02:20:00,Wolfe Rd,400499,2,Monday,False
08/03/2026,02:25,50.0,64.9,4,0.0,2026-08-03 02:25:00,Wolfe Rd,400499,2,Monday,False
08/03/2026,02:30,48.0,64.9,4,0.0,2026-08-03 02:30:00,Wolfe Rd,400499,2,Monday,False
08/03/2026,02:35,55.0,64.2,4,0.0,2026-08-03 02:35:00,Wolfe Rd,400499,2,Monday,False
08/03/2026,02:40,60.0,65.1,4,0.0,2026-08-03 02:40:00,Wolfe Rd,400499,2,Monday,False
08/03/2026,02:45,42.0,64.2,4,0.0,2026-08-03 02:45:00,Wolfe Rd,400499,2,Monday,False
08/03/2026,02:50,46.0,65.7,4,0.0,2026-08-03 02:50:00,Wolfe Rd,400499,2,Monday,False
08/03/2026,02:55,52.0,64.9,4,0.0,2026-08-03 02:55:00,Wolfe Rd,400499,2,Monday,False
08/03/2026,03:00,44.0,64.7,4,0.0,2026-08-03 03:00:00,Wolfe Rd,400499,3,Monday,False
08/03/2026,03:05,44.0,64.7,4,0.0,2026-08-03 03:05:00,Wolfe Rd,400499,3,Monday,False
08/03/2026,03:10,59.0,64.3,4,0.0,2026-08-03 03:10:00,Wolfe Rd,400499,3,Monday,False
08/03/2026,03:15,43.0,64.8,4,0.0,2026-08-03 03:15:00,Wolfe Rd,400499,3,Monday,False
08/03/2026,03:20,55.0,64.2,4,0.0,2026-08-03 03:20:00,Wolfe Rd,400499,3,Monday,False
08/03/2026,03:25,46.0,63.9,4,0.0,2026-08-03 03:25:00,Wolfe Rd,400499,3,Monday,False
08/03/2026,03:30,42.0,63.6,4,0.0,2026-08-03 03:30:00,Wolfe Rd,400499,3,Monday,False
08/03/2026,03:35,43.0,64.5,4,0.0,2026-08-03 03:35:00,Wolfe Rd,400499,3,Monday,False
08/03/2026,03:40,32.0,64.1,4,0.0,2026-08-03 03:40:00,Wolfe Rd,400499,3,Monday,False
08/03/2026,03:45,66.0,65.3,4,0.0,2026-08-03 03:45:00,Wolfe Rd,400499,3,Monday,False
08/03/2026,03:50,61.0,65.5,4,0.0,2026-08-03 03:50:00,Wolfe Rd,400499,3,Monday,False
08/03/2026,03:55,43.0,64.0,4,0.0,2026-08-03 03:55:00,Wolfe Rd,400499,3,Monday,False
08/03/2026,04:00,50.0,64.9,4,0.0,2026-08-03 04:00:00,Wolfe Rd,400499,4,Monday,False
08/03/2026,04:05,56.0,65.3,4,0.0,2026-08-03 04:05:00,Wolfe Rd,400499,4,Monday,False
08/03/2026,04:10,68.0,65.1,4,0.0,2026-08-03 04:10:00,Wolfe Rd,400499,4,Monday,False
08/03/2026,04:15,67.0,65.3,4,0.0,2026-08-03 04:15:00,Wolfe Rd,400499,4,Monday,False
08/03/2026,04:20,46.0,65.5,4,0.0,2026-08-03 04:20:00,Wolfe Rd,400499,4,Monday,False
08/03/2026,04:25,52.0,64.6,4,0.0,2026-08-03 04:25:00,Wolfe Rd,400499,4,Monday,False
08/03/2026,04:30,64.0,65.2,4,0.0,2026-08-03 04:30:00,Wolfe Rd,400499,4,Monday,False
08/03/2026,04:35,83.0,65.9,4,0.0,2026-08-03 04:35:00,Wolfe Rd,400499,4,Monday,False
08/03/2026,04:40,79.0,65.1,4,0.0,2026-08-03 04:40:00,Wolfe Rd,400499,4,Monday,False
08/03/2026,04:45,80.0,66.0,4,0.0,2026-08-03 04:45:00,Wolfe Rd,400499,4,Monday,False
08/03/2026,04:50,91.0,66.1,4,0.0,2026-08-03 04:50:00,Wolfe Rd,400499,4,Monday,False
08/03/2026,04:55,88.0,66.1,4,0.0,2026-08-03 04:55:00,Wolfe Rd,400499,4,Monday,False
08/03/2026,05:00,84.0,65.4,4,0.0,2026-08-03 05:00:00,Wolfe Rd,400499,5,Monday,False
08/03/2026,05:05,118.0,66.2,4,0.0,2026-08-03 05:05:00,Wolfe Rd,400499,5,Monday,False
08/03/2026,05:10,122.0,65.3,4,0.0,2026-08-03 05:10:00,Wolfe Rd,400499,5,Monday,False
08/03/2026,05:15,140.0,65.7,4,0.0,2026-08-03 05:15:00,Wolfe Rd,400499,5,Monday,False
08/03/2026,05:20,146.0,65.9,4,0.0,2026-08-03 05:20:00,Wolfe Rd,400499,5,Monday,False
08/03/2026,05:25,126.0,65.9,4,0.0,2026-08-03 05:25:00,Wolfe Rd,400499,5,Monday,False
08/03/2026,05:30,155.0,65.2,4,0.0,2026-08-03 05:30:00,Wolfe Rd,400499,5,Monday,False
08/03/2026,05:35,149.0,65.4,4,0.0,2026-08-03 05:35:00,Wolfe Rd,400499,5,Monday,False
08/03/2026,05:40,197.0,65.4,4,0.0,2026-08-03 05:40:00,Wolfe Rd,400499,5,Monday,False
08/03/2026,05:45,215.0,65.4,4,0.0,2026-08-03 05:45:00,Wolfe Rd,400499,5,Monday,False
08/03/2026,05:50,220.0,66.2,4,0.0,2026-08-03 05:50:00,Wolfe Rd,400499,5,Monday,False
08/03/2026,05:55,228.0,65.3,4,0.0,2026-08-03 05:55:00,Wolfe Rd,400499,5,Monday,False
08/03/2026,06:00,199.0,63.1,4,0.0,2026-08-03 06:00:00,Wolfe Rd,400499,6,Monday,False
08/03/2026,06:05,173.0,61.1,4,0.0,2026-08-03 06:05:00,Wolfe Rd,400499,6,Monday,False
08/03/2026,06:10,278.0,63.5,4,0.0,2026-08-03 06:10:00,Wolfe Rd,400499,6,Monday,False
08/03/2026,06:15,233.0,64.1,4,0.0,2026-08-03 06:15:00,Wolfe Rd,400499,6,Monday,False
08/03/2026,06:20,260.0,64.5,4,0.0,2026-08-03 06:20:00,Wolfe Rd,400499,6,Monday,False
08/03/2026,06:25,284.0,64.0,4,0.0,2026-08-03 06:25:00,Wolfe Rd,400499,6,Monday,False
08/03/2026,06:30,307.0,63.5,4,0.0,2026-08-03 06:30:00,Wolfe Rd,400499,6,Monday,False
08/03/2026,06:35,321.0,62.4,4,0.0,2026-08-03 06:35:00,Wolfe Rd,400499,6,Monday,False
08/03/2026,06:40,302.0,63.1,4,0.0,2026-08-03 06:40:00,Wolfe Rd,400499,6,Monday,False
08/03/2026,06:45,368.0,62.4,4,0.0,2026-08-03 06:45:00,Wolfe Rd,400499,6,Monday,False
08/03/2026,06:50,427.0,61.4,4,0.0,2026-08-03 06:50:00,Wolfe Rd,400499,6,Monday,False
08/03/2026,06:55,393.0,61.3,4,0.0,2026-08-03 06:55:00,Wolfe Rd,400499,6,Monday,False
08/03/2026,07:00,380.0,59.9,4,0.0,2026-08-03 07:00:00,Wolfe Rd,400499,7,Monday,False
08/03/2026,07:05,392.0,60.2,4,0.0,2026-08-03 07:05:00,Wolfe Rd,400499,7,Monday,False
08/03/2026,07:10,410.0,58.4,4,0.0,2026-08-03 07:10:00,Wolfe Rd,400499,7,Monday,False
08/03/2026,07:15,405.0,58.4,4,0.0,2026-08-03 07:15:00,Wolfe Rd,400499,7,Monday,False
08/03/2026,07:20,444.0,56.9,4,0.0,2026-08-03 07:20:00,Wolfe Rd,400499,7,Monday,False
08/03/2026,07:25,432.0,56.1,4,0.0,2026-08-03 07:25:00,Wolfe Rd,400499,7,Monday,False
08/03/2026,07:30,455.0,50.9,4,0.0,2026-08-03 07:30:00,Wolfe Rd,400499,7,Monday,False
08/03/2026,07:35,412.0,49.3,4,0.0,2026-08-03 07:35:00,Wolfe Rd,400499,7,Monday,False
08/03/2026,07:40,393.0,46.5,4,0.0,2026-08-03 07:40:00,Wolfe Rd,400499,7,Monday,False
08/03/2026,07:45,509.0,47.1,4,0.0,2026-08-03 07:45:00,Wolfe Rd,400499,7,Monday,False
08/03/2026,07:50,396.0,46.7,4,0.0,2026-08-03 07:50:00,Wolfe Rd,400499,7,Monday,False
08/03/2026,07:55,487.0,47.3,4,0.0,2026-08-03 07:55:00,Wolfe Rd,400499,7,Monday,False
08/03/2026,08:00,400.0,49.1,4,0.0,2026-08-03 08:00:00,Wolfe Rd,400499,8,Monday,False
08/03/2026,08:05,321.0,53.4,4,0.0,2026-08-03 08:05:00,Wolfe Rd,400499,8,Monday,False
08/03/2026,08:10,365.0,55.8,4,0.0,2026-08-03 08:10:00,Wolfe Rd,400499,8,Monday,False
08/03/2026,08:15,391.0,56.7,4,0.0,2026-08-03 08:15:00,Wolfe Rd,400499,8,Monday,False
08/03/2026,08:20,404.0,56.8,4,0.0,2026-08-03 08:20:00,Wolfe Rd,400499,8,Monday,False
08/03/2026,08:25,498.0,56.4,4,0.0,2026-08-03 08:25:00,Wolfe Rd,400499,8,Monday,False
08/03/2026,08:30,478.0,50.0,4,0.0,2026-08-03 08:30:00,Wolfe Rd,400499,8,Monday,False
08/03/2026,08:35,451.0,50.3,4,0.0,2026-08-03 08:35:00,Wolfe Rd,400499,8,Monday,False
08/03/2026,08:40,498.0,53.3,4,0.0,2026-08-03 08:40:00,Wolfe Rd,400499,8,Monday,False
08/03/2026,08:45,458.0,54.9,4,0.0,2026-08-03 08:45:00,Wolfe Rd,400499,8,Monday,False
08/03/2026,08:50,525.0,56.6,4,0.0,2026-08-03 08:50:00,Wolfe Rd,400499,8,Monday,False
08/03/2026,08:55,458.0,58.6,4,0.0,2026-08-03 08:55:00,Wolfe Rd,400499,8,Monday,False
08/03/2026,09:00,478.0,58.1,4,0.0,2026-08-03 09:00:00,Wolfe Rd,400499,9,Monday,False
08/03/2026,09:05,436.0,58.2,4,0.0,2026-08-03 09:05:00,Wolfe Rd,400499,9,Monday,False
08/03/2026,09:10,467.0,58.9,4,0.0,2026-08-03 09:10:00,Wolfe Rd,400499,9,Monday,False
08/03/2026,09:15,408.0,58.0,4,0.0,2026-08-03 09:15:00,Wolfe Rd,400499,9,Monday,False
08/03/2026,09:20,400.0,59.0,4,0.0,2026-08-03 09:20:00,Wolfe Rd,400499,9,Monday,False
08/03/2026,09:25,415.0,59.4,4,0.0,2026-08-03 09:25:00,Wolfe Rd,400499,9,Monday,False
08/03/2026,09:30,412.0,59.2,4,0.0,2026-08-03 09:30:00,Wolfe Rd,400499,9,Monday,False
08/03/2026,09:35,393.0,58.5,4,0.0,2026-08-03 09:35:00,Wolfe Rd,400499,9,Monday,False
08/03/2026,09:40,440.0,59.2,4,0.0,2026-08-03 09:40:00,Wolfe Rd,400499,9,Monday,False
08/03/2026,09:45,396.0,60.2,4,0.0,2026-08-03 09:45:00,Wolfe Rd,400499,9,Monday,False
08/03/2026,09:50,462.0,59.8,4,0.0,2026-08-03 09:50:00,Wolfe Rd,400499,9,Monday,False
08/03/2026,09:55,353.0,58.7,4,0.0,2026-08-03 09:55:00,Wolfe Rd,400499,9,Monday,False
08/03/2026,10:00,311.0,59.9,4,0.0,2026-08-03 10:00:00,Wolfe Rd,400499,10,Monday,False
08/03/2026,10:05,306.0,59.6,4,0.0,2026-08-03 10:05:00,Wolfe Rd,400499,10,Monday,False
08/03/2026,10:10,345.0,60.4,4,0.0,2026-08-03 10:10:00,Wolfe Rd,400499,10,Monday,False
08/03/2026,10:15,311.0,60.6,4,0.0,2026-08-03 10:15:00,Wolfe Rd,400499,10,Monday,False
08/03/2026,10:20,353.0,60.3,4,0.0,2026-08-03 10:20:00,Wolfe Rd,400499,10,Monday,False
08/03/2026,10:25,289.0,59.9,4,0.0,2026-08-03 10:25:00,Wolfe Rd,400499,10,Monday,False
08/03/2026,10:30,287.0,60.8,4,0.0,2026-08-03 10:30:00,Wolfe Rd,400499,10,Monday,False
08/03/2026,10:35,314.0,62.0,4,0.0,2026-08-03 10:35:00,Wolfe Rd,400499,10,Monday,False
08/03/2026,10:40,329.0,61.4,4,0.0,2026-08-03 10:40:00,Wolfe Rd,400499,10,Monday,False
08/03/2026,10:45,342.0,62.0,4,0.0,2026-08-03 10:45:00,Wolfe Rd,400499,10,Monday,False
08/03/2026,10:50,337.0,61.9,4,0.0,2026-08-03 10:50:00,Wolfe Rd,400499,10,Monday,False
08/03/2026,10:55,342.0,61.3,4,0.0,2026-08-03 10:55:00,Wolfe Rd,400499,10,Monday,False
08/03/2026,11:00,274.0,60.8,4,0.0,2026-08-03 11:00:00,Wolfe Rd,400499,11,Monday,False
08/03/2026,11:05,295.0,61.5,4,0.0,2026-08-03 11:05:00,Wolfe Rd,400499,11,Monday,False
08/03/2026,11:10,318.0,61.4,4,0.0,2026-08-03 11:10:00,Wolfe Rd,400499,11,Monday,False
08/03/2026,11:15,256.0,61.6,4,0.0,2026-08-03 11:15:00,Wolfe Rd,400499,11,Monday,False
08/03/2026,11:20,290.0,60.5,4,0.0,2026-08-03 11:20:00,Wolfe Rd,400499,11,Monday,False
08/03/2026,11:25,251.0,61.4,4,0.0,2026-08-03 11:25:00,Wolfe Rd,400499,11,Monday,False
08/03/2026,11:30,311.0,61.0,4,0.0,2026-08-03 11:30:00,Wolfe Rd,400499,11,Monday,False
08/03/2026,11:35,318.0,60.9,4,0.0,2026-08-03 11:35:00,Wolfe Rd,400499,11,Monday,False
08/03/2026,11:40,278.0,60.1,4,0.0,2026-08-03 11:40:00,Wolfe Rd,400499,11,Monday,False
08/03/2026,11:45,404.0,61.1,4,0.0,2026-08-03 11:45:00,Wolfe Rd,400499,11,Monday,False
08/03/2026,11:50,346.0,61.7,4,0.0,2026-08-03 11:50:00,Wolfe Rd,400499,11,Monday,False
08/03/2026,11:55,235.0,61.9,4,0.0,2026-08-03 11:55:00,Wolfe Rd,400499,11,Monday,False
08/03/2026,12:00,337.0,62.4,4,0.0,2026-08-03 12:00:00,Wolfe Rd,400499,12,Monday,False
08/03/2026,12:05,306.0,62.1,4,0.0,2026-08-03 12:05:00,Wolfe Rd,400499,12,Monday,False
08/03/2026,12:10,274.0,62.5,4,0.0,2026-08-03 12:10:00,Wolfe Rd,400499,12,Monday,False
08/03/2026,12:15,329.0,61.9,4,0.0,2026-08-03 12:15:00,Wolfe Rd,400499,12,Monday,False
08/03/2026,12:20,236.0,61.7,4,0.0,2026-08-03 12:20:00,Wolfe Rd,400499,12,Monday,False
08/03/2026,12:25,298.0,61.3,4,0.0,2026-08-03 12:25:00,Wolfe Rd,400499,12,Monday,False
08/03/2026,12:30,314.0,61.2,4,0.0,2026-08-03 12:30:00,Wolfe Rd,400499,12,Monday,False
08/03/2026,12:35,278.0,62.7,4,0.0,2026-08-03 12:35:00,Wolfe Rd,400499,12,Monday,False
08/03/2026,12:40,321.0,61.6,4,0.0,2026-08-03 12:40:00,Wolfe Rd,400499,12,Monday,False
08/03/2026,12:45,278.0,62.2,4,0.0,2026-08-03 12:45:00,Wolfe Rd,400499,12,Monday,False
08/03/2026,12:50,270.0,63.4,4,0.0,2026-08-03 12:50:00,Wolfe Rd,400499,12,Monday,False
08/03/2026,12:55,295.0,63.2,4,0.0,2026-08-03 12:55:00,Wolfe Rd,400499,12,Monday,False
08/03/2026,13:00,256.0,62.6,4,0.0,2026-08-03 13:00:00,Wolfe Rd,400499,13,Monday,False
08/03/2026,13:05,247.0,61.7,4,0.0,2026-08-03 13:05:00,Wolfe Rd,400499,13,Monday,False
08/03/2026,13:10,295.0,62.6,4,0.0,2026-08-03 13:10:00,Wolfe Rd,400499,13,Monday,False
08/03/2026,13:15,247.0,63.7,4,0.0,2026-08-03 13:15:00,Wolfe Rd,400499,13,Monday,False
08/03/2026,13:20,255.0,63.6,4,0.0,2026-08-03 13:20:00,Wolfe Rd,400499,13,Monday,False
08/03/2026,13:25,270.0,62.7,4,0.0,2026-08-03 13:25:00,Wolfe Rd,400499,13,Monday,False
08/03/2026,13:30,290.0,61.1,4,0.0,2026-08-03 13:30:00,Wolfe Rd,400499,13,Monday,False
08/03/2026,13:35,295.0,62.6,4,0.0,2026-08-03 13:35:00,Wolfe Rd,400499,13,Monday,False
08/03/2026,13:40,282.0,62.1,4,0.0,2026-08-03 13:40:00,Wolfe Rd,400499,13,Monday,False
08/03/2026,13:45,302.0,62.8,4,0.0,2026-08-03 13:45:00,Wolfe Rd,400499,13,Monday,False
08/03/2026,13:50,247.0,62.8,4,0.0,2026-08-03 13:50:00,Wolfe Rd,400499,13,Monday,False
08/03/2026,13:55,251.0,63.3,4,0.0,2026-08-03 13:55:00,Wolfe Rd,400499,13,Monday,False
08/03/2026,14:00,251.0,62.5,4,0.0,2026-08-03 14:00:00,Wolfe Rd,400499,14,Monday,False
08/03/2026,14:05,236.0,63.4,4,0.0,2026-08-03 14:05:00,Wolfe Rd,400499,14,Monday,False
08/03/2026,14:10,259.0,63.4,4,0.0,2026-08-03 14:10:00,Wolfe Rd,400499,14,Monday,False
08/03/2026,14:15,215.0,63.2,4,0.0,2026-08-03 14:15:00,Wolfe Rd,400499,14,Monday,False
08/03/2026,14:20,321.0,62.6,4,0.0,2026-08-03 14:20:00,Wolfe Rd,400499,14,Monday,False
08/03/2026,14:25,298.0,62.3,4,0.0,2026-08-03 14:25:00,Wolfe Rd,400499,14,Monday,False
08/03/2026,14:30,282.0,62.2,4,0.0,2026-08-03 14:30:00,Wolfe Rd,400499,14,Monday,False
08/03/2026,14:35,265.0,62.2,4,0.0,2026-08-03 14:35:00,Wolfe Rd,400499,14,Monday,False
08/03/2026,14:40,256.0,62.5,4,0.0,2026-08-03 14:40:00,Wolfe Rd,400499,14,Monday,False
08/03/2026,14:45,275.0,63.3,4,0.0,2026-08-03 14:45:00,Wolfe Rd,400499,14,Monday,False
08/03/2026,14:50,282.0,62.9,4,0.0,2026-08-03 14:50:00,Wolfe Rd,400499,14,Monday,False
08/03/2026,14:55,287.0,63.2,4,0.0,2026-08-03 14:55:00,Wolfe Rd,400499,14,Monday,False
08/03/2026,15:00,251.0,62.9,4,0.0,2026-08-03 15:00:00,Wolfe Rd,400499,15,Monday,False
08/03/2026,15:05,272.0,62.5,4,0.0,2026-08-03 15:05:00,Wolfe Rd,400499,15,Monday,False
08/03/2026,15:10,306.0,62.5,4,0.0,2026-08-03 15:10:00,Wolfe Rd,400499,15,Monday,False
08/03/2026,15:15,268.0,63.1,4,0.0,2026-08-03 15:15:00,Wolfe Rd,400499,15,Monday,False
08/03/2026,15:20,306.0,62.3,4,0.0,2026-08-03 15:20:00,Wolfe Rd,400499,15,Monday,False
08/03/2026,15:25,333.0,61.7,4,0.0,2026-08-03 15:25:00,Wolfe Rd,400499,15,Monday,False
08/03/2026,15:30,311.0,61.5,4,0.0,2026-08-03 15:30:00,Wolfe Rd,400499,15,Monday,False
08/03/2026,15:35,332.0,62.6,4,0.0,2026-08-03 15:35:00,Wolfe Rd,400499,15,Monday,False
08/03/2026,15:40,286.0,64.1,4,0.0,2026-08-03 15:40:00,Wolfe Rd,400499,15,Monday,False
08/03/2026,15:45,308.0,63.3,4,0.0,2026-08-03 15:45:00,Wolfe Rd,400499,15,Monday,False
08/03/2026,15:50,289.0,63.3,4,0.0,2026-08-03 15:50:00,Wolfe Rd,400499,15,Monday,False
08/03/2026,15:55,278.0,63.3,4,0.0,2026-08-03 15:55:00,Wolfe Rd,400499,15,Monday,False
08/03/2026,16:00,287.0,64.1,4,0.0,2026-08-03 16:00:00,Wolfe Rd,400499,16,Monday,False
08/03/2026,16:05,268.0,64.7,4,0.0,2026-08-03 16:05:00,Wolfe Rd,400499,16,Monday,False
08/03/2026,16:10,329.0,63.4,4,0.0,2026-08-03 16:10:00,Wolfe Rd,400499,16,Monday,False
08/03/2026,16:15,325.0,63.3,4,0.0,2026-08-03 16:15:00,Wolfe Rd,400499,16,Monday,False
08/03/2026,16:20,228.0,63.2,4,0.0,2026-08-03 16:20:00,Wolfe Rd,400499,16,Monday,False
08/03/2026,16:25,298.0,63.7,4,0.0,2026-08-03 16:25:00,Wolfe Rd,400499,16,Monday,False
08/03/2026,16:30,302.0,62.7,4,0.0,2026-08-03 16:30:00,Wolfe Rd,400499,16,Monday,False
08/03/2026,16:35,372.0,62.3,4,0.0,2026-08-03 16:35:00,Wolfe Rd,400499,16,Monday,False
08/03/2026,16:40,302.0,63.0,4,0.0,2026-08-03 16:40:00,Wolfe Rd,400499,16,Monday,False
08/03/2026,16:45,329.0,63.4,4,0.0,2026-08-03 16:45:00,Wolfe Rd,400499,16,Monday,False
08/03/2026,16:50,396.0,63.2,4,0.0,2026-08-03 16:50:00,Wolfe Rd,400499,16,Monday,False
08/03/2026,16:55,346.0,62.5,4,0.0,2026-08-03 16:55:00,Wolfe Rd,400499,16,Monday,False
08/03/2026,17:00,361.0,62.3,4,0.0,2026-08-03 17:00:00,Wolfe Rd,400499,17,Monday,False
08/03/2026,17:05,268.0,62.6,4,0.0,2026-08-03 17:05:00,Wolfe Rd,400499,17,Monday,False
08/03/2026,17:10,289.0,63.8,4,0.0,2026-08-03 17:10:00,Wolfe Rd,400499,17,Monday,False
08/03/2026,17:15,389.0,63.8,4,0.0,2026-08-03 17:15:00,Wolfe Rd,400499,17,Monday,False
08/03/2026,17:20,333.0,64.0,4,0.0,2026-08-03 17:20:00,Wolfe Rd,400499,17,Monday,False
08/03/2026,17:25,368.0,64.1,4,0.0,2026-08-03 17:25:00,Wolfe Rd,400499,17,Monday,False
08/03/2026,17:30,358.0,63.5,4,0.0,2026-08-03 17:30:00,Wolfe Rd,400499,17,Monday,False
08/03/2026,17:35,358.0,64.1,4,0.0,2026-08-03 17:35:00,Wolfe Rd,400499,17,Monday,False
08/03/2026,17:40,342.0,63.7,4,0.0,2026-08-03 17:40:00,Wolfe Rd,400499,17,Monday,False
08/03/2026,17:45,353.0,64.4,4,0.0,2026-08-03 17:45:00,Wolfe Rd,400499,17,Monday,False
08/03/2026,17:50,322.0,64.1,4,0.0,2026-08-03 17:50:00,Wolfe Rd,400499,17,Monday,False
08/03/2026,17:55,329.0,65.0,4,0.0,2026-08-03 17:55:00,Wolfe Rd,400499,17,Monday,False
08/03/2026,18:00,243.0,65.2,4,0.0,2026-08-03 18:00:00,Wolfe Rd,400499,18,Monday,False
08/03/2026,18:05,254.0,66.0,4,0.0,2026-08-03 18:05:00,Wolfe Rd,400499,18,Monday,False
08/03/2026,18:10,318.0,66.0,4,0.0,2026-08-03 18:10:00,Wolfe Rd,400499,18,Monday,False
08/03/2026,18:15,333.0,66.4,4,0.0,2026-08-03 18:15:00,Wolfe Rd,400499,18,Monday,False
08/03/2026,18:20,302.0,66.2,4,0.0,2026-08-03 18:20:00,Wolfe Rd,400499,18,Monday,False
08/03/2026,18:25,270.0,66.1,4,0.0,2026-08-03 18:25:00,Wolfe Rd,400499,18,Monday,False
08/03/2026,18:30,282.0,66.9,4,0.0,2026-08-03 18:30:00,Wolfe Rd,400499,18,Monday,False
08/03/2026,18:35,278.0,66.3,4,0.0,2026-08-03 18:35:00,Wolfe Rd,400499,18,Monday,False
08/03/2026,18:40,333.0,67.2,4,0.0,2026-08-03 18:40:00,Wolfe Rd,400499,18,Monday,False
08/03/2026,18:45,278.0,67.3,4,0.0,2026-08-03 18:45:00,Wolfe Rd,400499,18,Monday,False
08/03/2026,18:50,255.0,66.9,4,0.0,2026-08-03 18:50:00,Wolfe Rd,400499,18,Monday,False
08/03/2026,18:55,247.0,65.7,4,0.0,2026-08-03 18:55:00,Wolfe Rd,400499,18,Monday,False
08/03/2026,19:00,247.0,65.5,4,0.0,2026-08-03 19:00:00,Wolfe Rd,400499,19,Monday,False
08/03/2026,19:05,259.0,66.2,4,0.0,2026-08-03 19:05:00,Wolfe Rd,400499,19,Monday,False
08/03/2026,19:10,298.0,66.9,4,0.0,2026-08-03 19:10:00,Wolfe Rd,400499,19,Monday,False
08/03/2026,19:15,230.0,66.8,4,0.0,2026-08-03 19:15:00,Wolfe Rd,400499,19,Monday,False
08/03/2026,19:20,213.0,66.1,4,0.0,2026-08-03 19:20:00,Wolfe Rd,400499,19,Monday,False
08/03/2026,19:25,254.0,66.3,4,0.0,2026-08-03 19:25:00,Wolfe Rd,400499,19,Monday,False
08/03/2026,19:30,230.0,65.5,4,0.0,2026-08-03 19:30:00,Wolfe Rd,400499,19,Monday,False
08/03/2026,19:35,243.0,65.7,4,0.0,2026-08-03 19:35:00,Wolfe Rd,400499,19,Monday,False
08/03/2026,19:40,185.0,65.4,4,0.0,2026-08-03 19:40:00,Wolfe Rd,400499,19,Monday,False
08/03/2026,19:45,239.0,65.7,4,0.0,2026-08-03 19:45:00,Wolfe Rd,400499,19,Monday,False
08/03/2026,19:50,196.0,65.4,4,0.0,2026-08-03 19:50:00,Wolfe Rd,400499,19,Monday,False
08/03/2026,19:55,185.0,65.7,4,0.0,2026-08-03 19:55:00,Wolfe Rd,400499,19,Monday,False
08/03/2026,20:00,192.0,65.1,4,0.0,2026-08-03 20:00:00,Wolfe Rd,400499,20,Monday,False
08/03/2026,20:05,196.0,66.1,4,0.0,2026-08-03 20:05:00,Wolfe Rd,400499,20,Monday,False
08/03/2026,20:10,252.0,65.4,4,0.0,2026-08-03 20:10:00,Wolfe Rd,400499,20,Monday,False
08/03/2026,20:15,185.0,65.5,4,0.0,2026-08-03 20:15:00,Wolfe Rd,400499,20,Monday,False
08/03/2026,20:20,217.0,65.7,4,0.0,2026-08-03 20:20:00,Wolfe Rd,400499,20,Monday,False
08/03/2026,20:25,189.0,65.5,4,0.0,2026-08-03 20:25:00,Wolfe Rd,400499,20,Monday,False
08/03/2026,20:30,203.0,65.4,4,0.0,2026-08-03 20:30:00,Wolfe Rd,400499,20,Monday,False
08/03/2026,20:35,243.0,64.8,4,0.0,2026-08-03 20:35:00,Wolfe Rd,400499,20,Monday,False
08/03/2026,20:40,182.0,64.5,4,0.0,2026-08-03 20:40:00,Wolfe Rd,400499,20,Monday,False
08/03/2026,20:45,189.0,64.6,4,0.0,2026-08-03 20:45:00,Wolfe Rd,400499,20,Monday,False
08/03/2026,20:50,177.0,63.9,4,0.0,2026-08-03 20:50:00,Wolfe Rd,400499,20,Monday,False
08/03/2026,20:55,223.0,64.4,4,0.0,2026-08-03 20:55:00,Wolfe Rd,400499,20,Monday,False
08/03/2026,21:00,179.0,65.1,4,0.0,2026-08-03 21:00:00,Wolfe Rd,400499,21,Monday,False
08/03/2026,21:05,188.0,66.4,4,0.0,2026-08-03 21:05:00,Wolfe Rd,400499,21,Monday,False
08/03/2026,21:10,149.0,66.3,4,0.0,2026-08-03 21:10:00,Wolfe Rd,400499,21,Monday,False
08/03/2026,21:15,188.0,66.4,4,0.0,2026-08-03 21:15:00,Wolfe Rd,400499,21,Monday,False
08/03/2026,21:20,208.0,66.6,4,0.0,2026-08-03 21:20:00,Wolfe Rd,400499,21,Monday,False
08/03/2026,21:25,190.0,67.2,4,0.0,2026-08-03 21:25:00,Wolfe Rd,400499,21,Monday,False
08/03/2026,21:30,157.0,66.3,4,0.0,2026-08-03 21:30:00,Wolfe Rd,400499,21,Monday,False
08/03/2026,21:35,182.0,66.8,4,0.0,2026-08-03 21:35:00,Wolfe Rd,400499,21,Monday,False
08/03/2026,21:40,146.0,66.8,4,0.0,2026-08-03 21:40:00,Wolfe Rd,400499,21,Monday,False
08/03/2026,21:45,118.0,66.7,4,0.0,2026-08-03 21:45:00,Wolfe Rd,400499,21,Monday,False
08/03/2026,21:50,137.0,66.1,4,0.0,2026-08-03 21:50:00,Wolfe Rd,400499,21,Monday,False
08/03/2026,21:55,127.0,66.7,4,0.0,2026-08-03 21:55:00,Wolfe Rd,400499,21,Monday,False
08/03/2026,22:00,92.0,66.1,4,0.0,2026-08-03 22:00:00,Wolfe Rd,400499,22,Monday,False
08/03/2026,22:05,116.0,66.6,4,0.0,2026-08-03 22:05:00,Wolfe Rd,400499,22,Monday,False
08/03/2026,22:10,137.0,66.4,4,0.0,2026-08-03 22:10:00,Wolfe Rd,400499,22,Monday,False
08/03/2026,22:15,109.0,66.2,4,0.0,2026-08-03 22:15:00,Wolfe Rd,400499,22,Monday,False
08/03/2026,22:20,118.0,66.7,4,0.0,2026-08-03 22:20:00,Wolfe Rd,400499,22,Monday,False
08/03/2026,22:25,113.0,65.8,4,0.0,2026-08-03 22:25:00,Wolfe Rd,400499,22,Monday,False
08/03/2026,22:30,83.0,65.8,4,0.0,2026-08-03 22:30:00,Wolfe Rd,400499,22,Monday,False
08/03/2026,22:35,111.0,66.2,4,0.0,2026-08-03 22:35:00,Wolfe Rd,400499,22,Monday,False
08/03/2026,22:40,114.0,66.2,4,0.0,2026-08-03 22:40:00,Wolfe Rd,400499,22,Monday,False
08/03/2026,22:45,100.0,66.1,4,0.0,2026-08-03 22:45:00,Wolfe Rd,400499,22,Monday,False
08/03/2026,22:50,77.0,65.9,4,0.0,2026-08-03 22:50:00,Wolfe Rd,400499,22,Monday,False
08/03/2026,22:55,61.0,65.5,4,0.0,2026-08-03 22:55:00,Wolfe Rd,400499,22,Monday,False
08/03/2026,23:00,74.0,66.3,4,0.0,2026-08-03 23:00:00,Wolfe Rd,400499,23,Monday,False
08/03/2026,23:05,65.0,64.8,4,0.0,2026-08-03 23:05:00,Wolfe Rd,400499,23,Monday,False
08/03/2026,23:10,77.0,66.0,4,0.0,2026-08-03 23:10:00,Wolfe Rd,400499,23,Monday,False
08/03/2026,23:15,77.0,65.6,4,0.0,2026-08-03 23:15:00,Wolfe Rd,400499,23,Monday,False
08/03/2026,23:20,73.0,65.7,4,0.0,2026-08-03 23:20:00,Wolfe Rd,400499,23,Monday,False
08/03/2026,23:25,61.0,65.2,4,0.0,2026-08-03 23:25:00,Wolfe Rd,400499,23,Monday,False
08/03/2026,23:30,69.0,65.8,4,0.0,2026-08-03 23:30:00,Wolfe Rd,400499,23,Monday,False
08/03/2026,23:35,71.0,65.8,4,0.0,2026-08-03 23:35:00,Wolfe Rd,400499,23,Monday,False
08/03/2026,23:40,67.0,65.3,4,0.0,2026-08-03 23:40:00,Wolfe Rd,400499,23,Monday,False
08/03/2026,23:45,56.0,65.0,4,0.0,2026-08-03 23:45:00,Wolfe Rd,400499,23,Monday,False
08/03/2026,23:50,71.0,65.4,4,0.0,2026-08-03 23:50:00,Wolfe Rd,400499,23,Monday,False
08/03/2026,23:55,56.0,65.4,4,0.0,2026-08-03 23:55:00,Wolfe Rd,400499,23,Monday,False
08/04/2026,00:00,60.0,64.9,4,0.0,2026-08-04 00:00:00,Wolfe Rd,400499,0,Tuesday,False
08/04/2026,00:05,57.0,64.9,4,0.0,2026-08-04 00:05:00,Wolfe Rd,400499,0,Tuesday,False
08/04/2026,00:10,55.0,65.1,4,0.0,2026-08-04 00:10:00,Wolfe Rd,400499,0,Tuesday,False
08/04/2026,00:15,63.0,65.1,4,0.0,2026-08-04 00:15:00,Wolfe Rd,400499,0,Tuesday,False
08/04/2026,00:20,63.0,65.4,4,0.0,2026-08-04 00:20:00,Wolfe Rd,400499,0,Tuesday,False
08/04/2026,00:25,54.0,64.8,4,0.0,2026-08-04 00:25:00,Wolfe Rd,400499,0,Tuesday,False
08/04/2026,00:30,52.0,65.2,4,0.0,2026-08-04 00:30:00,Wolfe Rd,400499,0,Tuesday,False
08/04/2026,00:35,55.0,64.9,4,0.0,2026-08-04 00:35:00,Wolfe Rd,400499,0,Tuesday,False
08/04/2026,00:40,58.0,64.9,4,0.0,2026-08-04 00:40:00,Wolfe Rd,400499,0,Tuesday,False
08/04/2026,00:45,28.0,65.6,4,0.0,2026-08-04 00:45:00,Wolfe Rd,400499,0,Tuesday,False
08/04/2026,00:50,48.0,64.1,4,0.0,2026-08-04 00:50:00,Wolfe Rd,400499,0,Tuesday,False
08/04/2026,00:55,46.0,64.9,4,0.0,2026-08-04 00:55:00,Wolfe Rd,400499,0,Tuesday,False
08/04/2026,01:00,39.0,64.3,4,0.0,2026-08-04 01:00:00,Wolfe Rd,400499,1,Tuesday,False
08/04/2026,01:05,39.0,65.2,4,0.0,2026-08-04 01:05:00,Wolfe Rd,400499,1,Tuesday,False
08/04/2026,01:10,45.0,64.0,4,0.0,2026-08-04 01:10:00,Wolfe Rd,400499,1,Tuesday,False
08/04/2026,01:15,52.0,64.5,4,0.0,2026-08-04 01:15:00,Wolfe Rd,400499,1,Tuesday,False
08/04/2026,01:20,46.0,63.9,4,0.0,2026-08-04 01:20:00,Wolfe Rd,400499,1,Tuesday,False
08/04/2026,01:25,50.0,64.8,4,0.0,2026-08-04 01:25:00,Wolfe Rd,400499,1,Tuesday,False
08/04/2026,01:30,45.0,64.0,4,0.0,2026-08-04 01:30:00,Wolfe Rd,400499,1,Tuesday,False
08/04/2026,01:35,42.0,65.5,4,0.0,2026-08-04 01:35:00,Wolfe Rd,400499,1,Tuesday,False
08/04/2026,01:40,50.0,64.2,4,0.0,2026-08-04 01:40:00,Wolfe Rd,400499,1,Tuesday,False
08/04/2026,01:45,51.0,64.7,4,0.0,2026-08-04 01:45:00,Wolfe Rd,400499,1,Tuesday,False
08/04/2026,01:50,52.0,64.5,4,0.0,2026-08-04 01:50:00,Wolfe Rd,400499,1,Tuesday,False
08/04/2026,01:55,52.0,64.5,4,0.0,2026-08-04 01:55:00,Wolfe Rd,400499,1,Tuesday,False
08/04/2026,02:00,60.0,65.6,4,0.0,2026-08-04 02:00:00,Wolfe Rd,400499,2,Tuesday,False
08/04/2026,02:05,53.0,65.0,4,0.0,2026-08-04 02:05:00,Wolfe Rd,400499,2,Tuesday,False
08/04/2026,02:10,36.0,65.6,4,0.0,2026-08-04 02:10:00,Wolfe Rd,400499,2,Tuesday,False
08/04/2026,02:15,23.0,63.8,4,0.0,2026-08-04 02:15:00,Wolfe Rd,400499,2,Tuesday,False
08/04/2026,02:20,44.0,64.7,4,0.0,2026-08-04 02:20:00,Wolfe Rd,400499,2,Tuesday,False
08/04/2026,02:25,40.0,64.9,4,0.0,2026-08-04 02:25:00,Wolfe Rd,400499,2,Tuesday,False
08/04/2026,02:30,52.0,64.6,4,0.0,2026-08-04 02:30:00,Wolfe Rd,400499,2,Tuesday,False
08/04/2026,02:35,45.0,64.4,4,0.0,2026-08-04 02:35:00,Wolfe Rd,400499,2,Tuesday,False
08/04/2026,02:40,48.0,65.2,4,0.0,2026-08-04 02:40:00,Wolfe Rd,400499,2,Tuesday,False
08/04/2026,02:45,47.0,65.6,4,0.0,2026-08-04 02:45:00,Wolfe Rd,400499,2,Tuesday,False
08/04/2026,02:50,52.0,64.7,4,0.0,2026-08-04 02:50:00,Wolfe Rd,400499,2,Tuesday,False
08/04/2026,02:55,51.0,65.1,4,0.0,2026-08-04 02:55:00,Wolfe Rd,400499,2,Tuesday,False
08/04/2026,03:00,50.0,65.0,4,0.0,2026-08-04 03:00:00,Wolfe Rd,400499,3,Tuesday,False
08/04/2026,03:05,44.0,65.3,4,0.0,2026-08-04 03:05:00,Wolfe Rd,400499,3,Tuesday,False
08/04/2026,03:10,43.0,65.0,4,0.0,2026-08-04 03:10:00,Wolfe Rd,400499,3,Tuesday,False
08/04/2026,03:15,49.0,65.6,4,0.0,2026-08-04 03:15:00,Wolfe Rd,400499,3,Tuesday,False
08/04/2026,03:20,45.0,63.9,4,0.0,2026-08-04 03:20:00,Wolfe Rd,400499,3,Tuesday,False
08/04/2026,03:25,48.0,64.3,4,0.0,2026-08-04 03:25:00,Wolfe Rd,400499,3,Tuesday,False
08/04/2026,03:30,54.0,65.1,4,0.0,2026-08-04 03:30:00,Wolfe Rd,400499,3,Tuesday,False
08/04/2026,03:35,47.0,65.6,4,0.0,2026-08-04 03:35:00,Wolfe Rd,400499,3,Tuesday,False
08/04/2026,03:40,57.0,64.6,4,0.0,2026-08-04 03:40:00,Wolfe Rd,400499,3,Tuesday,False
08/04/2026,03:45,58.0,65.4,4,0.0,2026-08-04 03:45:00,Wolfe Rd,400499,3,Tuesday,False
08/04/2026,03:50,55.0,65.0,4,0.0,2026-08-04 03:50:00,Wolfe Rd,400499,3,Tuesday,False
08/04/2026,03:55,60.0,65.8,4,0.0,2026-08-04 03:55:00,Wolfe Rd,400499,3,Tuesday,False
08/04/2026,04:00,42.0,64.7,4,0.0,2026-08-04 04:00:00,Wolfe Rd,400499,4,Tuesday,False
08/04/2026,04:05,45.0,64.0,4,0.0,2026-08-04 04:05:00,Wolfe Rd,400499,4,Tuesday,False
08/04/2026,04:10,62.0,64.4,4,0.0,2026-08-04 04:10:00,Wolfe Rd,400499,4,Tuesday,False
08/04/2026,04:15,55.0,64.9,4,0.0,2026-08-04 04:15:00,Wolfe Rd,400499,4,Tuesday,False
08/04/2026,04:20,56.0,64.3,4,0.0,2026-08-04 04:20:00,Wolfe Rd,400499,4,Tuesday,False
08/04/2026,04:25,55.0,64.9,4,0.0,2026-08-04 04:25:00,Wolfe Rd,400499,4,Tuesday,False
08/04/2026,04:30,58.0,65.3,4,0.0,2026-08-04 04:30:00,Wolfe Rd,400499,4,Tuesday,False
08/04/2026,04:35,74.0,65.9,4,0.0,2026-08-04 04:35:00,Wolfe Rd,400499,4,Tuesday,False
08/04/2026,04:40,67.0,65.5,4,0.0,2026-08-04 04:40:00,Wolfe Rd,400499,4,Tuesday,False
08/04/2026,04:45,97.0,65.6,4,0.0,2026-08-04 04:45:00,Wolfe Rd,400499,4,Tuesday,False
08/04/2026,04:50,95.0,65.7,4,0.0,2026-08-04 04:50:00,Wolfe Rd,400499,4,Tuesday,False
08/04/2026,04:55,95.0,66.4,4,0.0,2026-08-04 04:55:00,Wolfe Rd,400499,4,Tuesday,False
08/04/2026,05:00,84.0,66.9,4,0.0,2026-08-04 05:00:00,Wolfe Rd,400499,5,Tuesday,False
08/04/2026,05:05,104.0,66.3,4,0.0,2026-08-04 05:05:00,Wolfe Rd,400499,5,Tuesday,False
08/04/2026,05:10,104.0,66.9,4,0.0,2026-08-04 05:10:00,Wolfe Rd,400499,5,Tuesday,False
08/04/2026,05:15,127.0,66.6,4,0.0,2026-08-04 05:15:00,Wolfe Rd,400499,5,Tuesday,False
08/04/2026,05:20,166.0,68.1,4,0.0,2026-08-04 05:20:00,Wolfe Rd,400499,5,Tuesday,False
08/04/2026,05:25,164.0,67.3,4,0.0,2026-08-04 05:25:00,Wolfe Rd,400499,5,Tuesday,False
08/04/2026,05:30,176.0,67.3,4,0.0,2026-08-04 05:30:00,Wolfe Rd,400499,5,Tuesday,False
08/04/2026,05:35,203.0,65.3,4,0.0,2026-08-04 05:35:00,Wolfe Rd,400499,5,Tuesday,False
08/04/2026,05:40,221.0,66.4,4,0.0,2026-08-04 05:40:00,Wolfe Rd,400499,5,Tuesday,False
08/04/2026,05:45,295.0,67.1,4,0.0,2026-08-04 05:45:00,Wolfe Rd,400499,5,Tuesday,False
08/04/2026,05:50,270.0,67.3,4,0.0,2026-08-04 05:50:00,Wolfe Rd,400499,5,Tuesday,False
08/04/2026,05:55,217.0,64.7,4,0.0,2026-08-04 05:55:00,Wolfe Rd,400499,5,Tuesday,False
08/04/2026,06:00,233.0,63.9,4,0.0,2026-08-04 06:00:00,Wolfe Rd,400499,6,Tuesday,False
08/04/2026,06:05,197.0,63.1,4,0.0,2026-08-04 06:05:00,Wolfe Rd,400499,6,Tuesday,False
08/04/2026,06:10,289.0,64.2,4,0.0,2026-08-04 06:10:00,Wolfe Rd,400499,6,Tuesday,False
08/04/2026,06:15,268.0,63.2,4,0.0,2026-08-04 06:15:00,Wolfe Rd,400499,6,Tuesday,False
08/04/2026,06:20,287.0,64.2,4,0.0,2026-08-04 06:20:00,Wolfe Rd,400499,6,Tuesday,False
08/04/2026,06:25,282.0,64.0,4,0.0,2026-08-04 06:25:00,Wolfe Rd,400499,6,Tuesday,False
08/04/2026,06:30,376.0,64.2,4,0.0,2026-08-04 06:30:00,Wolfe Rd,400499,6,Tuesday,False
08/04/2026,06:35,314.0,63.3,4,0.0,2026-08-04 06:35:00,Wolfe Rd,400499,6,Tuesday,False
08/04/2026,06:40,316.0,63.1,4,0.0,2026-08-04 06:40:00,Wolfe Rd,400499,6,Tuesday,False
08/04/2026,06:45,302.0,60.5,4,0.0,2026-08-04 06:45:00,Wolfe Rd,400499,6,Tuesday,False
08/04/2026,06:50,471.0,60.7,4,0.0,2026-08-04 06:50:00,Wolfe Rd,400499,6,Tuesday,False
08/04/2026,06:55,420.0,60.3,4,0.0,2026-08-04 06:55:00,Wolfe Rd,400499,6,Tuesday,False
08/04/2026,07:00,498.0,59.5,4,0.0,2026-08-04 07:00:00,Wolfe Rd,400499,7,Tuesday,False
08/04/2026,07:05,501.0,58.0,4,0.0,2026-08-04 07:05:00,Wolfe Rd,400499,7,Tuesday,False
08/04/2026,07:10,462.0,57.3,4,0.0,2026-08-04 07:10:00,Wolfe Rd,400499,7,Tuesday,False
08/04/2026,07:15,463.0,55.3,4,0.0,2026-08-04 07:15:00,Wolfe Rd,400499,7,Tuesday,False
08/04/2026,07:20,509.0,53.3,4,0.0,2026-08-04 07:20:00,Wolfe Rd,400499,7,Tuesday,False
08/04/2026,07:25,478.0,51.9,4,0.0,2026-08-04 07:25:00,Wolfe Rd,400499,7,Tuesday,False
08/04/2026,07:30,509.0,49.2,4,0.0,2026-08-04 07:30:00,Wolfe Rd,400499,7,Tuesday,False
08/04/2026,07:35,423.0,43.8,4,0.0,2026-08-04 07:35:00,Wolfe Rd,400499,7,Tuesday,False
08/04/2026,07:40,483.0,46.9,4,0.0,2026-08-04 07:40:00,Wolfe Rd,400499,7,Tuesday,False
08/04/2026,07:45,509.0,46.3,4,0.0,2026-08-04 07:45:00,Wolfe Rd,400499,7,Tuesday,False
08/04/2026,07:50,518.0,46.2,4,0.0,2026-08-04 07:50:00,Wolfe Rd,400499,7,Tuesday,False
08/04/2026,07:55,545.0,46.4,4,0.0,2026-08-04 07:55:00,Wolfe Rd,400499,7,Tuesday,False
08/04/2026,08:00,537.0,47.0,4,0.0,2026-08-04 08:00:00,Wolfe Rd,400499,8,Tuesday,False
08/04/2026,08:05,491.0,50.9,4,0.0,2026-08-04 08:05:00,Wolfe Rd,400499,8,Tuesday,False
08/04/2026,08:10,346.0,54.3,4,0.0,2026-08-04 08:10:00,Wolfe Rd,400499,8,Tuesday,False
08/04/2026,08:15,404.0,48.6,4,0.0,2026-08-04 08:15:00,Wolfe Rd,400499,8,Tuesday,False
08/04/2026,08:20,474.0,51.6,4,0.0,2026-08-04 08:20:00,Wolfe Rd,400499,8,Tuesday,False
08/04/2026,08:25,451.0,49.0,4,0.0,2026-08-04 08:25:00,Wolfe Rd,400499,8,Tuesday,False
08/04/2026,08:30,518.0,48.4,4,0.0,2026-08-04 08:30:00,Wolfe Rd,400499,8,Tuesday,False
08/04/2026,08:35,471.0,52.3,4,0.0,2026-08-04 08:35:00,Wolfe Rd,400499,8,Tuesday,False
08/04/2026,08:40,505.0,54.2,4,0.0,2026-08-04 08:40:00,Wolfe Rd,400499,8,Tuesday,False
08/04/2026,08:45,494.0,55.5,4,0.0,2026-08-04 08:45:00,Wolfe Rd,400499,8,Tuesday,False
08/04/2026,08:50,584.0,56.0,4,0.0,2026-08-04 08:50:00,Wolfe Rd,400499,8,Tuesday,False
08/04/2026,08:55,483.0,57.2,4,0.0,2026-08-04 08:55:00,Wolfe Rd,400499,8,Tuesday,False
08/04/2026,09:00,478.0,58.0,4,0.0,2026-08-04 09:00:00,Wolfe Rd,400499,9,Tuesday,False
08/04/2026,09:05,487.0,57.7,4,0.0,2026-08-04 09:05:00,Wolfe Rd,400499,9,Tuesday,False
08/04/2026,09:10,501.0,55.9,4,0.0,2026-08-04 09:10:00,Wolfe Rd,400499,9,Tuesday,False
08/04/2026,09:15,598.0,57.9,4,0.0,2026-08-04 09:15:00,Wolfe Rd,400499,9,Tuesday,False
08/04/2026,09:20,529.0,58.2,4,0.0,2026-08-04 09:20:00,Wolfe Rd,400499,9,Tuesday,False
08/04/2026,09:25,518.0,56.7,4,0.0,2026-08-04 09:25:00,Wolfe Rd,400499,9,Tuesday,False
08/04/2026,09:30,498.0,56.6,4,0.0,2026-08-04 09:30:00,Wolfe Rd,400499,9,Tuesday,False
08/04/2026,09:35,458.0,57.8,4,0.0,2026-08-04 09:35:00,Wolfe Rd,400499,9,Tuesday,False
08/04/2026,09:40,498.0,58.4,4,0.0,2026-08-04 09:40:00,Wolfe Rd,400499,9,Tuesday,False
08/04/2026,09:45,534.0,57.4,4,0.0,2026-08-04 09:45:00,Wolfe Rd,400499,9,Tuesday,False
08/04/2026,09:50,560.0,57.0,4,0.0,2026-08-04 09:50:00,Wolfe Rd,400499,9,Tuesday,False
08/04/2026,09:55,501.0,57.3,4,0.0,2026-08-04 09:55:00,Wolfe Rd,400499,9,Tuesday,False
08/04/2026,10:00,491.0,57.9,4,0.0,2026-08-04 10:00:00,Wolfe Rd,400499,10,Tuesday,False
08/04/2026,10:05,458.0,58.6,4,0.0,2026-08-04 10:05:00,Wolfe Rd,400499,10,Tuesday,False
08/04/2026,10:10,462.0,59.8,4,0.0,2026-08-04 10:10:00,Wolfe Rd,400499,10,Tuesday,False
08/04/2026,10:15,513.0,57.7,4,0.0,2026-08-04 10:15:00,Wolfe Rd,400499,10,Tuesday,False
08/04/2026,10:20,494.0,57.2,4,0.0,2026-08-04 10:20:00,Wolfe Rd,400499,10,Tuesday,False
08/04/2026,10:25,455.0,58.5,4,0.0,2026-08-04 10:25:00,Wolfe Rd,400499,10,Tuesday,False
08/04/2026,10:30,436.0,59.1,4,0.0,2026-08-04 10:30:00,Wolfe Rd,400499,10,Tuesday,False
08/04/2026,10:35,505.0,57.8,4,0.0,2026-08-04 10:35:00,Wolfe Rd,400499,10,Tuesday,False
08/04/2026,10:40,446.0,59.9,4,0.0,2026-08-04 10:40:00,Wolfe Rd,400499,10,Tuesday,False
08/04/2026,10:45,423.0,59.3,4,0.0,2026-08-04 10:45:00,Wolfe Rd,400499,10,Tuesday,False
08/04/2026,10:50,474.0,56.7,4,0.0,2026-08-04 10:50:00,Wolfe Rd,400499,10,Tuesday,False
08/04/2026,10:55,467.0,58.4,4,0.0,2026-08-04 10:55:00,Wolfe Rd,400499,10,Tuesday,False
08/04/2026,11:00,358.0,59.0,4,0.0,2026-08-04 11:00:00,Wolfe Rd,400499,11,Tuesday,False
08/04/2026,11:05,393.0,59.2,4,0.0,2026-08-04 11:05:00,Wolfe Rd,400499,11,Tuesday,False
08/04/2026,11:10,358.0,58.2,4,0.0,2026-08-04 11:10:00,Wolfe Rd,400499,11,Tuesday,False
08/04/2026,11:15,372.0,59.8,4,0.0,2026-08-04 11:15:00,Wolfe Rd,400499,11,Tuesday,False
08/04/2026,11:20,311.0,59.2,4,0.0,2026-08-04 11:20:00,Wolfe Rd,400499,11,Tuesday,False
08/04/2026,11:25,404.0,58.9,4,0.0,2026-08-04 11:25:00,Wolfe Rd,400499,11,Tuesday,False
08/04/2026,11:30,333.0,59.1,4,0.0,2026-08-04 11:30:00,Wolfe Rd,400499,11,Tuesday,False
08/04/2026,11:35,302.0,61.2,4,0.0,2026-08-04 11:35:00,Wolfe Rd,400499,11,Tuesday,False
08/04/2026,11:40,286.0,61.3,4,0.0,2026-08-04 11:40:00,Wolfe Rd,400499,11,Tuesday,False
08/04/2026,11:45,376.0,61.5,4,0.0,2026-08-04 11:45:00,Wolfe Rd,400499,11,Tuesday,False
08/04/2026,11:50,295.0,62.1,4,0.0,2026-08-04 11:50:00,Wolfe Rd,400499,11,Tuesday,False
08/04/2026,11:55,349.0,62.8,4,0.0,2026-08-04 11:55:00,Wolfe Rd,400499,11,Tuesday,False
08/04/2026,12:00,280.0,62.5,4,0.0,2026-08-04 12:00:00,Wolfe Rd,400499,12,Tuesday,False
08/04/2026,12:05,342.0,62.0,4,0.0,2026-08-04 12:05:00,Wolfe Rd,400499,12,Tuesday,False
08/04/2026,12:10,353.0,61.6,4,0.0,2026-08-04 12:10:00,Wolfe Rd,400499,12,Tuesday,False
08/04/2026,12:15,318.0,62.1,4,0.0,2026-08-04 12:15:00,Wolfe Rd,400499,12,Tuesday,False
08/04/2026,12:20,268.0,62.3,4,0.0,2026-08-04 12:20:00,Wolfe Rd,400499,12,Tuesday,False
08/04/2026,12:25,337.0,63.0,4,0.0,2026-08-04 12:25:00,Wolfe Rd,400499,12,Tuesday,False
08/04/2026,12:30,269.0,62.8,4,0.0,2026-08-04 12:30:00,Wolfe Rd,400499,12,Tuesday,False
08/04/2026,12:35,307.0,63.4,4,0.0,2026-08-04 12:35:00,Wolfe Rd,400499,12,Tuesday,False
08/04/2026,12:40,349.0,62.9,4,0.0,2026-08-04 12:40:00,Wolfe Rd,400499,12,Tuesday,False
08/04/2026,12:45,302.0,62.4,4,0.0,2026-08-04 12:45:00,Wolfe Rd,400499,12,Tuesday,False
08/04/2026,12:50,302.0,62.6,4,0.0,2026-08-04 12:50:00,Wolfe Rd,400499,12,Tuesday,False
08/04/2026,12:55,287.0,62.6,4,0.0,2026-08-04 12:55:00,Wolfe Rd,400499,12,Tuesday,False
08/04/2026,13:00,325.0,62.2,4,0.0,2026-08-04 13:00:00,Wolfe Rd,400499,13,Tuesday,False
08/04/2026,13:05,265.0,62.2,4,0.0,2026-08-04 13:05:00,Wolfe Rd,400499,13,Tuesday,False
08/04/2026,13:10,254.0,62.6,4,0.0,2026-08-04 13:10:00,Wolfe Rd,400499,13,Tuesday,False
08/04/2026,13:15,298.0,61.9,4,0.0,2026-08-04 13:15:00,Wolfe Rd,400499,13,Tuesday,False
08/04/2026,13:20,302.0,61.5,4,0.0,2026-08-04 13:20:00,Wolfe Rd,400499,13,Tuesday,False
08/04/2026,13:25,321.0,62.2,4,0.0,2026-08-04 13:25:00,Wolfe Rd,400499,13,Tuesday,False
08/04/2026,13:30,235.0,61.7,4,0.0,2026-08-04 13:30:00,Wolfe Rd,400499,13,Tuesday,False
08/04/2026,13:35,204.0,62.2,4,0.0,2026-08-04 13:35:00,Wolfe Rd,400499,13,Tuesday,False
08/04/2026,13:40,286.0,62.5,4,0.0,2026-08-04 13:40:00,Wolfe Rd,400499,13,Tuesday,False
08/04/2026,13:45,298.0,63.2,4,0.0,2026-08-04 13:45:00,Wolfe Rd,400499,13,Tuesday,False
08/04/2026,13:50,282.0,63.8,4,0.0,2026-08-04 13:50:00,Wolfe Rd,400499,13,Tuesday,False
08/04/2026,13:55,275.0,62.1,4,0.0,2026-08-04 13:55:00,Wolfe Rd,400499,13,Tuesday,False
08/04/2026,14:00,329.0,62.2,4,0.0,2026-08-04 14:00:00,Wolfe Rd,400499,14,Tuesday,False
08/04/2026,14:05,233.0,62.8,4,0.0,2026-08-04 14:05:00,Wolfe Rd,400499,14,Tuesday,False
08/04/2026,14:10,286.0,62.5,4,0.0,2026-08-04 14:10:00,Wolfe Rd,400499,14,Tuesday,False
08/04/2026,14:15,346.0,62.7,4,0.0,2026-08-04 14:15:00,Wolfe Rd,400499,14,Tuesday,False
08/04/2026,14:20,260.0,62.1,4,0.0,2026-08-04 14:20:00,Wolfe Rd,400499,14,Tuesday,False
08/04/2026,14:25,274.0,63.0,4,0.0,2026-08-04 14:25:00,Wolfe Rd,400499,14,Tuesday,False
08/04/2026,14:30,278.0,63.2,4,0.0,2026-08-04 14:30:00,Wolfe Rd,400499,14,Tuesday,False
08/04/2026,14:35,233.0,63.7,4,0.0,2026-08-04 14:35:00,Wolfe Rd,400499,14,Tuesday,False
08/04/2026,14:40,302.0,62.7,4,0.0,2026-08-04 14:40:00,Wolfe Rd,400499,14,Tuesday,False
08/04/2026,14:45,325.0,63.1,4,0.0,2026-08-04 14:45:00,Wolfe Rd,400499,14,Tuesday,False
08/04/2026,14:50,289.0,62.7,4,0.0,2026-08-04 14:50:00,Wolfe Rd,400499,14,Tuesday,False
08/04/2026,14:55,272.0,63.4,4,0.0,2026-08-04 14:55:00,Wolfe Rd,400499,14,Tuesday,False
08/04/2026,15:00,337.0,63.6,4,0.0,2026-08-04 15:00:00,Wolfe Rd,400499,15,Tuesday,False
08/04/2026,15:05,278.0,63.2,4,0.0,2026-08-04 15:05:00,Wolfe Rd,400499,15,Tuesday,False
08/04/2026,15:10,376.0,63.1,4,0.0,2026-08-04 15:10:00,Wolfe Rd,400499,15,Tuesday,False
08/04/2026,15:15,256.0,62.2,4,0.0,2026-08-04 15:15:00,Wolfe Rd,400499,15,Tuesday,False
08/04/2026,15:20,353.0,62.9,4,0.0,2026-08-04 15:20:00,Wolfe Rd,400499,15,Tuesday,False
08/04/2026,15:25,298.0,62.9,4,0.0,2026-08-04 15:25:00,Wolfe Rd,400499,15,Tuesday,False
08/04/2026,15:30,302.0,62.4,4,0.0,2026-08-04 15:30:00,Wolfe Rd,400499,15,Tuesday,False
08/04/2026,15:35,278.0,62.7,4,0.0,2026-08-04 15:35:00,Wolfe Rd,400499,15,Tuesday,False
08/04/2026,15:40,306.0,62.5,4,0.0,2026-08-04 15:40:00,Wolfe Rd,400499,15,Tuesday,False
08/04/2026,15:45,325.0,61.9,4,0.0,2026-08-04 15:45:00,Wolfe Rd,400499,15,Tuesday,False
08/04/2026,15:50,337.0,62.0,4,0.0,2026-08-04 15:50:00,Wolfe Rd,400499,15,Tuesday,False
08/04/2026,15:55,286.0,62.5,4,0.0,2026-08-04 15:55:00,Wolfe Rd,400499,15,Tuesday,False
08/04/2026,16:00,239.0,63.6,4,0.0,2026-08-04 16:00:00,Wolfe Rd,400499,16,Tuesday,False
08/04/2026,16:05,269.0,62.8,4,0.0,2026-08-04 16:05:00,Wolfe Rd,400499,16,Tuesday,False
08/04/2026,16:10,295.0,62.5,4,0.0,2026-08-04 16:10:00,Wolfe Rd,400499,16,Tuesday,False
08/04/2026,16:15,325.0,62.4,4,0.0,2026-08-04 16:15:00,Wolfe Rd,400499,16,Tuesday,False
08/04/2026,16:20,376.0,61.6,4,0.0,2026-08-04 16:20:00,Wolfe Rd,400499,16,Tuesday,False
08/04/2026,16:25,298.0,62.7,4,0.0,2026-08-04 16:25:00,Wolfe Rd,400499,16,Tuesday,False
08/04/2026,16:30,325.0,62.4,4,0.0,2026-08-04 16:30:00,Wolfe Rd,400499,16,Tuesday,False
08/04/2026,16:35,363.0,62.5,4,0.0,2026-08-04 16:35:00,Wolfe Rd,400499,16,Tuesday,False
08/04/2026,16:40,335.0,62.8,4,0.0,2026-08-04 16:40:00,Wolfe Rd,400499,16,Tuesday,False
08/04/2026,16:45,316.0,62.5,4,0.0,2026-08-04 16:45:00,Wolfe Rd,400499,16,Tuesday,False
08/04/2026,16:50,296.0,62.9,4,0.0,2026-08-04 16:50:00,Wolfe Rd,400499,16,Tuesday,False
08/04/2026,16:55,302.0,63.1,4,0.0,2026-08-04 16:55:00,Wolfe Rd,400499,16,Tuesday,False
08/04/2026,17:00,376.0,63.1,4,0.0,2026-08-04 17:00:00,Wolfe Rd,400499,17,Tuesday,False
08/04/2026,17:05,353.0,63.0,4,0.0,2026-08-04 17:05:00,Wolfe Rd,400499,17,Tuesday,False
08/04/2026,17:10,316.0,62.6,4,0.0,2026-08-04 17:10:00,Wolfe Rd,400499,17,Tuesday,False
08/04/2026,17:15,326.0,63.0,4,0.0,2026-08-04 17:15:00,Wolfe Rd,400499,17,Tuesday,False
08/04/2026,17:20,353.0,62.6,4,0.0,2026-08-04 17:20:00,Wolfe Rd,400499,17,Tuesday,False
08/04/2026,17:25,347.0,63.2,4,0.0,2026-08-04 17:25:00,Wolfe Rd,400499,17,Tuesday,False
08/04/2026,17:30,412.0,63.1,4,0.0,2026-08-04 17:30:00,Wolfe Rd,400499,17,Tuesday,False
08/04/2026,17:35,358.0,63.0,4,0.0,2026-08-04 17:35:00,Wolfe Rd,400499,17,Tuesday,False
08/04/2026,17:40,347.0,63.0,4,0.0,2026-08-04 17:40:00,Wolfe Rd,400499,17,Tuesday,False
08/04/2026,17:45,389.0,63.4,4,0.0,2026-08-04 17:45:00,Wolfe Rd,400499,17,Tuesday,False
08/04/2026,17:50,314.0,63.8,4,0.0,2026-08-04 17:50:00,Wolfe Rd,400499,17,Tuesday,False
08/04/2026,17:55,376.0,64.1,4,0.0,2026-08-04 17:55:00,Wolfe Rd,400499,17,Tuesday,False
08/04/2026,18:00,389.0,64.0,4,0.0,2026-08-04 18:00:00,Wolfe Rd,400499,18,Tuesday,False
08/04/2026,18:05,318.0,63.8,4,0.0,2026-08-04 18:05:00,Wolfe Rd,400499,18,Tuesday,False
08/04/2026,18:10,263.0,64.0,4,0.0,2026-08-04 18:10:00,Wolfe Rd,400499,18,Tuesday,False
08/04/2026,18:15,289.0,64.5,4,0.0,2026-08-04 18:15:00,Wolfe Rd,400499,18,Tuesday,False
08/04/2026,18:20,365.0,65.3,4,0.0,2026-08-04 18:20:00,Wolfe Rd,400499,18,Tuesday,False
08/04/2026,18:25,289.0,65.2,4,0.0,2026-08-04 18:25:00,Wolfe Rd,400499,18,Tuesday,False
08/04/2026,18:30,318.0,64.8,4,0.0,2026-08-04 18:30:00,Wolfe Rd,400499,18,Tuesday,False
08/04/2026,18:35,293.0,64.6,4,0.0,2026-08-04 18:35:00,Wolfe Rd,400499,18,Tuesday,False
08/04/2026,18:40,269.0,65.1,4,0.0,2026-08-04 18:40:00,Wolfe Rd,400499,18,Tuesday,False
08/04/2026,18:45,275.0,64.6,4,0.0,2026-08-04 18:45:00,Wolfe Rd,400499,18,Tuesday,False
08/04/2026,18:50,314.0,65.1,4,0.0,2026-08-04 18:50:00,Wolfe Rd,400499,18,Tuesday,False
08/04/2026,18:55,329.0,64.4,4,0.0,2026-08-04 18:55:00,Wolfe Rd,400499,18,Tuesday,False
08/04/2026,19:00,275.0,65.1,4,0.0,2026-08-04 19:00:00,Wolfe Rd,400499,19,Tuesday,False
08/04/2026,19:05,235.0,65.7,4,0.0,2026-08-04 19:05:00,Wolfe Rd,400499,19,Tuesday,False
08/04/2026,19:10,220.0,66.2,4,0.0,2026-08-04 19:10:00,Wolfe Rd,400499,19,Tuesday,False
08/04/2026,19:15,286.0,67.1,4,0.0,2026-08-04 19:15:00,Wolfe Rd,400499,19,Tuesday,False
08/04/2026,19:20,245.0,67.6,4,0.0,2026-08-04 19:20:00,Wolfe Rd,400499,19,Tuesday,False
08/04/2026,19:25,251.0,67.4,4,0.0,2026-08-04 19:25:00,Wolfe Rd,400499,19,Tuesday,False
08/04/2026,19:30,208.0,66.2,4,0.0,2026-08-04 19:30:00,Wolfe Rd,400499,19,Tuesday,False
08/04/2026,19:35,223.0,66.1,4,0.0,2026-08-04 19:35:00,Wolfe Rd,400499,19,Tuesday,False
08/04/2026,19:40,245.0,66.0,4,0.0,2026-08-04 19:40:00,Wolfe Rd,400499,19,Tuesday,False
08/04/2026,19:45,208.0,65.7,4,0.0,2026-08-04 19:45:00,Wolfe Rd,400499,19,Tuesday,False
08/04/2026,19:50,217.0,65.0,4,0.0,2026-08-04 19:50:00,Wolfe Rd,400499,19,Tuesday,False
08/04/2026,19:55,228.0,64.5,4,0.0,2026-08-04 19:55:00,Wolfe Rd,400499,19,Tuesday,False
08/04/2026,20:00,185.0,65.2,4,0.0,2026-08-04 20:00:00,Wolfe Rd,400499,20,Tuesday,False
08/04/2026,20:05,207.0,65.9,4,0.0,2026-08-04 20:05:00,Wolfe Rd,400499,20,Tuesday,False
08/04/2026,20:10,182.0,65.7,4,0.0,2026-08-04 20:10:00,Wolfe Rd,400499,20,Tuesday,False
08/04/2026,20:15,207.0,65.9,4,0.0,2026-08-04 20:15:00,Wolfe Rd,400499,20,Tuesday,False
08/04/2026,20:20,247.0,66.1,4,0.0,2026-08-04 20:20:00,Wolfe Rd,400499,20,Tuesday,False
08/04/2026,20:25,173.0,65.5,4,0.0,2026-08-04 20:25:00,Wolfe Rd,400499,20,Tuesday,False
08/04/2026,20:30,190.0,65.3,4,0.0,2026-08-04 20:30:00,Wolfe Rd,400499,20,Tuesday,False
08/04/2026,20:35,166.0,65.5,4,0.0,2026-08-04 20:35:00,Wolfe Rd,400499,20,Tuesday,False
08/04/2026,20:40,199.0,66.5,4,0.0,2026-08-04 20:40:00,Wolfe Rd,400499,20,Tuesday,False
08/04/2026,20:45,196.0,65.0,4,0.0,2026-08-04 20:45:00,Wolfe Rd,400499,20,Tuesday,False
08/04/2026,20:50,215.0,65.6,4,0.0,2026-08-04 20:50:00,Wolfe Rd,400499,20,Tuesday,False
08/04/2026,20:55,186.0,65.5,4,0.0,2026-08-04 20:55:00,Wolfe Rd,400499,20,Tuesday,False
08/04/2026,21:00,197.0,65.6,4,0.0,2026-08-04 21:00:00,Wolfe Rd,400499,21,Tuesday,False
08/04/2026,21:05,162.0,66.0,4,0.0,2026-08-04 21:05:00,Wolfe Rd,400499,21,Tuesday,False
08/04/2026,21:10,149.0,66.0,4,0.0,2026-08-04 21:10:00,Wolfe Rd,400499,21,Tuesday,False
08/04/2026,21:15,188.0,66.7,4,0.0,2026-08-04 21:15:00,Wolfe Rd,400499,21,Tuesday,False
08/04/2026,21:20,177.0,66.6,4,0.0,2026-08-04 21:20:00,Wolfe Rd,400499,21,Tuesday,False
08/04/2026,21:25,164.0,66.5,4,0.0,2026-08-04 21:25:00,Wolfe Rd,400499,21,Tuesday,False
08/04/2026,21:30,161.0,66.0,4,0.0,2026-08-04 21:30:00,Wolfe Rd,400499,21,Tuesday,False
08/04/2026,21:35,181.0,66.6,4,0.0,2026-08-04 21:35:00,Wolfe Rd,400499,21,Tuesday,False
08/04/2026,21:40,127.0,66.4,4,0.0,2026-08-04 21:40:00,Wolfe Rd,400499,21,Tuesday,False
08/04/2026,21:45,194.0,66.3,4,0.0,2026-08-04 21:45:00,Wolfe Rd,400499,21,Tuesday,False
08/04/2026,21:50,161.0,67.0,4,0.0,2026-08-04 21:50:00,Wolfe Rd,400499,21,Tuesday,False
08/04/2026,21:55,123.0,67.1,4,0.0,2026-08-04 21:55:00,Wolfe Rd,400499,21,Tuesday,False
08/04/2026,22:00,125.0,66.3,4,0.0,2026-08-04 22:00:00,Wolfe Rd,400499,22,Tuesday,False
08/04/2026,22:05,137.0,65.5,4,0.0,2026-08-04 22:05:00,Wolfe Rd,400499,22,Tuesday,False
08/04/2026,22:10,119.0,65.1,4,0.0,2026-08-04 22:10:00,Wolfe Rd,400499,22,Tuesday,False
08/04/2026,22:15,143.0,65.7,4,0.0,2026-08-04 22:15:00,Wolfe Rd,400499,22,Tuesday,False
08/04/2026,22:20,118.0,65.2,4,0.0,2026-08-04 22:20:00,Wolfe Rd,400499,22,Tuesday,False
08/04/2026,22:25,127.0,65.7,4,0.0,2026-08-04 22:25:00,Wolfe Rd,400499,22,Tuesday,False
08/04/2026,22:30,109.0,65.5,4,0.0,2026-08-04 22:30:00,Wolfe Rd,400499,22,Tuesday,False
08/04/2026,22:35,92.0,65.4,4,0.0,2026-08-04 22:35:00,Wolfe Rd,400499,22,Tuesday,False
08/04/2026,22:40,107.0,65.8,4,0.0,2026-08-04 22:40:00,Wolfe Rd,400499,22,Tuesday,False
08/04/2026,22:45,107.0,65.9,4,0.0,2026-08-04 22:45:00,Wolfe Rd,400499,22,Tuesday,False
08/04/2026,22:50,110.0,66.0,4,0.0,2026-08-04 22:50:00,Wolfe Rd,400499,22,Tuesday,False
08/04/2026,22:55,100.0,66.0,4,0.0,2026-08-04 22:55:00,Wolfe Rd,400499,22,Tuesday,False
08/04/2026,23:00,79.0,65.1,4,0.0,2026-08-04 23:00:00,Wolfe Rd,400499,23,Tuesday,False
08/04/2026,23:05,95.0,64.8,4,0.0,2026-08-04 23:05:00,Wolfe Rd,400499,23,Tuesday,False
08/04/2026,23:10,70.0,64.7,4,0.0,2026-08-04 23:10:00,Wolfe Rd,400499,23,Tuesday,False
08/04/2026,23:15,92.0,65.8,4,0.0,2026-08-04 23:15:00,Wolfe Rd,400499,23,Tuesday,False
08/04/2026,23:20,83.0,65.9,4,0.0,2026-08-04 23:20:00,Wolfe Rd,400499,23,Tuesday,False
08/04/2026,23:25,79.0,65.1,4,0.0,2026-08-04 23:25:00,Wolfe Rd,400499,23,Tuesday,False
08/04/2026,23:30,68.0,65.3,4,0.0,2026-08-04 23:30:00,Wolfe Rd,400499,23,Tuesday,False
08/04/2026,23:35,57.0,64.8,4,0.0,2026-08-04 23:35:00,Wolfe Rd,400499,23,Tuesday,False
08/04/2026,23:40,83.0,65.7,4,0.0,2026-08-04 23:40:00,Wolfe Rd,400499,23,Tuesday,False
08/04/2026,23:45,56.0,65.2,4,0.0,2026-08-04 23:45:00,Wolfe Rd,400499,23,Tuesday,False
08/04/2026,23:50,60.0,65.1,4,0.0,2026-08-04 23:50:00,Wolfe Rd,400499,23,Tuesday,False
08/04/2026,23:55,59.0,65.3,4,0.0,2026-08-04 23:55:00,Wolfe Rd,400499,23,Tuesday,False
08/05/2026,00:00,39.0,64.8,4,0.0,2026-08-05 00:00:00,Wolfe Rd,400499,0,Wednesday,False
08/05/2026,00:05,44.0,64.9,4,0.0,2026-08-05 00:05:00,Wolfe Rd,400499,0,Wednesday,False
08/05/2026,00:10,51.0,65.9,4,0.0,2026-08-05 00:10:00,Wolfe Rd,400499,0,Wednesday,False
08/05/2026,00:15,60.0,65.5,4,0.0,2026-08-05 00:15:00,Wolfe Rd,400499,0,Wednesday,False
08/05/2026,00:20,58.0,64.6,4,0.0,2026-08-05 00:20:00,Wolfe Rd,400499,0,Wednesday,False
08/05/2026,00:25,50.0,64.7,4,0.0,2026-08-05 00:25:00,Wolfe Rd,400499,0,Wednesday,False
08/05/2026,00:30,46.0,64.5,4,0.0,2026-08-05 00:30:00,Wolfe Rd,400499,0,Wednesday,False
08/05/2026,00:35,46.0,64.8,4,0.0,2026-08-05 00:35:00,Wolfe Rd,400499,0,Wednesday,False
08/05/2026,00:40,49.0,65.8,4,0.0,2026-08-05 00:40:00,Wolfe Rd,400499,0,Wednesday,False
08/05/2026,00:45,40.0,65.7,4,0.0,2026-08-05 00:45:00,Wolfe Rd,400499,0,Wednesday,False
08/05/2026,00:50,45.0,64.8,4,0.0,2026-08-05 00:50:00,Wolfe Rd,400499,0,Wednesday,False
08/05/2026,00:55,43.0,64.8,4,0.0,2026-08-05 00:55:00,Wolfe Rd,400499,0,Wednesday,False
08/05/2026,01:00,46.0,65.9,4,0.0,2026-08-05 01:00:00,Wolfe Rd,400499,1,Wednesday,False
08/05/2026,01:05,40.0,63.9,4,0.0,2026-08-05 01:05:00,Wolfe Rd,400499,1,Wednesday,False
08/05/2026,01:10,46.0,64.0,4,0.0,2026-08-05 01:10:00,Wolfe Rd,400499,1,Wednesday,False
08/05/2026,01:15,52.0,64.8,4,0.0,2026-08-05 01:15:00,Wolfe Rd,400499,1,Wednesday,False
08/05/2026,01:20,51.0,64.6,4,0.0,2026-08-05 01:20:00,Wolfe Rd,400499,1,Wednesday,False
08/05/2026,01:25,43.0,65.1,4,0.0,2026-08-05 01:25:00,Wolfe Rd,400499,1,Wednesday,False
08/05/2026,01:30,40.0,64.3,4,0.0,2026-08-05 01:30:00,Wolfe Rd,400499,1,Wednesday,False
08/05/2026,01:35,42.0,64.9,4,0.0,2026-08-05 01:35:00,Wolfe Rd,400499,1,Wednesday,False
08/05/2026,01:40,48.0,64.9,4,0.0,2026-08-05 01:40:00,Wolfe Rd,400499,1,Wednesday,False
08/05/2026,01:45,45.0,65.1,4,0.0,2026-08-05 01:45:00,Wolfe Rd,400499,1,Wednesday,False
08/05/2026,01:50,48.0,65.7,4,0.0,2026-08-05 01:50:00,Wolfe Rd,400499,1,Wednesday,False
08/05/2026,01:55,47.0,64.9,4,0.0,2026-08-05 01:55:00,Wolfe Rd,400499,1,Wednesday,False
08/05/2026,02:00,49.0,64.4,4,0.0,2026-08-05 02:00:00,Wolfe Rd,400499,2,Wednesday,False
08/05/2026,02:05,48.0,65.2,4,0.0,2026-08-05 02:05:00,Wolfe Rd,400499,2,Wednesday,False
08/05/2026,02:10,46.0,63.9,4,0.0,2026-08-05 02:10:00,Wolfe Rd,400499,2,Wednesday,False
08/05/2026,02:15,49.0,65.2,4,0.0,2026-08-05 02:15:00,Wolfe Rd,400499,2,Wednesday,False
08/05/2026,02:20,54.0,64.6,4,0.0,2026-08-05 02:20:00,Wolfe Rd,400499,2,Wednesday,False
08/05/2026,02:25,49.0,65.5,4,0.0,2026-08-05 02:25:00,Wolfe Rd,400499,2,Wednesday,False
08/05/2026,02:30,56.0,65.0,4,0.0,2026-08-05 02:30:00,Wolfe Rd,400499,2,Wednesday,False
08/05/2026,02:35,55.0,64.9,4,0.0,2026-08-05 02:35:00,Wolfe Rd,400499,2,Wednesday,False
08/05/2026,02:40,41.0,64.8,4,0.0,2026-08-05 02:40:00,Wolfe Rd,400499,2,Wednesday,False
08/05/2026,02:45,46.0,64.9,4,0.0,2026-08-05 02:45:00,Wolfe Rd,400499,2,Wednesday,False
08/05/2026,02:50,46.0,65.1,4,0.0,2026-08-05 02:50:00,Wolfe Rd,400499,2,Wednesday,False
08/05/2026,02:55,46.0,65.5,4,0.0,2026-08-05 02:55:00,Wolfe Rd,400499,2,Wednesday,False
08/05/2026,03:00,52.0,65.5,4,0.0,2026-08-05 03:00:00,Wolfe Rd,400499,3,Wednesday,False
08/05/2026,03:05,36.0,65.6,4,0.0,2026-08-05 03:05:00,Wolfe Rd,400499,3,Wednesday,False
08/05/2026,03:10,60.0,64.7,4,0.0,2026-08-05 03:10:00,Wolfe Rd,400499,3,Wednesday,False
08/05/2026,03:15,44.0,65.1,4,0.0,2026-08-05 03:15:00,Wolfe Rd,400499,3,Wednesday,False
08/05/2026,03:20,48.0,65.0,4,0.0,2026-08-05 03:20:00,Wolfe Rd,400499,3,Wednesday,False
08/05/2026,03:25,43.0,65.6,4,0.0,2026-08-05 03:25:00,Wolfe Rd,400499,3,Wednesday,False
08/05/2026,03:30,59.0,65.5,4,0.0,2026-08-05 03:30:00,Wolfe Rd,400499,3,Wednesday,False
08/05/2026,03:35,56.0,64.5,4,0.0,2026-08-05 03:35:00,Wolfe Rd,400499,3,Wednesday,False
08/05/2026,03:40,56.0,65.0,4,0.0,2026-08-05 03:40:00,Wolfe Rd,400499,3,Wednesday,False
08/05/2026,03:45,71.0,65.1,4,0.0,2026-08-05 03:45:00,Wolfe Rd,400499,3,Wednesday,False
08/05/2026,03:50,63.0,65.4,4,0.0,2026-08-05 03:50:00,Wolfe Rd,400499,3,Wednesday,False
08/05/2026,03:55,57.0,64.7,4,0.0,2026-08-05 03:55:00,Wolfe Rd,400499,3,Wednesday,False
08/05/2026,04:00,39.0,64.2,4,0.0,2026-08-05 04:00:00,Wolfe Rd,400499,4,Wednesday,False
08/05/2026,04:05,48.0,64.4,4,0.0,2026-08-05 04:05:00,Wolfe Rd,400499,4,Wednesday,False
08/05/2026,04:10,51.0,65.9,4,0.0,2026-08-05 04:10:00,Wolfe Rd,400499,4,Wednesday,False
08/05/2026,04:15,73.0,65.7,4,0.0,2026-08-05 04:15:00,Wolfe Rd,400499,4,Wednesday,False
08/05/2026,04:20,49.0,64.6,4,0.0,2026-08-05 04:20:00,Wolfe Rd,400499,4,Wednesday,False
08/05/2026,04:25,45.0,65.6,4,0.0,2026-08-05 04:25:00,Wolfe Rd,400499,4,Wednesday,False
08/05/2026,04:30,52.0,65.5,4,0.0,2026-08-05 04:30:00,Wolfe Rd,400499,4,Wednesday,False
08/05/2026,04:35,77.0,65.6,4,0.0,2026-08-05 04:35:00,Wolfe Rd,400499,4,Wednesday,False
08/05/2026,04:40,80.0,65.9,4,0.0,2026-08-05 04:40:00,Wolfe Rd,400499,4,Wednesday,False
08/05/2026,04:45,91.0,65.2,4,0.0,2026-08-05 04:45:00,Wolfe Rd,400499,4,Wednesday,False
08/05/2026,04:50,67.0,65.4,4,0.0,2026-08-05 04:50:00,Wolfe Rd,400499,4,Wednesday,False
08/05/2026,04:55,83.0,65.5,4,0.0,2026-08-05 04:55:00,Wolfe Rd,400499,4,Wednesday,False
08/05/2026,05:00,93.0,66.4,4,0.0,2026-08-05 05:00:00,Wolfe Rd,400499,5,Wednesday,False
08/05/2026,05:05,86.0,65.8,4,0.0,2026-08-05 05:05:00,Wolfe Rd,400499,5,Wednesday,False
08/05/2026,05:10,116.0,66.4,4,0.0,2026-08-05 05:10:00,Wolfe Rd,400499,5,Wednesday,False
08/05/2026,05:15,127.0,66.8,4,0.0,2026-08-05 05:15:00,Wolfe Rd,400499,5,Wednesday,False
08/05/2026,05:20,182.0,66.4,4,0.0,2026-08-05 05:20:00,Wolfe Rd,400499,5,Wednesday,False
08/05/2026,05:25,164.0,66.0,4,0.0,2026-08-05 05:25:00,Wolfe Rd,400499,5,Wednesday,False
08/05/2026,05:30,142.0,66.2,4,0.0,2026-08-05 05:30:00,Wolfe Rd,400499,5,Wednesday,False
08/05/2026,05:35,188.0,65.9,4,0.0,2026-08-05 05:35:00,Wolfe Rd,400499,5,Wednesday,False
08/05/2026,05:40,207.0,65.2,4,0.0,2026-08-05 05:40:00,Wolfe Rd,400499,5,Wednesday,False
08/05/2026,05:45,264.0,64.3,4,0.0,2026-08-05 05:45:00,Wolfe Rd,400499,5,Wednesday,False
08/05/2026,05:50,236.0,63.9,4,0.0,2026-08-05 05:50:00,Wolfe Rd,400499,5,Wednesday,False
08/05/2026,05:55,255.0,65.1,4,0.0,2026-08-05 05:55:00,Wolfe Rd,400499,5,Wednesday,False
08/05/2026,06:00,217.0,63.3,4,0.0,2026-08-05 06:00:00,Wolfe Rd,400499,6,Wednesday,False
08/05/2026,06:05,170.0,61.9,4,0.0,2026-08-05 06:05:00,Wolfe Rd,400499,6,Wednesday,False
08/05/2026,06:10,247.0,63.8,4,0.0,2026-08-05 06:10:00,Wolfe Rd,400499,6,Wednesday,False
08/05/2026,06:15,247.0,63.8,4,0.0,2026-08-05 06:15:00,Wolfe Rd,400499,6,Wednesday,False
08/05/2026,06:20,272.0,62.7,4,0.0,2026-08-05 06:20:00,Wolfe Rd,400499,6,Wednesday,False
08/05/2026,06:25,306.0,63.8,4,0.0,2026-08-05 06:25:00,Wolfe Rd,400499,6,Wednesday,False
08/05/2026,06:30,354.0,63.7,4,0.0,2026-08-05 06:30:00,Wolfe Rd,400499,6,Wednesday,False
08/05/2026,06:35,306.0,63.1,4,0.0,2026-08-05 06:35:00,Wolfe Rd,400499,6,Wednesday,False
08/05/2026,06:40,423.0,62.2,4,0.0,2026-08-05 06:40:00,Wolfe Rd,400499,6,Wednesday,False
08/05/2026,06:45,407.0,61.4,4,0.0,2026-08-05 06:45:00,Wolfe Rd,400499,6,Wednesday,False
08/05/2026,06:50,462.0,61.7,4,0.0,2026-08-05 06:50:00,Wolfe Rd,400499,6,Wednesday,False
08/05/2026,06:55,415.0,60.1,4,0.0,2026-08-05 06:55:00,Wolfe Rd,400499,6,Wednesday,False
08/05/2026,07:00,420.0,58.5,4,0.0,2026-08-05 07:00:00,Wolfe Rd,400499,7,Wednesday,False
08/05/2026,07:05,436.0,58.8,4,0.0,2026-08-05 07:05:00,Wolfe Rd,400499,7,Wednesday,False
08/05/2026,07:10,416.0,59.0,4,0.0,2026-08-05 07:10:00,Wolfe Rd,400499,7,Wednesday,False
08/05/2026,07:15,462.0,57.3,4,0.0,2026-08-05 07:15:00,Wolfe Rd,400499,7,Wednesday,False
08/05/2026,07:20,509.0,55.0,4,0.0,2026-08-05 07:20:00,Wolfe Rd,400499,7,Wednesday,False
08/05/2026,07:25,513.0,55.3,4,0.0,2026-08-05 07:25:00,Wolfe Rd,400499,7,Wednesday,False
08/05/2026,07:30,483.0,54.3,4,0.0,2026-08-05 07:30:00,Wolfe Rd,400499,7,Wednesday,False
08/05/2026,07:35,518.0,49.3,4,0.0,2026-08-05 07:35:00,Wolfe Rd,400499,7,Wednesday,False
08/05/2026,07:40,529.0,48.6,4,0.0,2026-08-05 07:40:00,Wolfe Rd,400499,7,Wednesday,False
08/05/2026,07:45,491.0,46.8,4,0.0,2026-08-05 07:45:00,Wolfe Rd,400499,7,Wednesday,False
08/05/2026,07:50,494.0,45.1,4,0.0,2026-08-05 07:50:00,Wolfe Rd,400499,7,Wednesday,False
08/05/2026,07:55,487.0,48.2,4,0.0,2026-08-05 07:55:00,Wolfe Rd,400499,7,Wednesday,False
08/05/2026,08:00,518.0,46.3,4,0.0,2026-08-05 08:00:00,Wolfe Rd,400499,8,Wednesday,False
08/05/2026,08:05,505.0,47.2,4,0.0,2026-08-05 08:05:00,Wolfe Rd,400499,8,Wednesday,False
08/05/2026,08:10,501.0,48.3,4,0.0,2026-08-05 08:10:00,Wolfe Rd,400499,8,Wednesday,False
08/05/2026,08:15,513.0,49.9,4,0.0,2026-08-05 08:15:00,Wolfe Rd,400499,8,Wednesday,False
08/05/2026,08:20,518.0,52.2,4,0.0,2026-08-05 08:20:00,Wolfe Rd,400499,8,Wednesday,False
08/05/2026,08:25,505.0,54.2,4,0.0,2026-08-05 08:25:00,Wolfe Rd,400499,8,Wednesday,False
08/05/2026,08:30,451.0,55.0,4,0.0,2026-08-05 08:30:00,Wolfe Rd,400499,8,Wednesday,False
08/05/2026,08:35,525.0,55.9,4,0.0,2026-08-05 08:35:00,Wolfe Rd,400499,8,Wednesday,False
08/05/2026,08:40,440.0,55.6,4,0.0,2026-08-05 08:40:00,Wolfe Rd,400499,8,Wednesday,False
08/05/2026,08:45,431.0,56.1,4,0.0,2026-08-05 08:45:00,Wolfe Rd,400499,8,Wednesday,False
08/05/2026,08:50,325.0,55.4,4,0.0,2026-08-05 08:50:00,Wolfe Rd,400499,8,Wednesday,False
08/05/2026,08:55,474.0,56.4,4,0.0,2026-08-05 08:55:00,Wolfe Rd,400499,8,Wednesday,False
08/05/2026,09:00,522.0,57.3,4,0.0,2026-08-05 09:00:00,Wolfe Rd,400499,9,Wednesday,False
08/05/2026,09:05,509.0,57.3,4,0.0,2026-08-05 09:05:00,Wolfe Rd,400499,9,Wednesday,False
08/05/2026,09:10,534.0,58.0,4,0.0,2026-08-05 09:10:00,Wolfe Rd,400499,9,Wednesday,False
08/05/2026,09:15,529.0,58.7,4,0.0,2026-08-05 09:15:00,Wolfe Rd,400499,9,Wednesday,False
08/05/2026,09:20,487.0,58.5,4,0.0,2026-08-05 09:20:00,Wolfe Rd,400499,9,Wednesday,False
08/05/2026,09:25,522.0,58.2,4,0.0,2026-08-05 09:25:00,Wolfe Rd,400499,9,Wednesday,False
08/05/2026,09:30,534.0,57.4,4,0.0,2026-08-05 09:30:00,Wolfe Rd,400499,9,Wednesday,False
08/05/2026,09:35,534.0,57.6,4,0.0,2026-08-05 09:35:00,Wolfe Rd,400499,9,Wednesday,False
08/05/2026,09:40,552.0,57.6,4,0.0,2026-08-05 09:40:00,Wolfe Rd,400499,9,Wednesday,False
08/05/2026,09:45,513.0,56.7,4,0.0,2026-08-05 09:45:00,Wolfe Rd,400499,9,Wednesday,False
08/05/2026,09:50,501.0,57.6,4,0.0,2026-08-05 09:50:00,Wolfe Rd,400499,9,Wednesday,False
08/05/2026,09:55,483.0,58.1,4,0.0,2026-08-05 09:55:00,Wolfe Rd,400499,9,Wednesday,False
08/05/2026,10:00,444.0,59.1,4,0.0,2026-08-05 10:00:00,Wolfe Rd,400499,10,Wednesday,False
08/05/2026,10:05,440.0,60.3,4,0.0,2026-08-05 10:05:00,Wolfe Rd,400499,10,Wednesday,False
08/05/2026,10:10,467.0,59.6,4,0.0,2026-08-05 10:10:00,Wolfe Rd,400499,10,Wednesday,False
08/05/2026,10:15,494.0,59.3,4,0.0,2026-08-05 10:15:00,Wolfe Rd,400499,10,Wednesday,False
08/05/2026,10:20,473.0,60.2,4,0.0,2026-08-05 10:20:00,Wolfe Rd,400499,10,Wednesday,False
08/05/2026,10:25,440.0,60.5,4,0.0,2026-08-05 10:25:00,Wolfe Rd,400499,10,Wednesday,False
08/05/2026,10:30,376.0,60.5,4,0.0,2026-08-05 10:30:00,Wolfe Rd,400499,10,Wednesday,False
08/05/2026,10:35,346.0,60.7,4,0.0,2026-08-05 10:35:00,Wolfe Rd,400499,10,Wednesday,False
08/05/2026,10:40,408.0,61.0,4,0.0,2026-08-05 10:40:00,Wolfe Rd,400499,10,Wednesday,False
08/05/2026,10:45,427.0,61.2,4,0.0,2026-08-05 10:45:00,Wolfe Rd,400499,10,Wednesday,False
08/05/2026,10:50,400.0,62.1,4,0.0,2026-08-05 10:50:00,Wolfe Rd,400499,10,Wednesday,False
08/05/2026,10:55,342.0,62.2,4,0.0,2026-08-05 10:55:00,Wolfe Rd,400499,10,Wednesday,False
08/05/2026,11:00,298.0,62.4,4,0.0,2026-08-05 11:00:00,Wolfe Rd,400499,11,Wednesday,False
08/05/2026,11:05,342.0,62.7,4,0.0,2026-08-05 11:05:00,Wolfe Rd,400499,11,Wednesday,False
08/05/2026,11:10,404.0,61.3,4,0.0,2026-08-05 11:10:00,Wolfe Rd,400499,11,Wednesday,False
08/05/2026,11:15,389.0,62.0,4,0.0,2026-08-05 11:15:00,Wolfe Rd,400499,11,Wednesday,False
08/05/2026,11:20,349.0,62.3,4,0.0,2026-08-05 11:20:00,Wolfe Rd,400499,11,Wednesday,False
08/05/2026,11:25,368.0,62.1,4,0.0,2026-08-05 11:25:00,Wolfe Rd,400499,11,Wednesday,False
08/05/2026,11:30,307.0,62.0,4,0.0,2026-08-05 11:30:00,Wolfe Rd,400499,11,Wednesday,False
08/05/2026,11:35,306.0,62.5,4,0.0,2026-08-05 11:35:00,Wolfe Rd,400499,11,Wednesday,False
08/05/2026,11:40,349.0,61.7,4,0.0,2026-08-05 11:40:00,Wolfe Rd,400499,11,Wednesday,False
08/05/2026,11:45,318.0,61.5,4,0.0,2026-08-05 11:45:00,Wolfe Rd,400499,11,Wednesday,False
08/05/2026,11:50,358.0,62.9,4,0.0,2026-08-05 11:50:00,Wolfe Rd,400499,11,Wednesday,False
08/05/2026,11:55,295.0,62.2,4,0.0,2026-08-05 11:55:00,Wolfe Rd,400499,11,Wednesday,False
08/05/2026,12:00,329.0,62.4,4,0.0,2026-08-05 12:00:00,Wolfe Rd,400499,12,Wednesday,False
08/05/2026,12:05,337.0,63.1,4,0.0,2026-08-05 12:05:00,Wolfe Rd,400499,12,Wednesday,False
08/05/2026,12:10,342.0,62.7,4,0.0,2026-08-05 12:10:00,Wolfe Rd,400499,12,Wednesday,False
08/05/2026,12:15,306.0,61.7,4,0.0,2026-08-05 12:15:00,Wolfe Rd,400499,12,Wednesday,False
08/05/2026,12:20,353.0,61.0,4,0.0,2026-08-05 12:20:00,Wolfe Rd,400499,12,Wednesday,False
08/05/2026,12:25,272.0,62.4,4,0.0,2026-08-05 12:25:00,Wolfe Rd,400499,12,Wednesday,False
08/05/2026,12:30,349.0,62.7,4,0.0,2026-08-05 12:30:00,Wolfe Rd,400499,12,Wednesday,False
08/05/2026,12:35,318.0,63.0,4,0.0,2026-08-05 12:35:00,Wolfe Rd,400499,12,Wednesday,False
08/05/2026,12:40,342.0,62.7,4,0.0,2026-08-05 12:40:00,Wolfe Rd,400499,12,Wednesday,False
08/05/2026,12:45,282.0,63.4,4,0.0,2026-08-05 12:45:00,Wolfe Rd,400499,12,Wednesday,False
08/05/2026,12:50,284.0,62.8,4,0.0,2026-08-05 12:50:00,Wolfe Rd,400499,12,Wednesday,False
08/05/2026,12:55,265.0,63.1,4,0.0,2026-08-05 12:55:00,Wolfe Rd,400499,12,Wednesday,False
08/05/2026,13:00,264.0,63.7,4,0.0,2026-08-05 13:00:00,Wolfe Rd,400499,13,Wednesday,False
08/05/2026,13:05,286.0,64.1,4,0.0,2026-08-05 13:05:00,Wolfe Rd,400499,13,Wednesday,False
08/05/2026,13:10,269.0,63.7,4,0.0,2026-08-05 13:10:00,Wolfe Rd,400499,13,Wednesday,False
08/05/2026,13:15,282.0,63.3,4,0.0,2026-08-05 13:15:00,Wolfe Rd,400499,13,Wednesday,False
08/05/2026,13:20,282.0,63.0,4,0.0,2026-08-05 13:20:00,Wolfe Rd,400499,13,Wednesday,False
08/05/2026,13:25,306.0,62.4,4,0.0,2026-08-05 13:25:00,Wolfe Rd,400499,13,Wednesday,False
08/05/2026,13:30,325.0,63.5,4,0.0,2026-08-05 13:30:00,Wolfe Rd,400499,13,Wednesday,False
08/05/2026,13:35,306.0,63.6,4,0.0,2026-08-05 13:35:00,Wolfe Rd,400499,13,Wednesday,False
08/05/2026,13:40,293.0,63.3,4,0.0,2026-08-05 13:40:00,Wolfe Rd,400499,13,Wednesday,False
08/05/2026,13:45,342.0,63.5,4,0.0,2026-08-05 13:45:00,Wolfe Rd,400499,13,Wednesday,False
08/05/2026,13:50,224.0,63.4,4,0.0,2026-08-05 13:50:00,Wolfe Rd,400499,13,Wednesday,False
08/05/2026,13:55,268.0,63.5,4,0.0,2026-08-05 13:55:00,Wolfe Rd,400499,13,Wednesday,False
08/05/2026,14:00,278.0,63.9,4,0.0,2026-08-05 14:00:00,Wolfe Rd,400499,14,Wednesday,False
08/05/2026,14:05,242.0,63.6,4,0.0,2026-08-05 14:05:00,Wolfe Rd,400499,14,Wednesday,False
08/05/2026,14:10,286.0,63.0,4,0.0,2026-08-05 14:10:00,Wolfe Rd,400499,14,Wednesday,False
08/05/2026,14:15,263.0,63.0,4,0.0,2026-08-05 14:15:00,Wolfe Rd,400499,14,Wednesday,False
08/05/2026,14:20,321.0,63.0,4,0.0,2026-08-05 14:20:00,Wolfe Rd,400499,14,Wednesday,False
08/05/2026,14:25,320.0,62.1,4,0.0,2026-08-05 14:25:00,Wolfe Rd,400499,14,Wednesday,False
08/05/2026,14:30,245.0,62.9,4,0.0,2026-08-05 14:30:00,Wolfe Rd,400499,14,Wednesday,False
08/05/2026,14:35,298.0,63.9,4,0.0,2026-08-05 14:35:00,Wolfe Rd,400499,14,Wednesday,False
08/05/2026,14:40,302.0,63.2,4,0.0,2026-08-05 14:40:00,Wolfe Rd,400499,14,Wednesday,False
08/05/2026,14:45,329.0,63.0,4,0.0,2026-08-05 14:45:00,Wolfe Rd,400499,14,Wednesday,False
08/05/2026,14:50,282.0,63.6,4,0.0,2026-08-05 14:50:00,Wolfe Rd,400499,14,Wednesday,False
08/05/2026,14:55,296.0,64.1,4,0.0,2026-08-05 14:55:00,Wolfe Rd,400499,14,Wednesday,False
08/05/2026,15:00,274.0,61.8,4,0.0,2026-08-05 15:00:00,Wolfe Rd,400499,15,Wednesday,False
08/05/2026,15:05,290.0,62.9,4,0.0,2026-08-05 15:05:00,Wolfe Rd,400499,15,Wednesday,False
08/05/2026,15:10,329.0,62.6,4,0.0,2026-08-05 15:10:00,Wolfe Rd,400499,15,Wednesday,False
08/05/2026,15:15,342.0,62.5,4,0.0,2026-08-05 15:15:00,Wolfe Rd,400499,15,Wednesday,False
08/05/2026,15:20,306.0,63.2,4,0.0,2026-08-05 15:20:00,Wolfe Rd,400499,15,Wednesday,False
08/05/2026,15:25,333.0,62.3,4,0.0,2026-08-05 15:25:00,Wolfe Rd,400499,15,Wednesday,False
08/05/2026,15:30,302.0,62.4,4,0.0,2026-08-05 15:30:00,Wolfe Rd,400499,15,Wednesday,False
08/05/2026,15:35,302.0,61.9,4,0.0,2026-08-05 15:35:00,Wolfe Rd,400499,15,Wednesday,False
08/05/2026,15:40,306.0,62.9,4,0.0,2026-08-05 15:40:00,Wolfe Rd,400499,15,Wednesday,False
08/05/2026,15:45,376.0,62.4,4,0.0,2026-08-05 15:45:00,Wolfe Rd,400499,15,Wednesday,False
08/05/2026,15:50,316.0,61.4,4,0.0,2026-08-05 15:50:00,Wolfe Rd,400499,15,Wednesday,False
08/05/2026,15:55,346.0,62.6,4,0.0,2026-08-05 15:55:00,Wolfe Rd,400499,15,Wednesday,False
08/05/2026,16:00,286.0,62.0,4,0.0,2026-08-05 16:00:00,Wolfe Rd,400499,16,Wednesday,False
08/05/2026,16:05,278.0,62.6,4,0.0,2026-08-05 16:05:00,Wolfe Rd,400499,16,Wednesday,False
08/05/2026,16:10,306.0,62.4,4,0.0,2026-08-05 16:10:00,Wolfe Rd,400499,16,Wednesday,False
08/05/2026,16:15,346.0,62.7,4,0.0,2026-08-05 16:15:00,Wolfe Rd,400499,16,Wednesday,False
08/05/2026,16:20,365.0,62.5,4,0.0,2026-08-05 16:20:00,Wolfe Rd,400499,16,Wednesday,False
08/05/2026,16:25,296.0,62.7,4,0.0,2026-08-05 16:25:00,Wolfe Rd,400499,16,Wednesday,False
08/05/2026,16:30,325.0,62.9,4,0.0,2026-08-05 16:30:00,Wolfe Rd,400499,16,Wednesday,False
08/05/2026,16:35,361.0,62.9,4,0.0,2026-08-05 16:35:00,Wolfe Rd,400499,16,Wednesday,False
08/05/2026,16:40,337.0,62.1,4,0.0,2026-08-05 16:40:00,Wolfe Rd,400499,16,Wednesday,False
08/05/2026,16:45,323.0,62.2,4,0.0,2026-08-05 16:45:00,Wolfe Rd,400499,16,Wednesday,False
08/05/2026,16:50,346.0,62.4,4,0.0,2026-08-05 16:50:00,Wolfe Rd,400499,16,Wednesday,False
08/05/2026,16:55,325.0,62.0,4,0.0,2026-08-05 16:55:00,Wolfe Rd,400499,16,Wednesday,False
08/05/2026,17:00,321.0,63.3,4,0.0,2026-08-05 17:00:00,Wolfe Rd,400499,17,Wednesday,False
08/05/2026,17:05,333.0,65.0,4,0.0,2026-08-05 17:05:00,Wolfe Rd,400499,17,Wednesday,False
08/05/2026,17:10,389.0,63.8,4,0.0,2026-08-05 17:10:00,Wolfe Rd,400499,17,Wednesday,False
08/05/2026,17:15,412.0,63.6,4,0.0,2026-08-05 17:15:00,Wolfe Rd,400499,17,Wednesday,False
08/05/2026,17:20,427.0,63.7,4,0.0,2026-08-05 17:20:00,Wolfe Rd,400499,17,Wednesday,False
08/05/2026,17:25,372.0,63.1,4,0.0,2026-08-05 17:25:00,Wolfe Rd,400499,17,Wednesday,False
08/05/2026,17:30,368.0,65.3,4,0.0,2026-08-05 17:30:00,Wolfe Rd,400499,17,Wednesday,False
08/05/2026,17:35,408.0,64.3,4,0.0,2026-08-05 17:35:00,Wolfe Rd,400499,17,Wednesday,False
08/05/2026,17:40,404.0,64.0,4,0.0,2026-08-05 17:40:00,Wolfe Rd,400499,17,Wednesday,False
08/05/2026,17:45,400.0,63.9,4,0.0,2026-08-05 17:45:00,Wolfe Rd,400499,17,Wednesday,False
08/05/2026,17:50,412.0,63.9,4,0.0,2026-08-05 17:50:00,Wolfe Rd,400499,17,Wednesday,False
08/05/2026,17:55,408.0,64.4,4,0.0,2026-08-05 17:55:00,Wolfe Rd,400499,17,Wednesday,False
08/05/2026,18:00,314.0,64.3,4,0.0,2026-08-05 18:00:00,Wolfe Rd,400499,18,Wednesday,False
08/05/2026,18:05,287.0,64.2,4,0.0,2026-08-05 18:05:00,Wolfe Rd,400499,18,Wednesday,False
08/05/2026,18:10,302.0,64.9,4,0.0,2026-08-05 18:10:00,Wolfe Rd,400499,18,Wednesday,False
08/05/2026,18:15,337.0,65.3,4,0.0,2026-08-05 18:15:00,Wolfe Rd,400499,18,Wednesday,False
08/05/2026,18:20,306.0,65.8,4,0.0,2026-08-05 18:20:00,Wolfe Rd,400499,18,Wednesday,False
08/05/2026,18:25,350.0,66.4,4,0.0,2026-08-05 18:25:00,Wolfe Rd,400499,18,Wednesday,False
08/05/2026,18:30,321.0,65.6,4,0.0,2026-08-05 18:30:00,Wolfe Rd,400499,18,Wednesday,False
08/05/2026,18:35,314.0,66.2,4,0.0,2026-08-05 18:35:00,Wolfe Rd,400499,18,Wednesday,False
08/05/2026,18:40,306.0,65.5,4,0.0,2026-08-05 18:40:00,Wolfe Rd,400499,18,Wednesday,False
08/05/2026,18:45,376.0,65.3,4,0.0,2026-08-05 18:45:00,Wolfe Rd,400499,18,Wednesday,False
08/05/2026,18:50,278.0,64.7,4,0.0,2026-08-05 18:50:00,Wolfe Rd,400499,18,Wednesday,False
08/05/2026,18:55,278.0,65.4,4,0.0,2026-08-05 18:55:00,Wolfe Rd,400499,18,Wednesday,False
08/05/2026,19:00,302.0,66.4,4,0.0,2026-08-05 19:00:00,Wolfe Rd,400499,19,Wednesday,False
08/05/2026,19:05,270.0,66.8,4,0.0,2026-08-05 19:05:00,Wolfe Rd,400499,19,Wednesday,False
08/05/2026,19:10,274.0,67.2,4,0.0,2026-08-05 19:10:00,Wolfe Rd,400499,19,Wednesday,False
08/05/2026,19:15,351.0,67.1,4,0.0,2026-08-05 19:15:00,Wolfe Rd,400499,19,Wednesday,False
08/05/2026,19:20,259.0,67.0,4,0.0,2026-08-05 19:20:00,Wolfe Rd,400499,19,Wednesday,False
08/05/2026,19:25,268.0,65.8,4,0.0,2026-08-05 19:25:00,Wolfe Rd,400499,19,Wednesday,False
08/05/2026,19:30,197.0,65.8,4,0.0,2026-08-05 19:30:00,Wolfe Rd,400499,19,Wednesday,False
08/05/2026,19:35,259.0,64.8,4,0.0,2026-08-05 19:35:00,Wolfe Rd,400499,19,Wednesday,False
08/05/2026,19:40,228.0,65.0,4,0.0,2026-08-05 19:40:00,Wolfe Rd,400499,19,Wednesday,False
08/05/2026,19:45,215.0,64.3,4,0.0,2026-08-05 19:45:00,Wolfe Rd,400499,19,Wednesday,False
08/05/2026,19:50,278.0,64.9,4,0.0,2026-08-05 19:50:00,Wolfe Rd,400499,19,Wednesday,False
08/05/2026,19:55,203.0,64.8,4,0.0,2026-08-05 19:55:00,Wolfe Rd,400499,19,Wednesday,False
08/05/2026,20:00,196.0,67.0,4,0.0,2026-08-05 20:00:00,Wolfe Rd,400499,20,Wednesday,False
08/05/2026,20:05,196.0,67.2,4,0.0,2026-08-05 20:05:00,Wolfe Rd,400499,20,Wednesday,False
08/05/2026,20:10,239.0,67.2,4,0.0,2026-08-05 20:10:00,Wolfe Rd,400499,20,Wednesday,False
08/05/2026,20:15,224.0,67.5,4,0.0,2026-08-05 20:15:00,Wolfe Rd,400499,20,Wednesday,False
08/05/2026,20:20,255.0,66.4,4,0.0,2026-08-05 20:20:00,Wolfe Rd,400499,20,Wednesday,False
08/05/2026,20:25,217.0,66.2,4,0.0,2026-08-05 20:25:00,Wolfe Rd,400499,20,Wednesday,False
08/05/2026,20:30,235.0,66.8,4,0.0,2026-08-05 20:30:00,Wolfe Rd,400499,20,Wednesday,False
08/05/2026,20:35,173.0,66.3,4,0.0,2026-08-05 20:35:00,Wolfe Rd,400499,20,Wednesday,False
08/05/2026,20:40,215.0,65.9,4,0.0,2026-08-05 20:40:00,Wolfe Rd,400499,20,Wednesday,False
08/05/2026,20:45,192.0,66.3,4,0.0,2026-08-05 20:45:00,Wolfe Rd,400499,20,Wednesday,False
08/05/2026,20:50,230.0,66.1,4,0.0,2026-08-05 20:50:00,Wolfe Rd,400499,20,Wednesday,False
08/05/2026,20:55,208.0,66.5,4,0.0,2026-08-05 20:55:00,Wolfe Rd,400499,20,Wednesday,False
08/05/2026,21:00,196.0,66.6,4,0.0,2026-08-05 21:00:00,Wolfe Rd,400499,21,Wednesday,False
08/05/2026,21:05,204.0,67.4,4,0.0,2026-08-05 21:05:00,Wolfe Rd,400499,21,Wednesday,False
08/05/2026,21:10,217.0,67.2,4,0.0,2026-08-05 21:10:00,Wolfe Rd,400499,21,Wednesday,False
08/05/2026,21:15,208.0,65.8,4,0.0,2026-08-05 21:15:00,Wolfe Rd,400499,21,Wednesday,False
08/05/2026,21:20,182.0,66.8,4,0.0,2026-08-05 21:20:00,Wolfe Rd,400499,21,Wednesday,False
08/05/2026,21:25,186.0,66.0,4,0.0,2026-08-05 21:25:00,Wolfe Rd,400499,21,Wednesday,False
08/05/2026,21:30,182.0,66.6,4,0.0,2026-08-05 21:30:00,Wolfe Rd,400499,21,Wednesday,False
08/05/2026,21:35,173.0,65.9,4,0.0,2026-08-05 21:35:00,Wolfe Rd,400499,21,Wednesday,False
08/05/2026,21:40,213.0,66.4,4,0.0,2026-08-05 21:40:00,Wolfe Rd,400499,21,Wednesday,False
08/05/2026,21:45,194.0,66.0,4,0.0,2026-08-05 21:45:00,Wolfe Rd,400499,21,Wednesday,False
08/05/2026,21:50,185.0,66.8,4,0.0,2026-08-05 21:50:00,Wolfe Rd,400499,21,Wednesday,False
08/05/2026,21:55,161.0,66.1,4,0.0,2026-08-05 21:55:00,Wolfe Rd,400499,21,Wednesday,False
08/05/2026,22:00,157.0,67.4,4,0.0,2026-08-05 22:00:00,Wolfe Rd,400499,22,Wednesday,False
08/05/2026,22:05,173.0,65.8,4,0.0,2026-08-05 22:05:00,Wolfe Rd,400499,22,Wednesday,False
08/05/2026,22:10,155.0,65.6,4,0.0,2026-08-05 22:10:00,Wolfe Rd,400499,22,Wednesday,False
08/05/2026,22:15,125.0,65.4,4,0.0,2026-08-05 22:15:00,Wolfe Rd,400499,22,Wednesday,False
08/05/2026,22:20,134.0,66.2,4,0.0,2026-08-05 22:20:00,Wolfe Rd,400499,22,Wednesday,False
08/05/2026,22:25,106.0,66.1,4,0.0,2026-08-05 22:25:00,Wolfe Rd,400499,22,Wednesday,False
08/05/2026,22:30,118.0,66.4,4,0.0,2026-08-05 22:30:00,Wolfe Rd,400499,22,Wednesday,False
08/05/2026,22:35,126.0,66.7,4,0.0,2026-08-05 22:35:00,Wolfe Rd,400499,22,Wednesday,False
08/05/2026,22:40,118.0,66.2,4,0.0,2026-08-05 22:40:00,Wolfe Rd,400499,22,Wednesday,False
08/05/2026,22:45,101.0,66.0,4,0.0,2026-08-05 22:45:00,Wolfe Rd,400499,22,Wednesday,False
08/05/2026,22:50,113.0,66.0,4,0.0,2026-08-05 22:50:00,Wolfe Rd,400499,22,Wednesday,False
08/05/2026,22:55,88.0,66.1,4,0.0,2026-08-05 22:55:00,Wolfe Rd,400499,22,Wednesday,False
08/05/2026,23:00,90.0,66.3,4,0.0,2026-08-05 23:00:00,Wolfe Rd,400499,23,Wednesday,False
08/05/2026,23:05,77.0,66.0,4,0.0,2026-08-05 23:05:00,Wolfe Rd,400499,23,Wednesday,False
08/05/2026,23:10,95.0,66.4,4,0.0,2026-08-05 23:10:00,Wolfe Rd,400499,23,Wednesday,False
08/05/2026,23:15,85.0,66.4,4,0.0,2026-08-05 23:15:00,Wolfe Rd,400499,23,Wednesday,False
08/05/2026,23:20,53.0,65.8,4,0.0,2026-08-05 23:20:00,Wolfe Rd,400499,23,Wednesday,False
08/05/2026,23:25,81.0,66.3,4,0.0,2026-08-05 23:25:00,Wolfe Rd,400499,23,Wednesday,False
08/05/2026,23:30,66.0,66.0,4,0.0,2026-08-05 23:30:00,Wolfe Rd,400499,23,Wednesday,False
08/05/2026,23:35,67.0,65.6,4,0.0,2026-08-05 23:35:00,Wolfe Rd,400499,23,Wednesday,False
08/05/2026,23:40,83.0,65.9,4,0.0,2026-08-05 23:40:00,Wolfe Rd,400499,23,Wednesday,False
08/05/2026,23:45,75.0,65.1,4,0.0,2026-08-05 23:45:00,Wolfe Rd,400499,23,Wednesday,False
08/05/2026,23:50,55.0,65.5,4,0.0,2026-08-05 23:50:00,Wolfe Rd,400499,23,Wednesday,False
08/05/2026,23:55,75.0,65.2,4,0.0,2026-08-05 23:55:00,Wolfe Rd,400499,23,Wednesday,False
08/06/2026,00:00,63.0,64.6,4,0.0,2026-08-06 00:00:00,Wolfe Rd,400499,0,Thursday,False
08/06/2026,00:05,46.0,65.2,4,0.0,2026-08-06 00:05:00,Wolfe Rd,400499,0,Thursday,False
08/06/2026,00:10,58.0,65.2,4,0.0,2026-08-06 00:10:00,Wolfe Rd,400499,0,Thursday,False
08/06/2026,00:15,52.0,65.5,4,0.0,2026-08-06 00:15:00,Wolfe Rd,400499,0,Thursday,False
08/06/2026,00:20,55.0,64.6,4,0.0,2026-08-06 00:20:00,Wolfe Rd,400499,0,Thursday,False
08/06/2026,00:25,42.0,64.3,4,0.0,2026-08-06 00:25:00,Wolfe Rd,400499,0,Thursday,False
08/06/2026,00:30,51.0,64.8,4,0.0,2026-08-06 00:30:00,Wolfe Rd,400499,0,Thursday,False
08/06/2026,00:35,65.0,65.0,4,0.0,2026-08-06 00:35:00,Wolfe Rd,400499,0,Thursday,False
08/06/2026,00:40,36.0,64.0,4,0.0,2026-08-06 00:40:00,Wolfe Rd,400499,0,Thursday,False
08/06/2026,00:45,43.0,64.6,4,0.0,2026-08-06 00:45:00,Wolfe Rd,400499,0,Thursday,False
08/06/2026,00:50,44.0,64.2,4,0.0,2026-08-06 00:50:00,Wolfe Rd,400499,0,Thursday,False
08/06/2026,00:55,35.0,65.3,4,0.0,2026-08-06 00:55:00,Wolfe Rd,400499,0,Thursday,False
08/06/2026,01:00,50.0,64.7,4,0.0,2026-08-06 01:00:00,Wolfe Rd,400499,1,Thursday,False
08/06/2026,01:05,43.0,65.0,4,0.0,2026-08-06 01:05:00,Wolfe Rd,400499,1,Thursday,False
08/06/2026,01:10,47.0,65.1,4,0.0,2026-08-06 01:10:00,Wolfe Rd,400499,1,Thursday,False
08/06/2026,01:15,50.0,65.2,4,0.0,2026-08-06 01:15:00,Wolfe Rd,400499,1,Thursday,False
08/06/2026,01:20,43.0,64.4,4,0.0,2026-08-06 01:20:00,Wolfe Rd,400499,1,Thursday,False
08/06/2026,01:25,43.0,65.0,4,0.0,2026-08-06 01:25:00,Wolfe Rd,400499,1,Thursday,False
08/06/2026,01:30,51.0,64.3,4,0.0,2026-08-06 01:30:00,Wolfe Rd,400499,1,Thursday,False
08/06/2026,01:35,45.0,65.1,4,0.0,2026-08-06 01:35:00,Wolfe Rd,400499,1,Thursday,False
08/06/2026,01:40,55.0,64.4,4,0.0,2026-08-06 01:40:00,Wolfe Rd,400499,1,Thursday,False
08/06/2026,01:45,48.0,64.4,4,0.0,2026-08-06 01:45:00,Wolfe Rd,400499,1,Thursday,False
08/06/2026,01:50,41.0,64.7,4,0.0,2026-08-06 01:50:00,Wolfe Rd,400499,1,Thursday,False
08/06/2026,01:55,55.0,64.9,4,0.0,2026-08-06 01:55:00,Wolfe Rd,400499,1,Thursday,False
08/06/2026,02:00,55.0,64.3,4,0.0,2026-08-06 02:00:00,Wolfe Rd,400499,2,Thursday,False
08/06/2026,02:05,46.0,64.2,4,0.0,2026-08-06 02:05:00,Wolfe Rd,400499,2,Thursday,False
08/06/2026,02:10,43.0,65.4,4,0.0,2026-08-06 02:10:00,Wolfe Rd,400499,2,Thursday,False
08/06/2026,02:15,46.0,64.0,4,0.0,2026-08-06 02:15:00,Wolfe Rd,400499,2,Thursday,False
08/06/2026,02:20,42.0,63.8,4,0.0,2026-08-06 02:20:00,Wolfe Rd,400499,2,Thursday,False
08/06/2026,02:25,50.0,64.7,4,0.0,2026-08-06 02:25:00,Wolfe Rd,400499,2,Thursday,False
08/06/2026,02:30,47.0,64.0,4,0.0,2026-08-06 02:30:00,Wolfe Rd,400499,2,Thursday,False
08/06/2026,02:35,52.0,65.3,4,0.0,2026-08-06 02:35:00,Wolfe Rd,400499,2,Thursday,False
08/06/2026,02:40,42.0,65.0,4,0.0,2026-08-06 02:40:00,Wolfe Rd,400499,2,Thursday,False
08/06/2026,02:45,54.0,66.2,4,0.0,2026-08-06 02:45:00,Wolfe Rd,400499,2,Thursday,False
08/06/2026,02:50,41.0,64.4,4,0.0,2026-08-06 02:50:00,Wolfe Rd,400499,2,Thursday,False
08/06/2026,02:55,42.0,65.3,4,0.0,2026-08-06 02:55:00,Wolfe Rd,400499,2,Thursday,False
08/06/2026,03:00,47.0,66.4,4,0.0,2026-08-06 03:00:00,Wolfe Rd,400499,3,Thursday,False
08/06/2026,03:05,48.0,64.0,4,0.0,2026-08-06 03:05:00,Wolfe Rd,400499,3,Thursday,False
08/06/2026,03:10,40.0,65.1,4,0.0,2026-08-06 03:10:00,Wolfe Rd,400499,3,Thursday,False
08/06/2026,03:15,53.0,64.4,4,0.0,2026-08-06 03:15:00,Wolfe Rd,400499,3,Thursday,False
08/06/2026,03:20,52.0,65.0,4,0.0,2026-08-06 03:20:00,Wolfe Rd,400499,3,Thursday,False
08/06/2026,03:25,46.0,65.3,4,0.0,2026-08-06 03:25:00,Wolfe Rd,400499,3,Thursday,False
08/06/2026,03:30,56.0,65.0,4,0.0,2026-08-06 03:30:00,Wolfe Rd,400499,3,Thursday,False
08/06/2026,03:35,53.0,64.7,4,0.0,2026-08-06 03:35:00,Wolfe Rd,400499,3,Thursday,False
08/06/2026,03:40,52.0,64.9,4,0.0,2026-08-06 03:40:00,Wolfe Rd,400499,3,Thursday,False
08/06/2026,03:45,55.0,65.7,4,0.0,2026-08-06 03:45:00,Wolfe Rd,400499,3,Thursday,False
08/06/2026,03:50,46.0,65.1,4,0.0,2026-08-06 03:50:00,Wolfe Rd,400499,3,Thursday,False
08/06/2026,03:55,40.0,64.4,4,0.0,2026-08-06 03:55:00,Wolfe Rd,400499,3,Thursday,False
08/06/2026,04:00,28.0,65.1,4,0.0,2026-08-06 04:00:00,Wolfe Rd,400499,4,Thursday,False
08/06/2026,04:05,55.0,65.3,4,0.0,2026-08-06 04:05:00,Wolfe Rd,400499,4,Thursday,False
08/06/2026,04:10,60.0,65.2,4,0.0,2026-08-06 04:10:00,Wolfe Rd,400499,4,Thursday,False
08/06/2026,04:15,70.0,65.6,4,0.0,2026-08-06 04:15:00,Wolfe Rd,400499,4,Thursday,False
08/06/2026,04:20,42.0,64.6,4,0.0,2026-08-06 04:20:00,Wolfe Rd,400499,4,Thursday,False
08/06/2026,04:25,47.0,65.0,4,0.0,2026-08-06 04:25:00,Wolfe Rd,400499,4,Thursday,False
08/06/2026,04:30,63.0,66.4,4,0.0,2026-08-06 04:30:00,Wolfe Rd,400499,4,Thursday,False
08/06/2026,04:35,86.0,65.0,4,0.0,2026-08-06 04:35:00,Wolfe Rd,400499,4,Thursday,False
08/06/2026,04:40,74.0,65.0,4,0.0,2026-08-06 04:40:00,Wolfe Rd,400499,4,Thursday,False
08/06/2026,04:45,79.0,65.8,4,0.0,2026-08-06 04:45:00,Wolfe Rd,400499,4,Thursday,False
08/06/2026,04:50,83.0,66.4,4,0.0,2026-08-06 04:50:00,Wolfe Rd,400499,4,Thursday,False
08/06/2026,04:55,95.0,66.6,4,0.0,2026-08-06 04:55:00,Wolfe Rd,400499,4,Thursday,False
08/06/2026,05:00,100.0,66.8,4,0.0,2026-08-06 05:00:00,Wolfe Rd,400499,5,Thursday,False
08/06/2026,05:05,58.0,66.4,4,0.0,2026-08-06 05:05:00,Wolfe Rd,400499,5,Thursday,False
08/06/2026,05:10,109.0,65.9,4,0.0,2026-08-06 05:10:00,Wolfe Rd,400499,5,Thursday,False
08/06/2026,05:15,140.0,66.7,4,0.0,2026-08-06 05:15:00,Wolfe Rd,400499,5,Thursday,False
08/06/2026,05:20,152.0,67.4,4,0.0,2026-08-06 05:20:00,Wolfe Rd,400499,5,Thursday,False
08/06/2026,05:25,144.0,68.4,4,0.0,2026-08-06 05:25:00,Wolfe Rd,400499,5,Thursday,False
08/06/2026,05:30,164.0,67.5,4,0.0,2026-08-06 05:30:00,Wolfe Rd,400499,5,Thursday,False
08/06/2026,05:35,208.0,65.8,4,0.0,2026-08-06 05:35:00,Wolfe Rd,400499,5,Thursday,False
08/06/2026,05:40,207.0,66.3,4,0.0,2026-08-06 05:40:00,Wolfe Rd,400499,5,Thursday,False
08/06/2026,05:45,236.0,67.3,4,0.0,2026-08-06 05:45:00,Wolfe Rd,400499,5,Thursday,False
08/06/2026,05:50,223.0,66.4,4,0.0,2026-08-06 05:50:00,Wolfe Rd,400499,5,Thursday,False
08/06/2026,05:55,239.0,64.9,4,0.0,2026-08-06 05:55:00,Wolfe Rd,400499,5,Thursday,False
08/06/2026,06:00,182.0,63.1,4,0.0,2026-08-06 06:00:00,Wolfe Rd,400499,6,Thursday,False
08/06/2026,06:05,223.0,61.8,4,0.0,2026-08-06 06:05:00,Wolfe Rd,400499,6,Thursday,False
08/06/2026,06:10,242.0,64.3,4,0.0,2026-08-06 06:10:00,Wolfe Rd,400499,6,Thursday,False
08/06/2026,06:15,278.0,64.0,4,0.0,2026-08-06 06:15:00,Wolfe Rd,400499,6,Thursday,False
08/06/2026,06:20,278.0,63.5,4,0.0,2026-08-06 06:20:00,Wolfe Rd,400499,6,Thursday,False
08/06/2026,06:25,325.0,63.7,4,0.0,2026-08-06 06:25:00,Wolfe Rd,400499,6,Thursday,False
08/06/2026,06:30,296.0,63.1,4,0.0,2026-08-06 06:30:00,Wolfe Rd,400499,6,Thursday,False
08/06/2026,06:35,335.0,62.5,4,0.0,2026-08-06 06:35:00,Wolfe Rd,400499,6,Thursday,False
08/06/2026,06:40,368.0,61.0,4,0.0,2026-08-06 06:40:00,Wolfe Rd,400499,6,Thursday,False
08/06/2026,06:45,408.0,60.6,4,0.0,2026-08-06 06:45:00,Wolfe Rd,400499,6,Thursday,False
08/06/2026,06:50,420.0,61.3,4,0.0,2026-08-06 06:50:00,Wolfe Rd,400499,6,Thursday,False
08/06/2026,06:55,397.0,61.4,4,0.0,2026-08-06 06:55:00,Wolfe Rd,400499,6,Thursday,False
08/06/2026,07:00,471.0,58.8,4,0.0,2026-08-06 07:00:00,Wolfe Rd,400499,7,Thursday,False
08/06/2026,07:05,462.0,56.5,4,0.0,2026-08-06 07:05:00,Wolfe Rd,400499,7,Thursday,False
08/06/2026,07:10,467.0,57.7,4,0.0,2026-08-06 07:10:00,Wolfe Rd,400499,7,Thursday,False
08/06/2026,07:15,446.0,56.7,4,0.0,2026-08-06 07:15:00,Wolfe Rd,400499,7,Thursday,False
08/06/2026,07:20,478.0,56.3,4,0.0,2026-08-06 07:20:00,Wolfe Rd,400499,7,Thursday,False
08/06/2026,07:25,427.0,54.6,4,0.0,2026-08-06 07:25:00,Wolfe Rd,400499,7,Thursday,False
08/06/2026,07:30,518.0,53.0,4,0.0,2026-08-06 07:30:00,Wolfe Rd,400499,7,Thursday,False
08/06/2026,07:35,513.0,51.4,4,0.0,2026-08-06 07:35:00,Wolfe Rd,400499,7,Thursday,False
08/06/2026,07:40,509.0,50.6,4,0.0,2026-08-06 07:40:00,Wolfe Rd,400499,7,Thursday,False
08/06/2026,07:45,494.0,51.1,4,0.0,2026-08-06 07:45:00,Wolfe Rd,400499,7,Thursday,False
08/06/2026,07:50,522.0,52.5,4,0.0,2026-08-06 07:50:00,Wolfe Rd,400499,7,Thursday,False
08/06/2026,07:55,518.0,53.9,4,0.0,2026-08-06 07:55:00,Wolfe Rd,400499,7,Thursday,False
08/06/2026,08:00,478.0,53.0,4,0.0,2026-08-06 08:00:00,Wolfe Rd,400499,8,Thursday,False
08/06/2026,08:05,446.0,54.6,4,0.0,2026-08-06 08:05:00,Wolfe Rd,400499,8,Thursday,False
08/06/2026,08:10,525.0,54.4,4,0.0,2026-08-06 08:10:00,Wolfe Rd,400499,8,Thursday,False
08/06/2026,08:15,494.0,55.8,4,0.0,2026-08-06 08:15:00,Wolfe Rd,400499,8,Thursday,False
08/06/2026,08:20,487.0,55.8,4,0.0,2026-08-06 08:20:00,Wolfe Rd,400499,8,Thursday,False
08/06/2026,08:25,458.0,57.3,4,0.0,2026-08-06 08:25:00,Wolfe Rd,400499,8,Thursday,False
08/06/2026,08:30,501.0,56.6,4,0.0,2026-08-06 08:30:00,Wolfe Rd,400499,8,Thursday,False
08/06/2026,08:35,529.0,57.0,4,0.0,2026-08-06 08:35:00,Wolfe Rd,400499,8,Thursday,False
08/06/2026,08:40,541.0,54.6,4,0.0,2026-08-06 08:40:00,Wolfe Rd,400499,8,Thursday,False
08/06/2026,08:45,529.0,56.0,4,0.0,2026-08-06 08:45:00,Wolfe Rd,400499,8,Thursday,False
08/06/2026,08:50,522.0,56.9,4,0.0,2026-08-06 08:50:00,Wolfe Rd,400499,8,Thursday,False
08/06/2026,08:55,556.0,57.8,4,0.0,2026-08-06 08:55:00,Wolfe Rd,400499,8,Thursday,False
08/06/2026,09:00,532.0,58.6,4,0.0,2026-08-06 09:00:00,Wolfe Rd,400499,9,Thursday,False
08/06/2026,09:05,325.0,58.0,4,0.0,2026-08-06 09:05:00,Wolfe Rd,400499,9,Thursday,False
08/06/2026,09:10,427.0,58.2,4,0.0,2026-08-06 09:10:00,Wolfe Rd,400499,9,Thursday,False
08/06/2026,09:15,498.0,57.0,4,0.0,2026-08-06 09:15:00,Wolfe Rd,400499,9,Thursday,False
08/06/2026,09:20,494.0,58.0,4,0.0,2026-08-06 09:20:00,Wolfe Rd,400499,9,Thursday,False
08/06/2026,09:25,525.0,57.3,4,0.0,2026-08-06 09:25:00,Wolfe Rd,400499,9,Thursday,False
08/06/2026,09:30,509.0,56.8,4,0.0,2026-08-06 09:30:00,Wolfe Rd,400499,9,Thursday,False
08/06/2026,09:35,513.0,57.2,4,0.0,2026-08-06 09:35:00,Wolfe Rd,400499,9,Thursday,False
08/06/2026,09:40,570.0,56.4,4,0.0,2026-08-06 09:40:00,Wolfe Rd,400499,9,Thursday,False
08/06/2026,09:45,548.0,55.6,4,0.0,2026-08-06 09:45:00,Wolfe Rd,400499,9,Thursday,False
08/06/2026,09:50,474.0,58.0,4,0.0,2026-08-06 09:50:00,Wolfe Rd,400499,9,Thursday,False
08/06/2026,09:55,474.0,58.8,4,0.0,2026-08-06 09:55:00,Wolfe Rd,400499,9,Thursday,False
08/06/2026,10:00,471.0,59.8,4,0.0,2026-08-06 10:00:00,Wolfe Rd,400499,10,Thursday,False
08/06/2026,10:05,498.0,59.5,4,0.0,2026-08-06 10:05:00,Wolfe Rd,400499,10,Thursday,False
08/06/2026,10:10,451.0,59.1,4,0.0,2026-08-06 10:10:00,Wolfe Rd,400499,10,Thursday,False
08/06/2026,10:15,513.0,57.7,4,0.0,2026-08-06 10:15:00,Wolfe Rd,400499,10,Thursday,False
08/06/2026,10:20,462.0,58.8,4,0.0,2026-08-06 10:20:00,Wolfe Rd,400499,10,Thursday,False
08/06/2026,10:25,436.0,59.2,4,0.0,2026-08-06 10:25:00,Wolfe Rd,400499,10,Thursday,False
08/06/2026,10:30,431.0,59.1,4,0.0,2026-08-06 10:30:00,Wolfe Rd,400499,10,Thursday,False
08/06/2026,10:35,420.0,60.1,4,0.0,2026-08-06 10:35:00,Wolfe Rd,400499,10,Thursday,False
08/06/2026,10:40,478.0,59.7,4,0.0,2026-08-06 10:40:00,Wolfe Rd,400499,10,Thursday,False
08/06/2026,10:45,462.0,58.5,4,0.0,2026-08-06 10:45:00,Wolfe Rd,400499,10,Thursday,False
08/06/2026,10:50,427.0,59.8,4,0.0,2026-08-06 10:50:00,Wolfe Rd,400499,10,Thursday,False
08/06/2026,10:55,440.0,58.0,4,0.0,2026-08-06 10:55:00,Wolfe Rd,400499,10,Thursday,False
08/06/2026,11:00,412.0,58.2,4,0.0,2026-08-06 11:00:00,Wolfe Rd,400499,11,Thursday,False
08/06/2026,11:05,446.0,59.5,4,0.0,2026-08-06 11:05:00,Wolfe Rd,400499,11,Thursday,False
08/06/2026,11:10,400.0,60.3,4,0.0,2026-08-06 11:10:00,Wolfe Rd,400499,11,Thursday,False
08/06/2026,11:15,346.0,60.3,4,0.0,2026-08-06 11:15:00,Wolfe Rd,400499,11,Thursday,False
08/06/2026,11:20,412.0,60.2,4,0.0,2026-08-06 11:20:00,Wolfe Rd,400499,11,Thursday,False
08/06/2026,11:25,353.0,60.0,4,0.0,2026-08-06 11:25:00,Wolfe Rd,400499,11,Thursday,False
08/06/2026,11:30,412.0,61.0,4,0.0,2026-08-06 11:30:00,Wolfe Rd,400499,11,Thursday,False
08/06/2026,11:35,346.0,60.9,4,0.0,2026-08-06 11:35:00,Wolfe Rd,400499,11,Thursday,False
08/06/2026,11:40,372.0,61.1,4,0.0,2026-08-06 11:40:00,Wolfe Rd,400499,11,Thursday,False
08/06/2026,11:45,361.0,62.0,4,0.0,2026-08-06 11:45:00,Wolfe Rd,400499,11,Thursday,False
08/06/2026,11:50,404.0,61.3,4,0.0,2026-08-06 11:50:00,Wolfe Rd,400499,11,Thursday,False
08/06/2026,11:55,311.0,61.4,4,0.0,2026-08-06 11:55:00,Wolfe Rd,400499,11,Thursday,False
08/06/2026,12:00,337.0,61.7,4,0.0,2026-08-06 12:00:00,Wolfe Rd,400499,12,Thursday,False
08/06/2026,12:05,286.0,61.5,4,0.0,2026-08-06 12:05:00,Wolfe Rd,400499,12,Thursday,False
08/06/2026,12:10,298.0,62.2,4,0.0,2026-08-06 12:10:00,Wolfe Rd,400499,12,Thursday,False
08/06/2026,12:15,333.0,62.1,4,0.0,2026-08-06 12:15:00,Wolfe Rd,400499,12,Thursday,False
08/06/2026,12:20,298.0,62.7,4,0.0,2026-08-06 12:20:00,Wolfe Rd,400499,12,Thursday,False
08/06/2026,12:25,298.0,62.6,4,0.0,2026-08-06 12:25:00,Wolfe Rd,400499,12,Thursday,False
08/06/2026,12:30,396.0,60.8,4,0.0,2026-08-06 12:30:00,Wolfe Rd,400499,12,Thursday,False
08/06/2026,12:35,286.0,61.4,4,0.0,2026-08-06 12:35:00,Wolfe Rd,400499,12,Thursday,False
08/06/2026,12:40,358.0,61.8,4,0.0,2026-08-06 12:40:00,Wolfe Rd,400499,12,Thursday,False
08/06/2026,12:45,346.0,62.2,4,0.0,2026-08-06 12:45:00,Wolfe Rd,400499,12,Thursday,False
08/06/2026,12:50,311.0,62.9,4,0.0,2026-08-06 12:50:00,Wolfe Rd,400499,12,Thursday,False
08/06/2026,12:55,278.0,62.6,4,0.0,2026-08-06 12:55:00,Wolfe Rd,400499,12,Thursday,False
08/06/2026,13:00,282.0,62.9,4,0.0,2026-08-06 13:00:00,Wolfe Rd,400499,13,Thursday,False
08/06/2026,13:05,290.0,62.1,4,0.0,2026-08-06 13:05:00,Wolfe Rd,400499,13,Thursday,False
08/06/2026,13:10,361.0,61.3,4,0.0,2026-08-06 13:10:00,Wolfe Rd,400499,13,Thursday,False
08/06/2026,13:15,311.0,61.8,4,0.0,2026-08-06 13:15:00,Wolfe Rd,400499,13,Thursday,False
08/06/2026,13:20,318.0,62.3,4,0.0,2026-08-06 13:20:00,Wolfe Rd,400499,13,Thursday,False
08/06/2026,13:25,247.0,62.5,4,0.0,2026-08-06 13:25:00,Wolfe Rd,400499,13,Thursday,False
08/06/2026,13:30,333.0,62.7,4,0.0,2026-08-06 13:30:00,Wolfe Rd,400499,13,Thursday,False
08/06/2026,13:35,306.0,63.1,4,0.0,2026-08-06 13:35:00,Wolfe Rd,400499,13,Thursday,False
08/06/2026,13:40,274.0,62.9,4,0.0,2026-08-06 13:40:00,Wolfe Rd,400499,13,Thursday,False
08/06/2026,13:45,260.0,62.2,4,0.0,2026-08-06 13:45:00,Wolfe Rd,400499,13,Thursday,False
08/06/2026,13:50,314.0,62.3,4,0.0,2026-08-06 13:50:00,Wolfe Rd,400499,13,Thursday,False
08/06/2026,13:55,306.0,62.5,4,0.0,2026-08-06 13:55:00,Wolfe Rd,400499,13,Thursday,False
08/06/2026,14:00,274.0,62.1,4,0.0,2026-08-06 14:00:00,Wolfe Rd,400499,14,Thursday,False
08/06/2026,14:05,286.0,62.5,4,0.0,2026-08-06 14:05:00,Wolfe Rd,400499,14,Thursday,False
08/06/2026,14:10,265.0,61.4,4,0.0,2026-08-06 14:10:00,Wolfe Rd,400499,14,Thursday,False
08/06/2026,14:15,247.0,62.0,4,0.0,2026-08-06 14:15:00,Wolfe Rd,400499,14,Thursday,False
08/06/2026,14:20,342.0,62.2,4,0.0,2026-08-06 14:20:00,Wolfe Rd,400499,14,Thursday,False
08/06/2026,14:25,282.0,63.0,4,0.0,2026-08-06 14:25:00,Wolfe Rd,400499,14,Thursday,False
08/06/2026,14:30,236.0,63.0,4,0.0,2026-08-06 14:30:00,Wolfe Rd,400499,14,Thursday,False
08/06/2026,14:35,295.0,62.9,4,0.0,2026-08-06 14:35:00,Wolfe Rd,400499,14,Thursday,False
08/06/2026,14:40,307.0,62.9,4,0.0,2026-08-06 14:40:00,Wolfe Rd,400499,14,Thursday,False
08/06/2026,14:45,321.0,62.6,4,0.0,2026-08-06 14:45:00,Wolfe Rd,400499,14,Thursday,False
08/06/2026,14:50,342.0,62.3,4,0.0,2026-08-06 14:50:00,Wolfe Rd,400499,14,Thursday,False
08/06/2026,14:55,269.0,62.5,4,0.0,2026-08-06 14:55:00,Wolfe Rd,400499,14,Thursday,False
08/06/2026,15:00,254.0,62.7,4,0.0,2026-08-06 15:00:00,Wolfe Rd,400499,15,Thursday,False
08/06/2026,15:05,314.0,62.4,4,0.0,2026-08-06 15:05:00,Wolfe Rd,400499,15,Thursday,False
08/06/2026,15:10,269.0,62.5,4,0.0,2026-08-06 15:10:00,Wolfe Rd,400499,15,Thursday,False
08/06/2026,15:15,307.0,62.9,4,0.0,2026-08-06 15:15:00,Wolfe Rd,400499,15,Thursday,False
08/06/2026,15:20,287.0,62.3,4,0.0,2026-08-06 15:20:00,Wolfe Rd,400499,15,Thursday,False
08/06/2026,15:25,337.0,61.9,4,0.0,2026-08-06 15:25:00,Wolfe Rd,400499,15,Thursday,False
08/06/2026,15:30,358.0,61.7,4,0.0,2026-08-06 15:30:00,Wolfe Rd,400499,15,Thursday,False
08/06/2026,15:35,255.0,61.1,4,0.0,2026-08-06 15:35:00,Wolfe Rd,400499,15,Thursday,False
08/06/2026,15:40,263.0,60.7,4,0.0,2026-08-06 15:40:00,Wolfe Rd,400499,15,Thursday,False
08/06/2026,15:45,337.0,61.6,4,0.0,2026-08-06 15:45:00,Wolfe Rd,400499,15,Thursday,False
08/06/2026,15:50,325.0,61.9,4,0.0,2026-08-06 15:50:00,Wolfe Rd,400499,15,Thursday,False
08/06/2026,15:55,321.0,62.0,4,0.0,2026-08-06 15:55:00,Wolfe Rd,400499,15,Thursday,False
08/06/2026,16:00,268.0,61.7,4,0.0,2026-08-06 16:00:00,Wolfe Rd,400499,16,Thursday,False
08/06/2026,16:05,321.0,62.2,4,0.0,2026-08-06 16:05:00,Wolfe Rd,400499,16,Thursday,False
08/06/2026,16:10,393.0,63.0,4,0.0,2026-08-06 16:10:00,Wolfe Rd,400499,16,Thursday,False
08/06/2026,16:15,346.0,61.8,4,0.0,2026-08-06 16:15:00,Wolfe Rd,400499,16,Thursday,False
08/06/2026,16:20,349.0,61.5,4,0.0,2026-08-06 16:20:00,Wolfe Rd,400499,16,Thursday,False
08/06/2026,16:25,314.0,61.8,4,0.0,2026-08-06 16:25:00,Wolfe Rd,400499,16,Thursday,False
08/06/2026,16:30,335.0,62.3,4,0.0,2026-08-06 16:30:00,Wolfe Rd,400499,16,Thursday,False
08/06/2026,16:35,389.0,62.6,4,0.0,2026-08-06 16:35:00,Wolfe Rd,400499,16,Thursday,False
08/06/2026,16:40,320.0,61.6,4,0.0,2026-08-06 16:40:00,Wolfe Rd,400499,16,Thursday,False
08/06/2026,16:45,389.0,62.3,4,0.0,2026-08-06 16:45:00,Wolfe Rd,400499,16,Thursday,False
08/06/2026,16:50,325.0,62.8,4,0.0,2026-08-06 16:50:00,Wolfe Rd,400499,16,Thursday,False
08/06/2026,16:55,380.0,62.7,4,0.0,2026-08-06 16:55:00,Wolfe Rd,400499,16,Thursday,False
08/06/2026,17:00,295.0,62.5,4,0.0,2026-08-06 17:00:00,Wolfe Rd,400499,17,Thursday,False
08/06/2026,17:05,358.0,62.3,4,0.0,2026-08-06 17:05:00,Wolfe Rd,400499,17,Thursday,False
08/06/2026,17:10,325.0,63.4,4,0.0,2026-08-06 17:10:00,Wolfe Rd,400499,17,Thursday,False
08/06/2026,17:15,365.0,63.2,4,0.0,2026-08-06 17:15:00,Wolfe Rd,400499,17,Thursday,False
08/06/2026,17:20,396.0,62.3,4,0.0,2026-08-06 17:20:00,Wolfe Rd,400499,17,Thursday,False
08/06/2026,17:25,349.0,63.2,4,0.0,2026-08-06 17:25:00,Wolfe Rd,400499,17,Thursday,False
08/06/2026,17:30,389.0,63.5,4,0.0,2026-08-06 17:30:00,Wolfe Rd,400499,17,Thursday,False
08/06/2026,17:35,325.0,62.6,4,0.0,2026-08-06 17:35:00,Wolfe Rd,400499,17,Thursday,False
08/06/2026,17:40,393.0,62.2,4,0.0,2026-08-06 17:40:00,Wolfe Rd,400499,17,Thursday,False
08/06/2026,17:45,408.0,62.4,4,0.0,2026-08-06 17:45:00,Wolfe Rd,400499,17,Thursday,False
08/06/2026,17:50,440.0,62.5,4,0.0,2026-08-06 17:50:00,Wolfe Rd,400499,17,Thursday,False
08/06/2026,17:55,354.0,63.4,4,0.0,2026-08-06 17:55:00,Wolfe Rd,400499,17,Thursday,False
08/06/2026,18:00,329.0,63.4,4,0.0,2026-08-06 18:00:00,Wolfe Rd,400499,18,Thursday,False
08/06/2026,18:05,346.0,65.2,4,0.0,2026-08-06 18:05:00,Wolfe Rd,400499,18,Thursday,False
08/06/2026,18:10,318.0,63.7,4,0.0,2026-08-06 18:10:00,Wolfe Rd,400499,18,Thursday,False
08/06/2026,18:15,333.0,63.9,4,0.0,2026-08-06 18:15:00,Wolfe Rd,400499,18,Thursday,False
08/06/2026,18:20,355.0,63.6,4,0.0,2026-08-06 18:20:00,Wolfe Rd,400499,18,Thursday,False
08/06/2026,18:25,342.0,63.8,4,0.0,2026-08-06 18:25:00,Wolfe Rd,400499,18,Thursday,False
08/06/2026,18:30,368.0,63.4,4,0.0,2026-08-06 18:30:00,Wolfe Rd,400499,18,Thursday,False
08/06/2026,18:35,333.0,63.1,4,0.0,2026-08-06 18:35:00,Wolfe Rd,400499,18,Thursday,False
08/06/2026,18:40,329.0,63.3,4,0.0,2026-08-06 18:40:00,Wolfe Rd,400499,18,Thursday,False
08/06/2026,18:45,376.0,64.1,4,0.0,2026-08-06 18:45:00,Wolfe Rd,400499,18,Thursday,False
08/06/2026,18:50,316.0,65.0,4,0.0,2026-08-06 18:50:00,Wolfe Rd,400499,18,Thursday,False
08/06/2026,18:55,272.0,65.2,4,0.0,2026-08-06 18:55:00,Wolfe Rd,400499,18,Thursday,False
08/06/2026,19:00,306.0,64.7,4,0.0,2026-08-06 19:00:00,Wolfe Rd,400499,19,Thursday,False
08/06/2026,19:05,318.0,64.1,4,0.0,2026-08-06 19:05:00,Wolfe Rd,400499,19,Thursday,False
08/06/2026,19:10,233.0,63.7,4,0.0,2026-08-06 19:10:00,Wolfe Rd,400499,19,Thursday,False
08/06/2026,19:15,295.0,63.4,4,0.0,2026-08-06 19:15:00,Wolfe Rd,400499,19,Thursday,False
08/06/2026,19:20,298.0,64.2,4,0.0,2026-08-06 19:20:00,Wolfe Rd,400499,19,Thursday,False
08/06/2026,19:25,318.0,63.9,4,0.0,2026-08-06 19:25:00,Wolfe Rd,400499,19,Thursday,False
08/06/2026,19:30,251.0,64.4,4,0.0,2026-08-06 19:30:00,Wolfe Rd,400499,19,Thursday,False
08/06/2026,19:35,259.0,64.5,4,0.0,2026-08-06 19:35:00,Wolfe Rd,400499,19,Thursday,False
08/06/2026,19:40,224.0,64.1,4,0.0,2026-08-06 19:40:00,Wolfe Rd,400499,19,Thursday,False
08/06/2026,19:45,260.0,63.7,4,0.0,2026-08-06 19:45:00,Wolfe Rd,400499,19,Thursday,False
08/06/2026,19:50,245.0,63.9,4,0.0,2026-08-06 19:50:00,Wolfe Rd,400499,19,Thursday,False
08/06/2026,19:55,251.0,63.3,4,0.0,2026-08-06 19:55:00,Wolfe Rd,400499,19,Thursday,False
08/06/2026,20:00,217.0,64.4,4,0.0,2026-08-06 20:00:00,Wolfe Rd,400499,20,Thursday,False
08/06/2026,20:05,199.0,65.6,4,0.0,2026-08-06 20:05:00,Wolfe Rd,400499,20,Thursday,False
08/06/2026,20:10,188.0,65.6,4,0.0,2026-08-06 20:10:00,Wolfe Rd,400499,20,Thursday,False
08/06/2026,20:15,255.0,66.2,4,0.0,2026-08-06 20:15:00,Wolfe Rd,400499,20,Thursday,False
08/06/2026,20:20,259.0,66.2,4,0.0,2026-08-06 20:20:00,Wolfe Rd,400499,20,Thursday,False
08/06/2026,20:25,217.0,65.8,4,0.0,2026-08-06 20:25:00,Wolfe Rd,400499,20,Thursday,False
08/06/2026,20:30,196.0,65.4,4,0.0,2026-08-06 20:30:00,Wolfe Rd,400499,20,Thursday,False
08/06/2026,20:35,188.0,65.9,4,0.0,2026-08-06 20:35:00,Wolfe Rd,400499,20,Thursday,False
08/06/2026,20:40,194.0,65.6,4,0.0,2026-08-06 20:40:00,Wolfe Rd,400499,20,Thursday,False
08/06/2026,20:45,242.0,64.9,4,0.0,2026-08-06 20:45:00,Wolfe Rd,400499,20,Thursday,False
08/06/2026,20:50,204.0,65.9,4,0.0,2026-08-06 20:50:00,Wolfe Rd,400499,20,Thursday,False
08/06/2026,20:55,176.0,66.5,4,0.0,2026-08-06 20:55:00,Wolfe Rd,400499,20,Thursday,False
08/06/2026,21:00,169.0,66.2,4,0.0,2026-08-06 21:00:00,Wolfe Rd,400499,21,Thursday,False
08/06/2026,21:05,199.0,66.5,4,0.0,2026-08-06 21:05:00,Wolfe Rd,400499,21,Thursday,False
08/06/2026,21:10,194.0,66.4,4,0.0,2026-08-06 21:10:00,Wolfe Rd,400499,21,Thursday,False
08/06/2026,21:15,196.0,65.5,4,0.0,2026-08-06 21:15:00,Wolfe Rd,400499,21,Thursday,False
08/06/2026,21:20,208.0,65.5,4,0.0,2026-08-06 21:20:00,Wolfe Rd,400499,21,Thursday,False
08/06/2026,21:25,215.0,66.3,4,0.0,2026-08-06 21:25:00,Wolfe Rd,400499,21,Thursday,False
08/06/2026,21:30,217.0,66.6,4,0.0,2026-08-06 21:30:00,Wolfe Rd,400499,21,Thursday,False
08/06/2026,21:35,179.0,67.0,4,0.0,2026-08-06 21:35:00,Wolfe Rd,400499,21,Thursday,False
08/06/2026,21:40,157.0,66.9,4,0.0,2026-08-06 21:40:00,Wolfe Rd,400499,21,Thursday,False
08/06/2026,21:45,192.0,65.8,4,0.0,2026-08-06 21:45:00,Wolfe Rd,400499,21,Thursday,False
08/06/2026,21:50,169.0,66.1,4,0.0,2026-08-06 21:50:00,Wolfe Rd,400499,21,Thursday,False
08/06/2026,21:55,188.0,65.8,4,0.0,2026-08-06 21:55:00,Wolfe Rd,400499,21,Thursday,False
08/06/2026,22:00,173.0,66.6,4,0.0,2026-08-06 22:00:00,Wolfe Rd,400499,22,Thursday,False
08/06/2026,22:05,157.0,66.4,4,0.0,2026-08-06 22:05:00,Wolfe Rd,400499,22,Thursday,False
08/06/2026,22:10,177.0,67.4,4,0.0,2026-08-06 22:10:00,Wolfe Rd,400499,22,Thursday,False
08/06/2026,22:15,157.0,67.7,4,0.0,2026-08-06 22:15:00,Wolfe Rd,400499,22,Thursday,False
08/06/2026,22:20,134.0,67.6,4,0.0,2026-08-06 22:20:00,Wolfe Rd,400499,22,Thursday,False
08/06/2026,22:25,152.0,67.8,4,0.0,2026-08-06 22:25:00,Wolfe Rd,400499,22,Thursday,False
08/06/2026,22:30,118.0,67.5,4,0.0,2026-08-06 22:30:00,Wolfe Rd,400499,22,Thursday,False
08/06/2026,22:35,113.0,67.8,4,0.0,2026-08-06 22:35:00,Wolfe Rd,400499,22,Thursday,False
08/06/2026,22:40,107.0,66.8,4,0.0,2026-08-06 22:40:00,Wolfe Rd,400499,22,Thursday,False
08/06/2026,22:45,96.0,67.1,4,0.0,2026-08-06 22:45:00,Wolfe Rd,400499,22,Thursday,False
08/06/2026,22:50,132.0,67.0,4,0.0,2026-08-06 22:50:00,Wolfe Rd,400499,22,Thursday,False
08/06/2026,22:55,122.0,67.1,4,0.0,2026-08-06 22:55:00,Wolfe Rd,400499,22,Thursday,False
08/06/2026,23:00,107.0,66.4,4,0.0,2026-08-06 23:00:00,Wolfe Rd,400499,23,Thursday,False
08/06/2026,23:05,71.0,66.0,4,0.0,2026-08-06 23:05:00,Wolfe Rd,400499,23,Thursday,False
08/06/2026,23:10,83.0,65.8,4,0.0,2026-08-06 23:10:00,Wolfe Rd,400499,23,Thursday,False
08/06/2026,23:15,92.0,66.1,4,0.0,2026-08-06 23:15:00,Wolfe Rd,400499,23,Thursday,False
08/06/2026,23:20,67.0,65.6,4,0.0,2026-08-06 23:20:00,Wolfe Rd,400499,23,Thursday,False
08/06/2026,23:25,79.0,66.0,4,0.0,2026-08-06 23:25:00,Wolfe Rd,400499,23,Thursday,False
08/06/2026,23:30,75.0,65.4,4,0.0,2026-08-06 23:30:00,Wolfe Rd,400499,23,Thursday,False
08/06/2026,23:35,97.0,66.0,4,0.0,2026-08-06 23:35:00,Wolfe Rd,400499,23,Thursday,False
08/06/2026,23:40,90.0,65.7,4,0.0,2026-08-06 23:40:00,Wolfe Rd,400499,23,Thursday,False
08/06/2026,23:45,65.0,65.3,4,0.0,2026-08-06 23:45:00,Wolfe Rd,400499,23,Thursday,False
08/06/2026,23:50,63.0,65.3,4,0.0,2026-08-06 23:50:00,Wolfe Rd,400499,23,Thursday,False
08/06/2026,23:55,66.0,64.9,4,0.0,2026-08-06 23:55:00,Wolfe Rd,400499,23,Thursday,False
08/07/2026,00:00,71.0,65.8,4,0.0,2026-08-07 00:00:00,Wolfe Rd,400499,0,Friday,False
08/07/2026,00:05,40.0,65.2,4,0.0,2026-08-07 00:05:00,Wolfe Rd,400499,0,Friday,False
08/07/2026,00:10,73.0,65.8,4,0.0,2026-08-07 00:10:00,Wolfe Rd,400499,0,Friday,False
08/07/2026,00:15,60.0,65.9,4,0.0,2026-08-07 00:15:00,Wolfe Rd,400499,0,Friday,False
08/07/2026,00:20,48.0,65.4,4,0.0,2026-08-07 00:20:00,Wolfe Rd,400499,0,Friday,False
08/07/2026,00:25,67.0,65.6,4,0.0,2026-08-07 00:25:00,Wolfe Rd,400499,0,Friday,False
08/07/2026,00:30,41.0,64.6,4,0.0,2026-08-07 00:30:00,Wolfe Rd,400499,0,Friday,False
08/07/2026,00:35,36.0,64.2,4,0.0,2026-08-07 00:35:00,Wolfe Rd,400499,0,Friday,False
08/07/2026,00:40,52.0,65.8,4,0.0,2026-08-07 00:40:00,Wolfe Rd,400499,0,Friday,False
08/07/2026,00:45,68.0,65.6,4,0.0,2026-08-07 00:45:00,Wolfe Rd,400499,0,Friday,False
08/07/2026,00:50,38.0,64.6,4,0.0,2026-08-07 00:50:00,Wolfe Rd,400499,0,Friday,False
08/07/2026,00:55,43.0,64.5,4,0.0,2026-08-07 00:55:00,Wolfe Rd,400499,0,Friday,False
08/07/2026,01:00,50.0,64.7,4,0.0,2026-08-07 01:00:00,Wolfe Rd,400499,1,Friday,False
08/07/2026,01:05,48.0,64.8,4,0.0,2026-08-07 01:05:00,Wolfe Rd,400499,1,Friday,False
08/07/2026,01:10,50.0,64.7,4,0.0,2026-08-07 01:10:00,Wolfe Rd,400499,1,Friday,False
08/07/2026,01:15,48.0,64.8,4,0.0,2026-08-07 01:15:00,Wolfe Rd,400499,1,Friday,False
08/07/2026,01:20,48.0,64.0,4,0.0,2026-08-07 01:20:00,Wolfe Rd,400499,1,Friday,False
08/07/2026,01:25,34.0,64.8,4,0.0,2026-08-07 01:25:00,Wolfe Rd,400499,1,Friday,False
08/07/2026,01:30,52.0,64.0,4,0.0,2026-08-07 01:30:00,Wolfe Rd,400499,1,Friday,False
08/07/2026,01:35,41.0,65.7,4,0.0,2026-08-07 01:35:00,Wolfe Rd,400499,1,Friday,False
08/07/2026,01:40,52.0,64.4,4,0.0,2026-08-07 01:40:00,Wolfe Rd,400499,1,Friday,False
08/07/2026,01:45,55.0,64.3,4,0.0,2026-08-07 01:45:00,Wolfe Rd,400499,1,Friday,False
08/07/2026,01:50,36.0,65.4,4,0.0,2026-08-07 01:50:00,Wolfe Rd,400499,1,Friday,False
08/07/2026,01:55,50.0,64.2,4,0.0,2026-08-07 01:55:00,Wolfe Rd,400499,1,Friday,False
08/07/2026,02:00,46.0,64.4,4,0.0,2026-08-07 02:00:00,Wolfe Rd,400499,2,Friday,False
08/07/2026,02:05,48.0,65.2,4,0.0,2026-08-07 02:05:00,Wolfe Rd,400499,2,Friday,False
08/07/2026,02:10,55.0,64.5,4,0.0,2026-08-07 02:10:00,Wolfe Rd,400499,2,Friday,False
08/07/2026,02:15,52.0,64.5,4,0.0,2026-08-07 02:15:00,Wolfe Rd,400499,2,Friday,False
08/07/2026,02:20,45.0,63.9,4,0.0,2026-08-07 02:20:00,Wolfe Rd,400499,2,Friday,False
08/07/2026,02:25,49.0,64.1,4,0.0,2026-08-07 02:25:00,Wolfe Rd,400499,2,Friday,False
08/07/2026,02:30,42.0,64.5,4,0.0,2026-08-07 02:30:00,Wolfe Rd,400499,2,Friday,False
08/07/2026,02:35,37.0,64.7,4,0.0,2026-08-07 02:35:00,Wolfe Rd,400499,2,Friday,False
08/07/2026,02:40,55.0,64.5,4,0.0,2026-08-07 02:40:00,Wolfe Rd,400499,2,Friday,False
08/07/2026,02:45,52.0,64.2,4,0.0,2026-08-07 02:45:00,Wolfe Rd,400499,2,Friday,False
08/07/2026,02:50,36.0,64.7,4,0.0,2026-08-07 02:50:00,Wolfe Rd,400499,2,Friday,False
08/07/2026,02:55,56.0,64.7,4,0.0,2026-08-07 02:55:00,Wolfe Rd,400499,2,Friday,False
08/07/2026,03:00,58.0,64.3,4,0.0,2026-08-07 03:00:00,Wolfe Rd,400499,3,Friday,False
08/07/2026,03:05,51.0,63.5,4,0.0,2026-08-07 03:05:00,Wolfe Rd,400499,3,Friday,False
08/07/2026,03:10,53.0,64.8,4,0.0,2026-08-07 03:10:00,Wolfe Rd,400499,3,Friday,False
08/07/2026,03:15,50.0,65.2,4,0.0,2026-08-07 03:15:00,Wolfe Rd,400499,3,Friday,False
08/07/2026,03:20,48.0,64.7,4,0.0,2026-08-07 03:20:00,Wolfe Rd,400499,3,Friday,False
08/07/2026,03:25,51.0,66.2,4,0.0,2026-08-07 03:25:00,Wolfe Rd,400499,3,Friday,False
08/07/2026,03:30,52.0,65.2,4,0.0,2026-08-07 03:30:00,Wolfe Rd,400499,3,Friday,False
08/07/2026,03:35,56.0,65.0,4,0.0,2026-08-07 03:35:00,Wolfe Rd,400499,3,Friday,False
08/07/2026,03:40,52.0,65.5,4,0.0,2026-08-07 03:40:00,Wolfe Rd,400499,3,Friday,False
08/07/2026,03:45,49.0,64.4,4,0.0,2026-08-07 03:45:00,Wolfe Rd,400499,3,Friday,False
08/07/2026,03:50,51.0,65.4,4,0.0,2026-08-07 03:50:00,Wolfe Rd,400499,3,Friday,False
08/07/2026,03:55,49.0,65.4,4,0.0,2026-08-07 03:55:00,Wolfe Rd,400499,3,Friday,False
08/07/2026,04:00,54.0,65.0,4,0.0,2026-08-07 04:00:00,Wolfe Rd,400499,4,Friday,False
08/07/2026,04:05,46.0,64.6,4,0.0,2026-08-07 04:05:00,Wolfe Rd,400499,4,Friday,False
08/07/2026,04:10,53.0,65.1,4,0.0,2026-08-07 04:10:00,Wolfe Rd,400499,4,Friday,False
08/07/2026,04:15,46.0,64.7,4,0.0,2026-08-07 04:15:00,Wolfe Rd,400499,4,Friday,False
08/07/2026,04:20,38.0,63.8,4,0.0,2026-08-07 04:20:00,Wolfe Rd,400499,4,Friday,False
08/07/2026,04:25,39.0,64.3,4,0.0,2026-08-07 04:25:00,Wolfe Rd,400499,4,Friday,False
08/07/2026,04:30,80.0,65.3,4,0.0,2026-08-07 04:30:00,Wolfe Rd,400499,4,Friday,False
08/07/2026,04:35,59.0,64.6,4,0.0,2026-08-07 04:35:00,Wolfe Rd,400499,4,Friday,False
08/07/2026,04:40,88.0,65.5,4,0.0,2026-08-07 04:40:00,Wolfe Rd,400499,4,Friday,False
08/07/2026,04:45,79.0,66.0,4,0.0,2026-08-07 04:45:00,Wolfe Rd,400499,4,Friday,False
08/07/2026,04:50,83.0,65.3,4,0.0,2026-08-07 04:50:00,Wolfe Rd,400499,4,Friday,False
08/07/2026,04:55,106.0,66.4,4,0.0,2026-08-07 04:55:00,Wolfe Rd,400499,4,Friday,False
08/07/2026,05:00,76.0,65.9,4,0.0,2026-08-07 05:00:00,Wolfe Rd,400499,5,Friday,False
08/07/2026,05:05,93.0,66.4,4,0.0,2026-08-07 05:05:00,Wolfe Rd,400499,5,Friday,False
08/07/2026,05:10,113.0,65.1,4,0.0,2026-08-07 05:10:00,Wolfe Rd,400499,5,Friday,False
08/07/2026,05:15,131.0,66.8,4,0.0,2026-08-07 05:15:00,Wolfe Rd,400499,5,Friday,False
08/07/2026,05:20,137.0,68.4,4,0.0,2026-08-07 05:20:00,Wolfe Rd,400499,5,Friday,False
08/07/2026,05:25,146.0,68.4,4,0.0,2026-08-07 05:25:00,Wolfe Rd,400499,5,Friday,False
08/07/2026,05:30,173.0,68.2,4,0.0,2026-08-07 05:30:00,Wolfe Rd,400499,5,Friday,False
08/07/2026,05:35,161.0,68.2,4,0.0,2026-08-07 05:35:00,Wolfe Rd,400499,5,Friday,False
08/07/2026,05:40,255.0,67.3,4,0.0,2026-08-07 05:40:00,Wolfe Rd,400499,5,Friday,False
08/07/2026,05:45,233.0,70.6,4,0.0,2026-08-07 05:45:00,Wolfe Rd,400499,5,Friday,False
08/07/2026,05:50,220.0,67.5,4,0.0,2026-08-07 05:50:00,Wolfe Rd,400499,5,Friday,False
08/07/2026,05:55,173.0,65.6,4,0.0,2026-08-07 05:55:00,Wolfe Rd,400499,5,Friday,False
08/07/2026,06:00,203.0,65.8,4,0.0,2026-08-07 06:00:00,Wolfe Rd,400499,6,Friday,False
08/07/2026,06:05,177.0,64.9,4,0.0,2026-08-07 06:05:00,Wolfe Rd,400499,6,Friday,False
08/07/2026,06:10,215.0,62.9,4,0.0,2026-08-07 06:10:00,Wolfe Rd,400499,6,Friday,False
08/07/2026,06:15,233.0,63.9,4,0.0,2026-08-07 06:15:00,Wolfe Rd,400499,6,Friday,False
08/07/2026,06:20,236.0,64.2,4,0.0,2026-08-07 06:20:00,Wolfe Rd,400499,6,Friday,False
08/07/2026,06:25,239.0,63.8,4,0.0,2026-08-07 06:25:00,Wolfe Rd,400499,6,Friday,False
08/07/2026,06:30,269.0,63.6,4,0.0,2026-08-07 06:30:00,Wolfe Rd,400499,6,Friday,False
08/07/2026,06:35,269.0,63.4,4,0.0,2026-08-07 06:35:00,Wolfe Rd,400499,6,Friday,False
08/07/2026,06:40,311.0,62.2,4,0.0,2026-08-07 06:40:00,Wolfe Rd,400499,6,Friday,False
08/07/2026,06:45,329.0,60.2,4,0.0,2026-08-07 06:45:00,Wolfe Rd,400499,6,Friday,False
08/07/2026,06:50,367.0,61.0,4,0.0,2026-08-07 06:50:00,Wolfe Rd,400499,6,Friday,False
08/07/2026,06:55,349.0,61.7,4,0.0,2026-08-07 06:55:00,Wolfe Rd,400499,6,Friday,False
08/07/2026,07:00,355.0,61.2,4,0.0,2026-08-07 07:00:00,Wolfe Rd,400499,7,Friday,False
08/07/2026,07:05,365.0,59.9,4,0.0,2026-08-07 07:05:00,Wolfe Rd,400499,7,Friday,False
08/07/2026,07:10,408.0,58.8,4,0.0,2026-08-07 07:10:00,Wolfe Rd,400499,7,Friday,False
08/07/2026,07:15,396.0,58.1,4,0.0,2026-08-07 07:15:00,Wolfe Rd,400499,7,Friday,False
08/07/2026,07:20,393.0,57.7,4,0.0,2026-08-07 07:20:00,Wolfe Rd,400499,7,Friday,False
08/07/2026,07:25,395.0,57.1,4,0.0,2026-08-07 07:25:00,Wolfe Rd,400499,7,Friday,False
08/07/2026,07:30,431.0,56.5,4,0.0,2026-08-07 07:30:00,Wolfe Rd,400499,7,Friday,False
08/07/2026,07:35,483.0,57.2,4,0.0,2026-08-07 07:35:00,Wolfe Rd,400499,7,Friday,False
08/07/2026,07:40,398.0,57.2,4,0.0,2026-08-07 07:40:00,Wolfe Rd,400499,7,Friday,False
08/07/2026,07:45,483.0,57.6,4,0.0,2026-08-07 07:45:00,Wolfe Rd,400499,7,Friday,False
08/07/2026,07:50,444.0,57.1,4,0.0,2026-08-07 07:50:00,Wolfe Rd,400499,7,Friday,False
08/07/2026,07:55,325.0,58.9,4,0.0,2026-08-07 07:55:00,Wolfe Rd,400499,7,Friday,False
08/07/2026,08:00,270.0,59.4,4,0.0,2026-08-07 08:00:00,Wolfe Rd,400499,8,Friday,False
08/07/2026,08:05,353.0,60.2,4,0.0,2026-08-07 08:05:00,Wolfe Rd,400499,8,Friday,False
08/07/2026,08:10,384.0,60.5,4,0.0,2026-08-07 08:10:00,Wolfe Rd,400499,8,Friday,False
08/07/2026,08:15,314.0,60.1,4,0.0,2026-08-07 08:15:00,Wolfe Rd,400499,8,Friday,False
08/07/2026,08:20,420.0,60.1,4,0.0,2026-08-07 08:20:00,Wolfe Rd,400499,8,Friday,False
08/07/2026,08:25,392.0,60.3,4,0.0,2026-08-07 08:25:00,Wolfe Rd,400499,8,Friday,False
08/07/2026,08:30,368.0,59.7,4,0.0,2026-08-07 08:30:00,Wolfe Rd,400499,8,Friday,False
08/07/2026,08:35,404.0,59.7,4,0.0,2026-08-07 08:35:00,Wolfe Rd,400499,8,Friday,False
08/07/2026,08:40,396.0,60.0,4,0.0,2026-08-07 08:40:00,Wolfe Rd,400499,8,Friday,False
08/07/2026,08:45,451.0,60.5,4,0.0,2026-08-07 08:45:00,Wolfe Rd,400499,8,Friday,False
08/07/2026,08:50,393.0,61.3,4,0.0,2026-08-07 08:50:00,Wolfe Rd,400499,8,Friday,False
08/07/2026,08:55,389.0,61.3,4,0.0,2026-08-07 08:55:00,Wolfe Rd,400499,8,Friday,False
08/07/2026,09:00,376.0,61.0,4,0.0,2026-08-07 09:00:00,Wolfe Rd,400499,9,Friday,False
08/07/2026,09:05,361.0,61.2,4,0.0,2026-08-07 09:05:00,Wolfe Rd,400499,9,Friday,False
08/07/2026,09:10,365.0,61.1,4,0.0,2026-08-07 09:10:00,Wolfe Rd,400499,9,Friday,False
08/07/2026,09:15,408.0,60.9,4,0.0,2026-08-07 09:15:00,Wolfe Rd,400499,9,Friday,False
08/07/2026,09:20,396.0,61.0,4,0.0,2026-08-07 09:20:00,Wolfe Rd,400499,9,Friday,False
08/07/2026,09:25,358.0,60.8,4,0.0,2026-08-07 09:25:00,Wolfe Rd,400499,9,Friday,False
08/07/2026,09:30,408.0,60.3,4,0.0,2026-08-07 09:30:00,Wolfe Rd,400499,9,Friday,False
08/07/2026,09:35,384.0,61.0,4,0.0,2026-08-07 09:35:00,Wolfe Rd,400499,9,Friday,False
08/07/2026,09:40,471.0,61.9,4,0.0,2026-08-07 09:40:00,Wolfe Rd,400499,9,Friday,False
08/07/2026,09:45,444.0,61.0,4,0.0,2026-08-07 09:45:00,Wolfe Rd,400499,9,Friday,False
08/07/2026,09:50,349.0,61.5,4,0.0,2026-08-07 09:50:00,Wolfe Rd,400499,9,Friday,False
08/07/2026,09:55,365.0,61.7,4,0.0,2026-08-07 09:55:00,Wolfe Rd,400499,9,Friday,False
08/07/2026,10:00,321.0,62.0,4,0.0,2026-08-07 10:00:00,Wolfe Rd,400499,10,Friday,False
08/07/2026,10:05,358.0,62.5,4,0.0,2026-08-07 10:05:00,Wolfe Rd,400499,10,Friday,False
08/07/2026,10:10,306.0,63.0,4,0.0,2026-08-07 10:10:00,Wolfe Rd,400499,10,Friday,False
08/07/2026,10:15,337.0,62.5,4,0.0,2026-08-07 10:15:00,Wolfe Rd,400499,10,Friday,False
08/07/2026,10:20,311.0,62.3,4,0.0,2026-08-07 10:20:00,Wolfe Rd,400499,10,Friday,False
08/07/2026,10:25,333.0,62.3,4,0.0,2026-08-07 10:25:00,Wolfe Rd,400499,10,Friday,False
08/07/2026,10:30,353.0,62.9,4,0.0,2026-08-07 10:30:00,Wolfe Rd,400499,10,Friday,False
08/07/2026,10:35,270.0,62.3,4,0.0,2026-08-07 10:35:00,Wolfe Rd,400499,10,Friday,False
08/07/2026,10:40,318.0,62.1,4,0.0,2026-08-07 10:40:00,Wolfe Rd,400499,10,Friday,False
08/07/2026,10:45,365.0,61.8,4,0.0,2026-08-07 10:45:00,Wolfe Rd,400499,10,Friday,False
08/07/2026,10:50,358.0,62.1,4,0.0,2026-08-07 10:50:00,Wolfe Rd,400499,10,Friday,False
08/07/2026,10:55,365.0,62.0,4,0.0,2026-08-07 10:55:00,Wolfe Rd,400499,10,Friday,False
08/07/2026,11:00,321.0,62.2,4,0.0,2026-08-07 11:00:00,Wolfe Rd,400499,11,Friday,False
08/07/2026,11:05,269.0,62.4,4,0.0,2026-08-07 11:05:00,Wolfe Rd,400499,11,Friday,False
08/07/2026,11:10,306.0,61.6,4,0.0,2026-08-07 11:10:00,Wolfe Rd,400499,11,Friday,False
08/07/2026,11:15,306.0,62.4,4,0.0,2026-08-07 11:15:00,Wolfe Rd,400499,11,Friday,False
08/07/2026,11:20,368.0,62.8,4,0.0,2026-08-07 11:20:00,Wolfe Rd,400499,11,Friday,False
08/07/2026,11:25,380.0,62.5,4,0.0,2026-08-07 11:25:00,Wolfe Rd,400499,11,Friday,False
08/07/2026,11:30,302.0,62.5,4,0.0,2026-08-07 11:30:00,Wolfe Rd,400499,11,Friday,False
08/07/2026,11:35,400.0,62.3,4,0.0,2026-08-07 11:35:00,Wolfe Rd,400499,11,Friday,False
08/07/2026,11:40,384.0,62.1,4,0.0,2026-08-07 11:40:00,Wolfe Rd,400499,11,Friday,False
08/07/2026,11:45,342.0,62.2,4,0.0,2026-08-07 11:45:00,Wolfe Rd,400499,11,Friday,False
08/07/2026,11:50,358.0,62.7,4,0.0,2026-08-07 11:50:00,Wolfe Rd,400499,11,Friday,False
08/07/2026,11:55,302.0,62.9,4,0.0,2026-08-07 11:55:00,Wolfe Rd,400499,11,Friday,False
08/07/2026,12:00,321.0,63.0,4,0.0,2026-08-07 12:00:00,Wolfe Rd,400499,12,Friday,False
08/07/2026,12:05,329.0,62.3,4,0.0,2026-08-07 12:05:00,Wolfe Rd,400499,12,Friday,False
08/07/2026,12:10,321.0,61.7,4,0.0,2026-08-07 12:10:00,Wolfe Rd,400499,12,Friday,False
08/07/2026,12:15,353.0,62.0,4,0.0,2026-08-07 12:15:00,Wolfe Rd,400499,12,Friday,False
08/07/2026,12:20,333.0,62.9,4,0.0,2026-08-07 12:20:00,Wolfe Rd,400499,12,Friday,False
08/07/2026,12:25,361.0,62.5,4,0.0,2026-08-07 12:25:00,Wolfe Rd,400499,12,Friday,False
08/07/2026,12:30,256.0,62.1,4,0.0,2026-08-07 12:30:00,Wolfe Rd,400499,12,Friday,False
08/07/2026,12:35,321.0,62.7,4,0.0,2026-08-07 12:35:00,Wolfe Rd,400499,12,Friday,False
08/07/2026,12:40,306.0,63.2,4,0.0,2026-08-07 12:40:00,Wolfe Rd,400499,12,Friday,False
08/07/2026,12:45,325.0,63.3,4,0.0,2026-08-07 12:45:00,Wolfe Rd,400499,12,Friday,False
08/07/2026,12:50,329.0,62.8,4,0.0,2026-08-07 12:50:00,Wolfe Rd,400499,12,Friday,False
08/07/2026,12:55,342.0,62.8,4,0.0,2026-08-07 12:55:00,Wolfe Rd,400499,12,Friday,False
08/07/2026,13:00,306.0,62.9,4,0.0,2026-08-07 13:00:00,Wolfe Rd,400499,13,Friday,False
08/07/2026,13:05,198.0,62.7,4,0.0,2026-08-07 13:05:00,Wolfe Rd,400499,13,Friday,False
08/07/2026,13:10,325.0,62.3,4,0.0,2026-08-07 13:10:00,Wolfe Rd,400499,13,Friday,False
08/07/2026,13:15,342.0,62.2,4,0.0,2026-08-07 13:15:00,Wolfe Rd,400499,13,Friday,False
08/07/2026,13:20,306.0,62.9,4,0.0,2026-08-07 13:20:00,Wolfe Rd,400499,13,Friday,False
08/07/2026,13:25,278.0,63.4,4,0.0,2026-08-07 13:25:00,Wolfe Rd,400499,13,Friday,False
08/07/2026,13:30,268.0,63.5,4,0.0,2026-08-07 13:30:00,Wolfe Rd,400499,13,Friday,False
08/07/2026,13:35,295.0,62.9,4,0.0,2026-08-07 13:35:00,Wolfe Rd,400499,13,Friday,False
08/07/2026,13:40,329.0,62.8,4,0.0,2026-08-07 13:40:00,Wolfe Rd,400499,13,Friday,False
08/07/2026,13:45,346.0,63.8,4,0.0,2026-08-07 13:45:00,Wolfe Rd,400499,13,Friday,False
08/07/2026,13:50,298.0,63.2,4,0.0,2026-08-07 13:50:00,Wolfe Rd,400499,13,Friday,False
08/07/2026,13:55,342.0,63.2,4,0.0,2026-08-07 13:55:00,Wolfe Rd,400499,13,Friday,False
08/07/2026,14:00,298.0,63.2,4,0.0,2026-08-07 14:00:00,Wolfe Rd,400499,14,Friday,False
08/07/2026,14:05,321.0,62.4,4,0.0,2026-08-07 14:05:00,Wolfe Rd,400499,14,Friday,False
08/07/2026,14:10,302.0,62.7,4,0.0,2026-08-07 14:10:00,Wolfe Rd,400499,14,Friday,False
08/07/2026,14:15,287.0,63.4,4,0.0,2026-08-07 14:15:00,Wolfe Rd,400499,14,Friday,False
08/07/2026,14:20,306.0,63.5,4,0.0,2026-08-07 14:20:00,Wolfe Rd,400499,14,Friday,False
08/07/2026,14:25,295.0,62.9,4,0.0,2026-08-07 14:25:00,Wolfe Rd,400499,14,Friday,False
08/07/2026,14:30,302.0,62.9,4,0.0,2026-08-07 14:30:00,Wolfe Rd,400499,14,Friday,False
08/07/2026,14:35,337.0,63.0,4,0.0,2026-08-07 14:35:00,Wolfe Rd,400499,14,Friday,False
08/07/2026,14:40,295.0,62.9,4,0.0,2026-08-07 14:40:00,Wolfe Rd,400499,14,Friday,False
08/07/2026,14:45,333.0,63.5,4,0.0,2026-08-07 14:45:00,Wolfe Rd,400499,14,Friday,False
08/07/2026,14:50,353.0,62.5,4,0.0,2026-08-07 14:50:00,Wolfe Rd,400499,14,Friday,False
08/07/2026,14:55,284.0,62.2,4,0.0,2026-08-07 14:55:00,Wolfe Rd,400499,14,Friday,False
08/07/2026,15:00,302.0,63.5,4,0.0,2026-08-07 15:00:00,Wolfe Rd,400499,15,Friday,False
08/07/2026,15:05,263.0,64.5,4,0.0,2026-08-07 15:05:00,Wolfe Rd,400499,15,Friday,False
08/07/2026,15:10,333.0,63.3,4,0.0,2026-08-07 15:10:00,Wolfe Rd,400499,15,Friday,False
08/07/2026,15:15,286.0,63.1,4,0.0,2026-08-07 15:15:00,Wolfe Rd,400499,15,Friday,False
08/07/2026,15:20,349.0,63.2,4,0.0,2026-08-07 15:20:00,Wolfe Rd,400499,15,Friday,False
08/07/2026,15:25,314.0,62.6,4,0.0,2026-08-07 15:25:00,Wolfe Rd,400499,15,Friday,False
08/07/2026,15:30,346.0,61.8,4,0.0,2026-08-07 15:30:00,Wolfe Rd,400499,15,Friday,False
08/07/2026,15:35,325.0,62.3,4,0.0,2026-08-07 15:35:00,Wolfe Rd,400499,15,Friday,False
08/07/2026,15:40,346.0,62.0,4,0.0,2026-08-07 15:40:00,Wolfe Rd,400499,15,Friday,False
08/07/2026,15:45,318.0,62.6,4,0.0,2026-08-07 15:45:00,Wolfe Rd,400499,15,Friday,False
08/07/2026,15:50,321.0,62.4,4,0.0,2026-08-07 15:50:00,Wolfe Rd,400499,15,Friday,False
08/07/2026,15:55,321.0,63.1,4,0.0,2026-08-07 15:55:00,Wolfe Rd,400499,15,Friday,False
08/07/2026,16:00,286.0,63.1,4,0.0,2026-08-07 16:00:00,Wolfe Rd,400499,16,Friday,False
08/07/2026,16:05,302.0,63.2,4,0.0,2026-08-07 16:05:00,Wolfe Rd,400499,16,Friday,False
08/07/2026,16:10,306.0,62.6,4,0.0,2026-08-07 16:10:00,Wolfe Rd,400499,16,Friday,False
08/07/2026,16:15,311.0,62.8,4,0.0,2026-08-07 16:15:00,Wolfe Rd,400499,16,Friday,False
08/07/2026,16:20,384.0,62.9,4,0.0,2026-08-07 16:20:00,Wolfe Rd,400499,16,Friday,False
08/07/2026,16:25,393.0,63.3,4,0.0,2026-08-07 16:25:00,Wolfe Rd,400499,16,Friday,False
08/07/2026,16:30,274.0,62.1,4,0.0,2026-08-07 16:30:00,Wolfe Rd,400499,16,Friday,False
08/07/2026,16:35,320.0,62.2,4,0.0,2026-08-07 16:35:00,Wolfe Rd,400499,16,Friday,False
08/07/2026,16:40,325.0,63.1,4,0.0,2026-08-07 16:40:00,Wolfe Rd,400499,16,Friday,False
08/07/2026,16:45,412.0,62.5,4,0.0,2026-08-07 16:45:00,Wolfe Rd,400499,16,Friday,False
08/07/2026,16:50,358.0,62.1,4,0.0,2026-08-07 16:50:00,Wolfe Rd,400499,16,Friday,False
08/07/2026,16:55,408.0,62.5,4,0.0,2026-08-07 16:55:00,Wolfe Rd,400499,16,Friday,False
08/07/2026,17:00,318.0,62.6,4,0.0,2026-08-07 17:00:00,Wolfe Rd,400499,17,Friday,False
08/07/2026,17:05,358.0,62.9,4,0.0,2026-08-07 17:05:00,Wolfe Rd,400499,17,Friday,False
08/07/2026,17:10,325.0,63.4,4,0.0,2026-08-07 17:10:00,Wolfe Rd,400499,17,Friday,False
08/07/2026,17:15,376.0,62.9,4,0.0,2026-08-07 17:15:00,Wolfe Rd,400499,17,Friday,False
08/07/2026,17:20,376.0,63.3,4,0.0,2026-08-07 17:20:00,Wolfe Rd,400499,17,Friday,False
08/07/2026,17:25,358.0,63.3,4,0.0,2026-08-07 17:25:00,Wolfe Rd,400499,17,Friday,False
08/07/2026,17:30,440.0,62.9,4,0.0,2026-08-07 17:30:00,Wolfe Rd,400499,17,Friday,False
08/07/2026,17:35,404.0,62.7,4,0.0,2026-08-07 17:35:00,Wolfe Rd,400499,17,Friday,False
08/07/2026,17:40,380.0,62.8,4,0.0,2026-08-07 17:40:00,Wolfe Rd,400499,17,Friday,False
08/07/2026,17:45,431.0,62.5,4,0.0,2026-08-07 17:45:00,Wolfe Rd,400499,17,Friday,False
08/07/2026,17:50,372.0,62.9,4,0.0,2026-08-07 17:50:00,Wolfe Rd,400499,17,Friday,False
08/07/2026,17:55,358.0,63.3,4,0.0,2026-08-07 17:55:00,Wolfe Rd,400499,17,Friday,False
08/07/2026,18:00,314.0,63.8,4,0.0,2026-08-07 18:00:00,Wolfe Rd,400499,18,Friday,False
08/07/2026,18:05,353.0,64.2,4,0.0,2026-08-07 18:05:00,Wolfe Rd,400499,18,Friday,False
08/07/2026,18:10,306.0,64.6,4,0.0,2026-08-07 18:10:00,Wolfe Rd,400499,18,Friday,False
08/07/2026,18:15,372.0,64.7,4,0.0,2026-08-07 18:15:00,Wolfe Rd,400499,18,Friday,False
08/07/2026,18:20,311.0,64.5,4,0.0,2026-08-07 18:20:00,Wolfe Rd,400499,18,Friday,False
08/07/2026,18:25,349.0,64.6,4,0.0,2026-08-07 18:25:00,Wolfe Rd,400499,18,Friday,False
08/07/2026,18:30,291.0,64.7,4,0.0,2026-08-07 18:30:00,Wolfe Rd,400499,18,Friday,False
08/07/2026,18:35,272.0,64.1,4,0.0,2026-08-07 18:35:00,Wolfe Rd,400499,18,Friday,False
08/07/2026,18:40,337.0,64.1,4,0.0,2026-08-07 18:40:00,Wolfe Rd,400499,18,Friday,False
08/07/2026,18:45,290.0,64.6,4,0.0,2026-08-07 18:45:00,Wolfe Rd,400499,18,Friday,False
08/07/2026,18:50,349.0,64.6,4,0.0,2026-08-07 18:50:00,Wolfe Rd,400499,18,Friday,False
08/07/2026,18:55,361.0,64.2,4,0.0,2026-08-07 18:55:00,Wolfe Rd,400499,18,Friday,False
08/07/2026,19:00,290.0,64.0,4,0.0,2026-08-07 19:00:00,Wolfe Rd,400499,19,Friday,False
08/07/2026,19:05,377.0,64.0,4,0.0,2026-08-07 19:05:00,Wolfe Rd,400499,19,Friday,False
08/07/2026,19:10,247.0,64.0,4,0.0,2026-08-07 19:10:00,Wolfe Rd,400499,19,Friday,False
08/07/2026,19:15,321.0,65.2,4,0.0,2026-08-07 19:15:00,Wolfe Rd,400499,19,Friday,False
08/07/2026,19:20,295.0,64.6,4,0.0,2026-08-07 19:20:00,Wolfe Rd,400499,19,Friday,False
08/07/2026,19:25,259.0,63.9,4,0.0,2026-08-07 19:25:00,Wolfe Rd,400499,19,Friday,False
08/07/2026,19:30,338.0,63.6,4,0.0,2026-08-07 19:30:00,Wolfe Rd,400499,19,Friday,False
08/07/2026,19:35,232.0,63.0,4,0.0,2026-08-07 19:35:00,Wolfe Rd,400499,19,Friday,False
08/07/2026,19:40,239.0,63.5,4,0.0,2026-08-07 19:40:00,Wolfe Rd,400499,19,Friday,False
08/07/2026,19:45,346.0,63.7,4,0.0,2026-08-07 19:45:00,Wolfe Rd,400499,19,Friday,False
08/07/2026,19:50,256.0,63.9,4,0.0,2026-08-07 19:50:00,Wolfe Rd,400499,19,Friday,False
08/07/2026,19:55,251.0,63.9,4,0.0,2026-08-07 19:55:00,Wolfe Rd,400499,19,Friday,False
08/07/2026,20:00,245.0,65.3,4,0.0,2026-08-07 20:00:00,Wolfe Rd,400499,20,Friday,False
08/07/2026,20:05,226.0,65.3,4,0.0,2026-08-07 20:05:00,Wolfe Rd,400499,20,Friday,False
08/07/2026,20:10,242.0,65.8,4,0.0,2026-08-07 20:10:00,Wolfe Rd,400499,20,Friday,False
08/07/2026,20:15,268.0,66.0,4,0.0,2026-08-07 20:15:00,Wolfe Rd,400499,20,Friday,False
08/07/2026,20:20,251.0,65.8,4,0.0,2026-08-07 20:20:00,Wolfe Rd,400499,20,Friday,False
08/07/2026,20:25,302.0,66.1,4,0.0,2026-08-07 20:25:00,Wolfe Rd,400499,20,Friday,False
08/07/2026,20:30,217.0,65.9,4,0.0,2026-08-07 20:30:00,Wolfe Rd,400499,20,Friday,False
08/07/2026,20:35,217.0,66.1,4,0.0,2026-08-07 20:35:00,Wolfe Rd,400499,20,Friday,False
08/07/2026,20:40,221.0,66.1,4,0.0,2026-08-07 20:40:00,Wolfe Rd,400499,20,Friday,False
08/07/2026,20:45,226.0,65.4,4,0.0,2026-08-07 20:45:00,Wolfe Rd,400499,20,Friday,False
08/07/2026,20:50,264.0,65.2,4,0.0,2026-08-07 20:50:00,Wolfe Rd,400499,20,Friday,False
08/07/2026,20:55,278.0,65.4,4,0.0,2026-08-07 20:55:00,Wolfe Rd,400499,20,Friday,False
08/07/2026,21:00,182.0,72.2,4,0.0,2026-08-07 21:00:00,Wolfe Rd,400499,21,Friday,False
08/07/2026,21:05,220.0,72.3,4,0.0,2026-08-07 21:05:00,Wolfe Rd,400499,21,Friday,False
08/07/2026,21:10,274.0,72.3,4,0.0,2026-08-07 21:10:00,Wolfe Rd,400499,21,Friday,False
08/07/2026,21:15,286.0,72.3,4,0.0,2026-08-07 21:15:00,Wolfe Rd,400499,21,Friday,False
08/07/2026,21:20,217.0,72.2,4,0.0,2026-08-07 21:20:00,Wolfe Rd,400499,21,Friday,False
08/07/2026,21:25,220.0,72.3,4,0.0,2026-08-07 21:25:00,Wolfe Rd,400499,21,Friday,False
08/07/2026,21:30,228.0,72.3,4,0.0,2026-08-07 21:30:00,Wolfe Rd,400499,21,Friday,False
08/07/2026,21:35,220.0,72.3,4,0.0,2026-08-07 21:35:00,Wolfe Rd,400499,21,Friday,False
08/07/2026,21:40,208.0,72.2,4,0.0,2026-08-07 21:40:00,Wolfe Rd,400499,21,Friday,False
08/07/2026,21:45,212.0,72.2,4,0.0,2026-08-07 21:45:00,Wolfe Rd,400499,21,Friday,False
08/07/2026,21:50,196.0,72.2,4,0.0,2026-08-07 21:50:00,Wolfe Rd,400499,21,Friday,False
08/07/2026,21:55,189.0,72.2,4,0.0,2026-08-07 21:55:00,Wolfe Rd,400499,21,Friday,False
08/07/2026,22:00,192.0,69.8,4,0.0,2026-08-07 22:00:00,Wolfe Rd,400499,22,Friday,False
08/07/2026,22:05,143.0,67.8,4,0.0,2026-08-07 22:05:00,Wolfe Rd,400499,22,Friday,False
08/07/2026,22:10,173.0,67.3,4,0.0,2026-08-07 22:10:00,Wolfe Rd,400499,22,Friday,False
08/07/2026,22:15,157.0,67.2,4,0.0,2026-08-07 22:15:00,Wolfe Rd,400499,22,Friday,False
08/07/2026,22:20,223.0,66.4,4,0.0,2026-08-07 22:20:00,Wolfe Rd,400499,22,Friday,False
08/07/2026,22:25,189.0,67.3,4,0.0,2026-08-07 22:25:00,Wolfe Rd,400499,22,Friday,False
08/07/2026,22:30,149.0,66.8,4,0.0,2026-08-07 22:30:00,Wolfe Rd,400499,22,Friday,False
08/07/2026,22:35,176.0,67.3,4,0.0,2026-08-07 22:35:00,Wolfe Rd,400499,22,Friday,False
08/07/2026,22:40,155.0,67.1,4,0.0,2026-08-07 22:40:00,Wolfe Rd,400499,22,Friday,False
08/07/2026,22:45,157.0,66.9,4,0.0,2026-08-07 22:45:00,Wolfe Rd,400499,22,Friday,False
08/07/2026,22:50,141.0,66.6,4,0.0,2026-08-07 22:50:00,Wolfe Rd,400499,22,Friday,False
08/07/2026,22:55,140.0,67.3,4,0.0,2026-08-07 22:55:00,Wolfe Rd,400499,22,Friday,False
08/07/2026,23:00,127.0,67.7,4,0.0,2026-08-07 23:00:00,Wolfe Rd,400499,23,Friday,False
08/07/2026,23:05,137.0,66.6,4,0.0,2026-08-07 23:05:00,Wolfe Rd,400499,23,Friday,False
08/07/2026,23:10,173.0,66.1,4,0.0,2026-08-07 23:10:00,Wolfe Rd,400499,23,Friday,False
08/07/2026,23:15,173.0,65.8,4,0.0,2026-08-07 23:15:00,Wolfe Rd,400499,23,Friday,False
08/07/2026,23:20,166.0,65.7,4,0.0,2026-08-07 23:20:00,Wolfe Rd,400499,23,Friday,False
08/07/2026,23:25,153.0,65.2,4,0.0,2026-08-07 23:25:00,Wolfe Rd,400499,23,Friday,False
08/07/2026,23:30,122.0,65.2,4,0.0,2026-08-07 23:30:00,Wolfe Rd,400499,23,Friday,False
08/07/2026,23:35,166.0,65.9,4,0.0,2026-08-07 23:35:00,Wolfe Rd,400499,23,Friday,False
08/07/2026,23:40,124.0,65.8,4,0.0,2026-08-07 23:40:00,Wolfe Rd,400499,23,Friday,False
08/07/2026,23:45,88.0,65.3,4,0.0,2026-08-07 23:45:00,Wolfe Rd,400499,23,Friday,False
08/07/2026,23:50,98.0,65.0,4,0.0,2026-08-07 23:50:00,Wolfe Rd,400499,23,Friday,False
08/07/2026,23:55,103.0,65.7,4,0.0,2026-08-07 23:55:00,Wolfe Rd,400499,23,Friday,False
08/08/2026,00:00,73.0,66.0,4,0.0,2026-08-08 00:00:00,Wolfe Rd,400499,0,Saturday,True
08/08/2026,00:05,65.0,65.1,4,0.0,2026-08-08 00:05:00,Wolfe Rd,400499,0,Saturday,True
08/08/2026,00:10,74.0,65.4,4,0.0,2026-08-08 00:10:00,Wolfe Rd,400499,0,Saturday,True
08/08/2026,00:15,79.0,66.1,4,0.0,2026-08-08 00:15:00,Wolfe Rd,400499,0,Saturday,True
08/08/2026,00:20,46.0,65.0,4,0.0,2026-08-08 00:20:00,Wolfe Rd,400499,0,Saturday,True
08/08/2026,00:25,74.0,65.8,4,0.0,2026-08-08 00:25:00,Wolfe Rd,400499,0,Saturday,True
08/08/2026,00:30,72.0,65.4,4,0.0,2026-08-08 00:30:00,Wolfe Rd,400499,0,Saturday,True
08/08/2026,00:35,89.0,65.6,4,0.0,2026-08-08 00:35:00,Wolfe Rd,400499,0,Saturday,True
08/08/2026,00:40,68.0,65.5,4,0.0,2026-08-08 00:40:00,Wolfe Rd,400499,0,Saturday,True
08/08/2026,00:45,64.0,65.4,4,0.0,2026-08-08 00:45:00,Wolfe Rd,400499,0,Saturday,True
08/08/2026,00:50,62.0,65.3,4,0.0,2026-08-08 00:50:00,Wolfe Rd,400499,0,Saturday,True
08/08/2026,00:55,54.0,64.9,4,0.0,2026-08-08 00:55:00,Wolfe Rd,400499,0,Saturday,True
08/08/2026,01:00,61.0,65.1,4,0.0,2026-08-08 01:00:00,Wolfe Rd,400499,1,Saturday,True
08/08/2026,01:05,57.0,64.9,4,0.0,2026-08-08 01:05:00,Wolfe Rd,400499,1,Saturday,True
08/08/2026,01:10,39.0,64.8,4,0.0,2026-08-08 01:10:00,Wolfe Rd,400499,1,Saturday,True
08/08/2026,01:15,43.0,64.6,4,0.0,2026-08-08 01:15:00,Wolfe Rd,400499,1,Saturday,True
08/08/2026,01:20,53.0,65.1,4,0.0,2026-08-08 01:20:00,Wolfe Rd,400499,1,Saturday,True
08/08/2026,01:25,41.0,64.7,4,0.0,2026-08-08 01:25:00,Wolfe Rd,400499,1,Saturday,True
08/08/2026,01:30,71.0,65.0,4,0.0,2026-08-08 01:30:00,Wolfe Rd,400499,1,Saturday,True
08/08/2026,01:35,46.0,64.7,4,0.0,2026-08-08 01:35:00,Wolfe Rd,400499,1,Saturday,True
08/08/2026,01:40,52.0,65.0,4,0.0,2026-08-08 01:40:00,Wolfe Rd,400499,1,Saturday,True
08/08/2026,01:45,55.0,66.0,4,0.0,2026-08-08 01:45:00,Wolfe Rd,400499,1,Saturday,True
08/08/2026,01:50,71.0,65.4,4,0.0,2026-08-08 01:50:00,Wolfe Rd,400499,1,Saturday,True
08/08/2026,01:55,41.0,64.6,4,0.0,2026-08-08 01:55:00,Wolfe Rd,400499,1,Saturday,True
08/08/2026,02:00,53.0,64.2,4,0.0,2026-08-08 02:00:00,Wolfe Rd,400499,2,Saturday,True
08/08/2026,02:05,52.0,65.0,4,0.0,2026-08-08 02:05:00,Wolfe Rd,400499,2,Saturday,True
08/08/2026,02:10,56.0,65.2,4,0.0,2026-08-08 02:10:00,Wolfe Rd,400499,2,Saturday,True
08/08/2026,02:15,60.0,65.6,4,0.0,2026-08-08 02:15:00,Wolfe Rd,400499,2,Saturday,True
08/08/2026,02:20,58.0,65.0,4,0.0,2026-08-08 02:20:00,Wolfe Rd,400499,2,Saturday,True
08/08/2026,02:25,74.0,65.4,4,0.0,2026-08-08 02:25:00,Wolfe Rd,400499,2,Saturday,True
08/08/2026,02:30,59.0,66.7,4,0.0,2026-08-08 02:30:00,Wolfe Rd,400499,2,Saturday,True
08/08/2026,02:35,50.0,64.3,4,0.0,2026-08-08 02:35:00,Wolfe Rd,400499,2,Saturday,True
08/08/2026,02:40,63.0,65.4,4,0.0,2026-08-08 02:40:00,Wolfe Rd,400499,2,Saturday,True
08/08/2026,02:45,44.0,64.9,4,0.0,2026-08-08 02:45:00,Wolfe Rd,400499,2,Saturday,True
08/08/2026,02:50,54.0,65.7,4,0.0,2026-08-08 02:50:00,Wolfe Rd,400499,2,Saturday,True
08/08/2026,02:55,50.0,65.3,4,0.0,2026-08-08 02:55:00,Wolfe Rd,400499,2,Saturday,True
08/08/2026,03:00,52.0,64.9,4,0.0,2026-08-08 03:00:00,Wolfe Rd,400499,3,Saturday,True
08/08/2026,03:05,39.0,65.5,4,0.0,2026-08-08 03:05:00,Wolfe Rd,400499,3,Saturday,True
08/08/2026,03:10,42.0,64.4,4,0.0,2026-08-08 03:10:00,Wolfe Rd,400499,3,Saturday,True
08/08/2026,03:15,44.0,64.6,4,0.0,2026-08-08 03:15:00,Wolfe Rd,400499,3,Saturday,True
08/08/2026,03:20,42.0,64.1,4,0.0,2026-08-08 03:20:00,Wolfe Rd,400499,3,Saturday,True
08/08/2026,03:25,42.0,64.3,4,0.0,2026-08-08 03:25:00,Wolfe Rd,400499,3,Saturday,True
08/08/2026,03:30,52.0,65.2,4,0.0,2026-08-08 03:30:00,Wolfe Rd,400499,3,Saturday,True
08/08/2026,03:35,27.0,63.7,4,0.0,2026-08-08 03:35:00,Wolfe Rd,400499,3,Saturday,True
08/08/2026,03:40,43.0,64.3,4,0.0,2026-08-08 03:40:00,Wolfe Rd,400499,3,Saturday,True
08/08/2026,03:45,55.0,64.1,4,0.0,2026-08-08 03:45:00,Wolfe Rd,400499,3,Saturday,True
08/08/2026,03:50,46.0,65.2,4,0.0,2026-08-08 03:50:00,Wolfe Rd,400499,3,Saturday,True
08/08/2026,03:55,49.0,64.5,4,0.0,2026-08-08 03:55:00,Wolfe Rd,400499,3,Saturday,True
08/08/2026,04:00,43.0,64.4,4,0.0,2026-08-08 04:00:00,Wolfe Rd,400499,4,Saturday,True
08/08/2026,04:05,42.0,65.0,4,0.0,2026-08-08 04:05:00,Wolfe Rd,400499,4,Saturday,True
08/08/2026,04:10,55.0,65.0,4,0.0,2026-08-08 04:10:00,Wolfe Rd,400499,4,Saturday,True
08/08/2026,04:15,50.0,65.0,4,0.0,2026-08-08 04:15:00,Wolfe Rd,400499,4,Saturday,True
08/08/2026,04:20,55.0,65.9,4,0.0,2026-08-08 04:20:00,Wolfe Rd,400499,4,Saturday,True
08/08/2026,04:25,46.0,65.3,4,0.0,2026-08-08 04:25:00,Wolfe Rd,400499,4,Saturday,True
08/08/2026,04:30,55.0,64.7,4,0.0,2026-08-08 04:30:00,Wolfe Rd,400499,4,Saturday,True
08/08/2026,04:35,61.0,65.3,4,0.0,2026-08-08 04:35:00,Wolfe Rd,400499,4,Saturday,True
08/08/2026,04:40,55.0,64.7,4,0.0,2026-08-08 04:40:00,Wolfe Rd,400499,4,Saturday,True
08/08/2026,04:45,48.0,65.4,4,0.0,2026-08-08 04:45:00,Wolfe Rd,400499,4,Saturday,True
08/08/2026,04:50,46.0,65.3,4,0.0,2026-08-08 04:50:00,Wolfe Rd,400499,4,Saturday,True
08/08/2026,04:55,51.0,65.3,4,0.0,2026-08-08 04:55:00,Wolfe Rd,400499,4,Saturday,True
08/08/2026,05:00,51.0,64.6,4,0.0,2026-08-08 05:00:00,Wolfe Rd,400499,5,Saturday,True
08/08/2026,05:05,59.0,64.8,4,0.0,2026-08-08 05:05:00,Wolfe Rd,400499,5,Saturday,True
08/08/2026,05:10,61.0,65.6,4,0.0,2026-08-08 05:10:00,Wolfe Rd,400499,5,Saturday,True
08/08/2026,05:15,75.0,64.6,4,0.0,2026-08-08 05:15:00,Wolfe Rd,400499,5,Saturday,True
08/08/2026,05:20,79.0,65.0,4,0.0,2026-08-08 05:20:00,Wolfe Rd,400499,5,Saturday,True
08/08/2026,05:25,56.0,64.2,4,0.0,2026-08-08 05:25:00,Wolfe Rd,400499,5,Saturday,True
08/08/2026,05:30,77.0,65.2,4,0.0,2026-08-08 05:30:00,Wolfe Rd,400499,5,Saturday,True
08/08/2026,05:35,95.0,66.0,4,0.0,2026-08-08 05:35:00,Wolfe Rd,400499,5,Saturday,True
08/08/2026,05:40,97.0,64.8,4,0.0,2026-08-08 05:40:00,Wolfe Rd,400499,5,Saturday,True
08/08/2026,05:45,146.0,65.1,4,0.0,2026-08-08 05:45:00,Wolfe Rd,400499,5,Saturday,True
08/08/2026,05:50,107.0,64.7,4,0.0,2026-08-08 05:50:00,Wolfe Rd,400499,5,Saturday,True
08/08/2026,05:55,92.0,64.6,4,0.0,2026-08-08 05:55:00,Wolfe Rd,400499,5,Saturday,True
08/08/2026,06:00,79.0,64.6,4,0.0,2026-08-08 06:00:00,Wolfe Rd,400499,6,Saturday,True
08/08/2026,06:05,95.0,65.9,4,0.0,2026-08-08 06:05:00,Wolfe Rd,400499,6,Saturday,True
08/08/2026,06:10,73.0,65.3,4,0.0,2026-08-08 06:10:00,Wolfe Rd,400499,6,Saturday,True
08/08/2026,06:15,109.0,65.4,4,0.0,2026-08-08 06:15:00,Wolfe Rd,400499,6,Saturday,True
08/08/2026,06:20,99.0,66.0,4,0.0,2026-08-08 06:20:00,Wolfe Rd,400499,6,Saturday,True
08/08/2026,06:25,116.0,65.4,4,0.0,2026-08-08 06:25:00,Wolfe Rd,400499,6,Saturday,True
08/08/2026,06:30,109.0,65.3,4,0.0,2026-08-08 06:30:00,Wolfe Rd,400499,6,Saturday,True
08/08/2026,06:35,143.0,64.6,4,0.0,2026-08-08 06:35:00,Wolfe Rd,400499,6,Saturday,True
08/08/2026,06:40,166.0,64.6,4,0.0,2026-08-08 06:40:00,Wolfe Rd,400499,6,Saturday,True
08/08/2026,06:45,157.0,64.5,4,0.0,2026-08-08 06:45:00,Wolfe Rd,400499,6,Saturday,True
08/08/2026,06:50,166.0,64.5,4,0.0,2026-08-08 06:50:00,Wolfe Rd,400499,6,Saturday,True
08/08/2026,06:55,142.0,64.6,4,0.0,2026-08-08 06:55:00,Wolfe Rd,400499,6,Saturday,True
08/08/2026,07:00,118.0,64.8,4,0.0,2026-08-08 07:00:00,Wolfe Rd,400499,7,Saturday,True
08/08/2026,07:05,146.0,65.7,4,0.0,2026-08-08 07:05:00,Wolfe Rd,400499,7,Saturday,True
08/08/2026,07:10,142.0,66.8,4,0.0,2026-08-08 07:10:00,Wolfe Rd,400499,7,Saturday,True
08/08/2026,07:15,161.0,66.4,4,0.0,2026-08-08 07:15:00,Wolfe Rd,400499,7,Saturday,True
08/08/2026,07:20,166.0,65.8,4,0.0,2026-08-08 07:20:00,Wolfe Rd,400499,7,Saturday,True
08/08/2026,07:25,153.0,64.3,4,0.0,2026-08-08 07:25:00,Wolfe Rd,400499,7,Saturday,True
08/08/2026,07:30,188.0,64.8,4,0.0,2026-08-08 07:30:00,Wolfe Rd,400499,7,Saturday,True
08/08/2026,07:35,208.0,64.4,4,0.0,2026-08-08 07:35:00,Wolfe Rd,400499,7,Saturday,True
08/08/2026,07:40,192.0,64.1,4,0.0,2026-08-08 07:40:00,Wolfe Rd,400499,7,Saturday,True
08/08/2026,07:45,208.0,64.4,4,0.0,2026-08-08 07:45:00,Wolfe Rd,400499,7,Saturday,True
08/08/2026,07:50,199.0,65.2,4,0.0,2026-08-08 07:50:00,Wolfe Rd,400499,7,Saturday,True
08/08/2026,07:55,173.0,65.2,4,0.0,2026-08-08 07:55:00,Wolfe Rd,400499,7,Saturday,True
08/08/2026,08:00,185.0,64.7,4,0.0,2026-08-08 08:00:00,Wolfe Rd,400499,8,Saturday,True
08/08/2026,08:05,194.0,64.3,4,0.0,2026-08-08 08:05:00,Wolfe Rd,400499,8,Saturday,True
08/08/2026,08:10,179.0,63.6,4,0.0,2026-08-08 08:10:00,Wolfe Rd,400499,8,Saturday,True
08/08/2026,08:15,173.0,62.8,4,0.0,2026-08-08 08:15:00,Wolfe Rd,400499,8,Saturday,True
08/08/2026,08:20,239.0,63.2,4,0.0,2026-08-08 08:20:00,Wolfe Rd,400499,8,Saturday,True
08/08/2026,08:25,226.0,63.5,4,0.0,2026-08-08 08:25:00,Wolfe Rd,400499,8,Saturday,True
08/08/2026,08:30,213.0,63.1,4,0.0,2026-08-08 08:30:00,Wolfe Rd,400499,8,Saturday,True
08/08/2026,08:35,254.0,62.9,4,0.0,2026-08-08 08:35:00,Wolfe Rd,400499,8,Saturday,True
08/08/2026,08:40,251.0,63.9,4,0.0,2026-08-08 08:40:00,Wolfe Rd,400499,8,Saturday,True
08/08/2026,08:45,247.0,64.2,4,0.0,2026-08-08 08:45:00,Wolfe Rd,400499,8,Saturday,True
08/08/2026,08:50,295.0,64.3,4,0.0,2026-08-08 08:50:00,Wolfe Rd,400499,8,Saturday,True
08/08/2026,08:55,255.0,63.7,4,0.0,2026-08-08 08:55:00,Wolfe Rd,400499,8,Saturday,True
08/08/2026,09:00,243.0,63.6,4,0.0,2026-08-08 09:00:00,Wolfe Rd,400499,9,Saturday,True
08/08/2026,09:05,208.0,62.2,4,0.0,2026-08-08 09:05:00,Wolfe Rd,400499,9,Saturday,True
08/08/2026,09:10,232.0,63.6,4,0.0,2026-08-08 09:10:00,Wolfe Rd,400499,9,Saturday,True
08/08/2026,09:15,280.0,63.8,4,0.0,2026-08-08 09:15:00,Wolfe Rd,400499,9,Saturday,True
08/08/2026,09:20,314.0,63.9,4,0.0,2026-08-08 09:20:00,Wolfe Rd,400499,9,Saturday,True
08/08/2026,09:25,254.0,64.0,4,0.0,2026-08-08 09:25:00,Wolfe Rd,400499,9,Saturday,True
08/08/2026,09:30,298.0,63.3,4,0.0,2026-08-08 09:30:00,Wolfe Rd,400499,9,Saturday,True
08/08/2026,09:35,259.0,64.3,4,0.0,2026-08-08 09:35:00,Wolfe Rd,400499,9,Saturday,True
08/08/2026,09:40,265.0,64.5,4,0.0,2026-08-08 09:40:00,Wolfe Rd,400499,9,Saturday,True
08/08/2026,09:45,314.0,62.7,4,0.0,2026-08-08 09:45:00,Wolfe Rd,400499,9,Saturday,True
08/08/2026,09:50,311.0,63.3,4,0.0,2026-08-08 09:50:00,Wolfe Rd,400499,9,Saturday,True
08/08/2026,09:55,346.0,62.7,4,0.0,2026-08-08 09:55:00,Wolfe Rd,400499,9,Saturday,True
08/08/2026,10:00,282.0,62.7,4,0.0,2026-08-08 10:00:00,Wolfe Rd,400499,10,Saturday,True
08/08/2026,10:05,243.0,63.2,4,0.0,2026-08-08 10:05:00,Wolfe Rd,400499,10,Saturday,True
08/08/2026,10:10,325.0,63.7,4,0.0,2026-08-08 10:10:00,Wolfe Rd,400499,10,Saturday,True
08/08/2026,10:15,333.0,63.1,4,0.0,2026-08-08 10:15:00,Wolfe Rd,400499,10,Saturday,True
08/08/2026,10:20,295.0,63.6,4,0.0,2026-08-08 10:20:00,Wolfe Rd,400499,10,Saturday,True
08/08/2026,10:25,254.0,63.7,4,0.0,2026-08-08 10:25:00,Wolfe Rd,400499,10,Saturday,True
08/08/2026,10:30,264.0,64.0,4,0.0,2026-08-08 10:30:00,Wolfe Rd,400499,10,Saturday,True
08/08/2026,10:35,337.0,64.1,4,0.0,2026-08-08 10:35:00,Wolfe Rd,400499,10,Saturday,True
08/08/2026,10:40,318.0,64.1,4,0.0,2026-08-08 10:40:00,Wolfe Rd,400499,10,Saturday,True
08/08/2026,10:45,325.0,64.0,4,0.0,2026-08-08 10:45:00,Wolfe Rd,400499,10,Saturday,True
08/08/2026,10:50,408.0,62.9,4,0.0,2026-08-08 10:50:00,Wolfe Rd,400499,10,Saturday,True
08/08/2026,10:55,375.0,63.9,4,0.0,2026-08-08 10:55:00,Wolfe Rd,400499,10,Saturday,True
08/08/2026,11:00,372.0,63.5,4,0.0,2026-08-08 11:00:00,Wolfe Rd,400499,11,Saturday,True
08/08/2026,11:05,333.0,63.4,4,0.0,2026-08-08 11:05:00,Wolfe Rd,400499,11,Saturday,True
08/08/2026,11:10,358.0,63.7,4,0.0,2026-08-08 11:10:00,Wolfe Rd,400499,11,Saturday,True
08/08/2026,11:15,384.0,64.0,4,0.0,2026-08-08 11:15:00,Wolfe Rd,400499,11,Saturday,True
08/08/2026,11:20,353.0,63.0,4,0.0,2026-08-08 11:20:00,Wolfe Rd,400499,11,Saturday,True
08/08/2026,11:25,380.0,63.3,4,0.0,2026-08-08 11:25:00,Wolfe Rd,400499,11,Saturday,True
08/08/2026,11:30,396.0,63.7,4,0.0,2026-08-08 11:30:00,Wolfe Rd,400499,11,Saturday,True
08/08/2026,11:35,346.0,62.8,4,0.0,2026-08-08 11:35:00,Wolfe Rd,400499,11,Saturday,True
08/08/2026,11:40,415.0,62.9,4,0.0,2026-08-08 11:40:00,Wolfe Rd,400499,11,Saturday,True
08/08/2026,11:45,404.0,63.7,4,0.0,2026-08-08 11:45:00,Wolfe Rd,400499,11,Saturday,True
08/08/2026,11:50,400.0,62.8,4,0.0,2026-08-08 11:50:00,Wolfe Rd,400499,11,Saturday,True
08/08/2026,11:55,361.0,62.6,4,0.0,2026-08-08 11:55:00,Wolfe Rd,400499,11,Saturday,True
08/08/2026,12:00,431.0,62.8,4,0.0,2026-08-08 12:00:00,Wolfe Rd,400499,12,Saturday,True
08/08/2026,12:05,365.0,62.9,4,0.0,2026-08-08 12:05:00,Wolfe Rd,400499,12,Saturday,True
08/08/2026,12:10,329.0,62.0,4,0.0,2026-08-08 12:10:00,Wolfe Rd,400499,12,Saturday,True
08/08/2026,12:15,389.0,62.7,4,0.0,2026-08-08 12:15:00,Wolfe Rd,400499,12,Saturday,True
08/08/2026,12:20,349.0,62.9,4,0.0,2026-08-08 12:20:00,Wolfe Rd,400499,12,Saturday,True
08/08/2026,12:25,361.0,63.6,4,0.0,2026-08-08 12:25:00,Wolfe Rd,400499,12,Saturday,True
08/08/2026,12:30,412.0,62.9,4,0.0,2026-08-08 12:30:00,Wolfe Rd,400499,12,Saturday,True
08/08/2026,12:35,337.0,62.7,4,0.0,2026-08-08 12:35:00,Wolfe Rd,400499,12,Saturday,True
08/08/2026,12:40,333.0,62.9,4,0.0,2026-08-08 12:40:00,Wolfe Rd,400499,12,Saturday,True
08/08/2026,12:45,379.0,62.9,4,0.0,2026-08-08 12:45:00,Wolfe Rd,400499,12,Saturday,True
08/08/2026,12:50,380.0,62.0,4,0.0,2026-08-08 12:50:00,Wolfe Rd,400499,12,Saturday,True
08/08/2026,12:55,389.0,62.6,4,0.0,2026-08-08 12:55:00,Wolfe Rd,400499,12,Saturday,True
08/08/2026,13:00,342.0,63.3,4,0.0,2026-08-08 13:00:00,Wolfe Rd,400499,13,Saturday,True
08/08/2026,13:05,325.0,62.2,4,0.0,2026-08-08 13:05:00,Wolfe Rd,400499,13,Saturday,True
08/08/2026,13:10,372.0,62.6,4,0.0,2026-08-08 13:10:00,Wolfe Rd,400499,13,Saturday,True
08/08/2026,13:15,368.0,63.7,4,0.0,2026-08-08 13:15:00,Wolfe Rd,400499,13,Saturday,True
08/08/2026,13:20,307.0,63.4,4,0.0,2026-08-08 13:20:00,Wolfe Rd,400499,13,Saturday,True
08/08/2026,13:25,393.0,64.2,4,0.0,2026-08-08 13:25:00,Wolfe Rd,400499,13,Saturday,True
08/08/2026,13:30,358.0,63.5,4,0.0,2026-08-08 13:30:00,Wolfe Rd,400499,13,Saturday,True
08/08/2026,13:35,358.0,64.0,4,0.0,2026-08-08 13:35:00,Wolfe Rd,400499,13,Saturday,True
08/08/2026,13:40,342.0,63.6,4,0.0,2026-08-08 13:40:00,Wolfe Rd,400499,13,Saturday,True
08/08/2026,13:45,333.0,64.2,4,0.0,2026-08-08 13:45:00,Wolfe Rd,400499,13,Saturday,True
08/08/2026,13:50,333.0,63.9,4,0.0,2026-08-08 13:50:00,Wolfe Rd,400499,13,Saturday,True
08/08/2026,13:55,368.0,63.7,4,0.0,2026-08-08 13:55:00,Wolfe Rd,400499,13,Saturday,True
08/08/2026,14:00,380.0,62.9,4,0.0,2026-08-08 14:00:00,Wolfe Rd,400499,14,Saturday,True
08/08/2026,14:05,306.0,64.0,4,0.0,2026-08-08 14:05:00,Wolfe Rd,400499,14,Saturday,True
08/08/2026,14:10,311.0,63.3,4,0.0,2026-08-08 14:10:00,Wolfe Rd,400499,14,Saturday,True
08/08/2026,14:15,349.0,62.9,4,0.0,2026-08-08 14:15:00,Wolfe Rd,400499,14,Saturday,True
08/08/2026,14:20,316.0,62.5,4,0.0,2026-08-08 14:20:00,Wolfe Rd,400499,14,Saturday,True
08/08/2026,14:25,321.0,63.6,4,0.0,2026-08-08 14:25:00,Wolfe Rd,400499,14,Saturday,True
08/08/2026,14:30,337.0,62.9,4,0.0,2026-08-08 14:30:00,Wolfe Rd,400499,14,Saturday,True
08/08/2026,14:35,314.0,63.6,4,0.0,2026-08-08 14:35:00,Wolfe Rd,400499,14,Saturday,True
08/08/2026,14:40,270.0,62.7,4,0.0,2026-08-08 14:40:00,Wolfe Rd,400499,14,Saturday,True
08/08/2026,14:45,358.0,63.3,4,0.0,2026-08-08 14:45:00,Wolfe Rd,400499,14,Saturday,True
08/08/2026,14:50,384.0,63.8,4,0.0,2026-08-08 14:50:00,Wolfe Rd,400499,14,Saturday,True
08/08/2026,14:55,372.0,63.2,4,0.0,2026-08-08 14:55:00,Wolfe Rd,400499,14,Saturday,True
08/08/2026,15:00,349.0,63.5,4,0.0,2026-08-08 15:00:00,Wolfe Rd,400499,15,Saturday,True
08/08/2026,15:05,282.0,63.4,4,0.0,2026-08-08 15:05:00,Wolfe Rd,400499,15,Saturday,True
08/08/2026,15:10,318.0,64.1,4,0.0,2026-08-08 15:10:00,Wolfe Rd,400499,15,Saturday,True
08/08/2026,15:15,318.0,64.1,4,0.0,2026-08-08 15:15:00,Wolfe Rd,400499,15,Saturday,True
08/08/2026,15:20,412.0,63.9,4,0.0,2026-08-08 15:20:00,Wolfe Rd,400499,15,Saturday,True
08/08/2026,15:25,318.0,64.1,4,0.0,2026-08-08 15:25:00,Wolfe Rd,400499,15,Saturday,True
08/08/2026,15:30,272.0,65.2,4,0.0,2026-08-08 15:30:00,Wolfe Rd,400499,15,Saturday,True
08/08/2026,15:35,349.0,64.8,4,0.0,2026-08-08 15:35:00,Wolfe Rd,400499,15,Saturday,True
08/08/2026,15:40,274.0,64.8,4,0.0,2026-08-08 15:40:00,Wolfe Rd,400499,15,Saturday,True
08/08/2026,15:45,314.0,64.6,4,0.0,2026-08-08 15:45:00,Wolfe Rd,400499,15,Saturday,True
08/08/2026,15:50,349.0,65.1,4,0.0,2026-08-08 15:50:00,Wolfe Rd,400499,15,Saturday,True
08/08/2026,15:55,354.0,65.0,4,0.0,2026-08-08 15:55:00,Wolfe Rd,400499,15,Saturday,True
08/08/2026,16:00,329.0,65.1,4,0.0,2026-08-08 16:00:00,Wolfe Rd,400499,16,Saturday,True
08/08/2026,16:05,282.0,64.9,4,0.0,2026-08-08 16:05:00,Wolfe Rd,400499,16,Saturday,True
08/08/2026,16:10,314.0,64.5,4,0.0,2026-08-08 16:10:00,Wolfe Rd,400499,16,Saturday,True
08/08/2026,16:15,384.0,64.8,4,0.0,2026-08-08 16:15:00,Wolfe Rd,400499,16,Saturday,True
08/08/2026,16:20,333.0,64.5,4,0.0,2026-08-08 16:20:00,Wolfe Rd,400499,16,Saturday,True
08/08/2026,16:25,321.0,64.6,4,0.0,2026-08-08 16:25:00,Wolfe Rd,400499,16,Saturday,True
08/08/2026,16:30,337.0,64.8,4,0.0,2026-08-08 16:30:00,Wolfe Rd,400499,16,Saturday,True
08/08/2026,16:35,307.0,64.8,4,0.0,2026-08-08 16:35:00,Wolfe Rd,400499,16,Saturday,True
08/08/2026,16:40,372.0,64.6,4,0.0,2026-08-08 16:40:00,Wolfe Rd,400499,16,Saturday,True
08/08/2026,16:45,415.0,64.3,4,0.0,2026-08-08 16:45:00,Wolfe Rd,400499,16,Saturday,True
08/08/2026,16:50,372.0,63.8,4,0.0,2026-08-08 16:50:00,Wolfe Rd,400499,16,Saturday,True
08/08/2026,16:55,329.0,64.0,4,0.0,2026-08-08 16:55:00,Wolfe Rd,400499,16,Saturday,True
08/08/2026,17:00,389.0,64.5,4,0.0,2026-08-08 17:00:00,Wolfe Rd,400499,17,Saturday,True
08/08/2026,17:05,361.0,63.9,4,0.0,2026-08-08 17:05:00,Wolfe Rd,400499,17,Saturday,True
08/08/2026,17:10,376.0,63.7,4,0.0,2026-08-08 17:10:00,Wolfe Rd,400499,17,Saturday,True
08/08/2026,17:15,264.0,63.5,4,0.0,2026-08-08 17:15:00,Wolfe Rd,400499,17,Saturday,True
08/08/2026,17:20,311.0,63.6,4,0.0,2026-08-08 17:20:00,Wolfe Rd,400499,17,Saturday,True
08/08/2026,17:25,239.0,64.1,4,0.0,2026-08-08 17:25:00,Wolfe Rd,400499,17,Saturday,True
08/08/2026,17:30,384.0,65.2,4,0.0,2026-08-08 17:30:00,Wolfe Rd,400499,17,Saturday,True
08/08/2026,17:35,272.0,65.0,4,0.0,2026-08-08 17:35:00,Wolfe Rd,400499,17,Saturday,True
08/08/2026,17:40,384.0,64.7,4,0.0,2026-08-08 17:40:00,Wolfe Rd,400499,17,Saturday,True
08/08/2026,17:45,318.0,64.9,4,0.0,2026-08-08 17:45:00,Wolfe Rd,400499,17,Saturday,True
08/08/2026,17:50,318.0,64.2,4,0.0,2026-08-08 17:50:00,Wolfe Rd,400499,17,Saturday,True
08/08/2026,17:55,333.0,64.5,4,0.0,2026-08-08 17:55:00,Wolfe Rd,400499,17,Saturday,True
08/08/2026,18:00,286.0,64.6,4,0.0,2026-08-08 18:00:00,Wolfe Rd,400499,18,Saturday,True
08/08/2026,18:05,342.0,64.8,4,0.0,2026-08-08 18:05:00,Wolfe Rd,400499,18,Saturday,True
08/08/2026,18:10,337.0,65.4,4,0.0,2026-08-08 18:10:00,Wolfe Rd,400499,18,Saturday,True
08/08/2026,18:15,321.0,65.2,4,0.0,2026-08-08 18:15:00,Wolfe Rd,400499,18,Saturday,True
08/08/2026,18:20,311.0,65.4,4,0.0,2026-08-08 18:20:00,Wolfe Rd,400499,18,Saturday,True
08/08/2026,18:25,337.0,65.3,4,0.0,2026-08-08 18:25:00,Wolfe Rd,400499,18,Saturday,True
08/08/2026,18:30,337.0,64.9,4,0.0,2026-08-08 18:30:00,Wolfe Rd,400499,18,Saturday,True
08/08/2026,18:35,282.0,66.4,4,0.0,2026-08-08 18:35:00,Wolfe Rd,400499,18,Saturday,True
08/08/2026,18:40,325.0,65.7,4,0.0,2026-08-08 18:40:00,Wolfe Rd,400499,18,Saturday,True
08/08/2026,18:45,311.0,65.3,4,0.0,2026-08-08 18:45:00,Wolfe Rd,400499,18,Saturday,True
08/08/2026,18:50,372.0,65.6,4,0.0,2026-08-08 18:50:00,Wolfe Rd,400499,18,Saturday,True
08/08/2026,18:55,295.0,65.4,4,0.0,2026-08-08 18:55:00,Wolfe Rd,400499,18,Saturday,True
08/08/2026,19:00,270.0,65.3,4,0.0,2026-08-08 19:00:00,Wolfe Rd,400499,19,Saturday,True
08/08/2026,19:05,302.0,65.6,4,0.0,2026-08-08 19:05:00,Wolfe Rd,400499,19,Saturday,True
08/08/2026,19:10,365.0,64.9,4,0.0,2026-08-08 19:10:00,Wolfe Rd,400499,19,Saturday,True
08/08/2026,19:15,337.0,65.0,4,0.0,2026-08-08 19:15:00,Wolfe Rd,400499,19,Saturday,True
08/08/2026,19:20,311.0,64.8,4,0.0,2026-08-08 19:20:00,Wolfe Rd,400499,19,Saturday,True
08/08/2026,19:25,333.0,65.2,4,0.0,2026-08-08 19:25:00,Wolfe Rd,400499,19,Saturday,True
08/08/2026,19:30,368.0,64.1,4,0.0,2026-08-08 19:30:00,Wolfe Rd,400499,19,Saturday,True
08/08/2026,19:35,274.0,64.2,4,0.0,2026-08-08 19:35:00,Wolfe Rd,400499,19,Saturday,True
08/08/2026,19:40,302.0,65.1,4,0.0,2026-08-08 19:40:00,Wolfe Rd,400499,19,Saturday,True
08/08/2026,19:45,321.0,64.5,4,0.0,2026-08-08 19:45:00,Wolfe Rd,400499,19,Saturday,True
08/08/2026,19:50,247.0,65.3,4,0.0,2026-08-08 19:50:00,Wolfe Rd,400499,19,Saturday,True
08/08/2026,19:55,239.0,65.4,4,0.0,2026-08-08 19:55:00,Wolfe Rd,400499,19,Saturday,True
08/08/2026,20:00,207.0,66.1,4,0.0,2026-08-08 20:00:00,Wolfe Rd,400499,20,Saturday,True
08/08/2026,20:05,233.0,66.1,4,0.0,2026-08-08 20:05:00,Wolfe Rd,400499,20,Saturday,True
08/08/2026,20:10,217.0,66.2,4,0.0,2026-08-08 20:10:00,Wolfe Rd,400499,20,Saturday,True
08/08/2026,20:15,256.0,65.8,4,0.0,2026-08-08 20:15:00,Wolfe Rd,400499,20,Saturday,True
08/08/2026,20:20,290.0,66.1,4,0.0,2026-08-08 20:20:00,Wolfe Rd,400499,20,Saturday,True
08/08/2026,20:25,217.0,65.6,4,0.0,2026-08-08 20:25:00,Wolfe Rd,400499,20,Saturday,True
08/08/2026,20:30,221.0,65.6,4,0.0,2026-08-08 20:30:00,Wolfe Rd,400499,20,Saturday,True
08/08/2026,20:35,223.0,65.8,4,0.0,2026-08-08 20:35:00,Wolfe Rd,400499,20,Saturday,True
08/08/2026,20:40,243.0,65.0,4,0.0,2026-08-08 20:40:00,Wolfe Rd,400499,20,Saturday,True
08/08/2026,20:45,194.0,64.8,4,0.0,2026-08-08 20:45:00,Wolfe Rd,400499,20,Saturday,True
08/08/2026,20:50,282.0,63.9,4,0.0,2026-08-08 20:50:00,Wolfe Rd,400499,20,Saturday,True
08/08/2026,20:55,247.0,64.6,4,0.0,2026-08-08 20:55:00,Wolfe Rd,400499,20,Saturday,True
08/08/2026,21:00,242.0,64.8,4,0.0,2026-08-08 21:00:00,Wolfe Rd,400499,21,Saturday,True
08/08/2026,21:05,220.0,65.3,4,0.0,2026-08-08 21:05:00,Wolfe Rd,400499,21,Saturday,True
08/08/2026,21:10,215.0,65.4,4,0.0,2026-08-08 21:10:00,Wolfe Rd,400499,21,Saturday,True
08/08/2026,21:15,217.0,65.1,4,0.0,2026-08-08 21:15:00,Wolfe Rd,400499,21,Saturday,True
08/08/2026,21:20,274.0,65.1,4,0.0,2026-08-08 21:20:00,Wolfe Rd,400499,21,Saturday,True
08/08/2026,21:25,243.0,64.9,4,0.0,2026-08-08 21:25:00,Wolfe Rd,400499,21,Saturday,True
08/08/2026,21:30,220.0,65.3,4,0.0,2026-08-08 21:30:00,Wolfe Rd,400499,21,Saturday,True
08/08/2026,21:35,235.0,65.3,4,0.0,2026-08-08 21:35:00,Wolfe Rd,400499,21,Saturday,True
08/08/2026,21:40,217.0,65.7,4,0.0,2026-08-08 21:40:00,Wolfe Rd,400499,21,Saturday,True
08/08/2026,21:45,232.0,66.2,4,0.0,2026-08-08 21:45:00,Wolfe Rd,400499,21,Saturday,True
08/08/2026,21:50,243.0,66.3,4,0.0,2026-08-08 21:50:00,Wolfe Rd,400499,21,Saturday,True
08/08/2026,21:55,177.0,66.6,4,0.0,2026-08-08 21:55:00,Wolfe Rd,400499,21,Saturday,True
08/08/2026,22:00,223.0,66.0,4,0.0,2026-08-08 22:00:00,Wolfe Rd,400499,22,Saturday,True
08/08/2026,22:05,188.0,65.8,4,0.0,2026-08-08 22:05:00,Wolfe Rd,400499,22,Saturday,True
08/08/2026,22:10,171.0,65.8,4,0.0,2026-08-08 22:10:00,Wolfe Rd,400499,22,Saturday,True
08/08/2026,22:15,166.0,65.2,4,0.0,2026-08-08 22:15:00,Wolfe Rd,400499,22,Saturday,True
08/08/2026,22:20,194.0,65.3,4,0.0,2026-08-08 22:20:00,Wolfe Rd,400499,22,Saturday,True
08/08/2026,22:25,170.0,65.7,4,0.0,2026-08-08 22:25:00,Wolfe Rd,400499,22,Saturday,True
08/08/2026,22:30,155.0,66.0,4,0.0,2026-08-08 22:30:00,Wolfe Rd,400499,22,Saturday,True
08/08/2026,22:35,142.0,65.4,4,0.0,2026-08-08 22:35:00,Wolfe Rd,400499,22,Saturday,True
08/08/2026,22:40,143.0,66.2,4,0.0,2026-08-08 22:40:00,Wolfe Rd,400499,22,Saturday,True
08/08/2026,22:45,147.0,65.7,4,0.0,2026-08-08 22:45:00,Wolfe Rd,400499,22,Saturday,True
08/08/2026,22:50,161.0,66.4,4,0.0,2026-08-08 22:50:00,Wolfe Rd,400499,22,Saturday,True
08/08/2026,22:55,134.0,66.2,4,0.0,2026-08-08 22:55:00,Wolfe Rd,400499,22,Saturday,True
08/08/2026,23:00,143.0,65.9,4,0.0,2026-08-08 23:00:00,Wolfe Rd,400499,23,Saturday,True
08/08/2026,23:05,130.0,65.7,4,0.0,2026-08-08 23:05:00,Wolfe Rd,400499,23,Saturday,True
08/08/2026,23:10,109.0,65.2,4,0.0,2026-08-08 23:10:00,Wolfe Rd,400499,23,Saturday,True
08/08/2026,23:15,107.0,65.0,4,0.0,2026-08-08 23:15:00,Wolfe Rd,400499,23,Saturday,True
08/08/2026,23:20,140.0,65.4,4,0.0,2026-08-08 23:20:00,Wolfe Rd,400499,23,Saturday,True
08/08/2026,23:25,113.0,65.3,4,0.0,2026-08-08 23:25:00,Wolfe Rd,400499,23,Saturday,True
08/08/2026,23:30,104.0,65.3,4,0.0,2026-08-08 23:30:00,Wolfe Rd,400499,23,Saturday,True
08/08/2026,23:35,94.0,65.6,4,0.0,2026-08-08 23:35:00,Wolfe Rd,400499,23,Saturday,True
08/08/2026,23:40,92.0,65.6,4,0.0,2026-08-08 23:40:00,Wolfe Rd,400499,23,Saturday,True
08/08/2026,23:45,110.0,65.5,4,0.0,2026-08-08 23:45:00,Wolfe Rd,400499,23,Saturday,True
08/08/2026,23:50,92.0,65.5,4,0.0,2026-08-08 23:50:00,Wolfe Rd,400499,23,Saturday,True
08/08/2026,23:55,63.0,65.1,4,0.0,2026-08-08 23:55:00,Wolfe Rd,400499,23,Saturday,True
08/09/2026,00:00,74.0,65.1,4,0.0,2026-08-09 00:00:00,Wolfe Rd,400499,0,Sunday,True
08/09/2026,00:05,86.0,65.5,4,0.0,2026-08-09 00:05:00,Wolfe Rd,400499,0,Sunday,True
08/09/2026,00:10,100.0,65.3,4,0.0,2026-08-09 00:10:00,Wolfe Rd,400499,0,Sunday,True
08/09/2026,00:15,124.0,66.2,4,0.0,2026-08-09 00:15:00,Wolfe Rd,400499,0,Sunday,True
08/09/2026,00:20,82.0,66.2,4,0.0,2026-08-09 00:20:00,Wolfe Rd,400499,0,Sunday,True
08/09/2026,00:25,86.0,65.4,4,0.0,2026-08-09 00:25:00,Wolfe Rd,400499,0,Sunday,True
08/09/2026,00:30,60.0,65.9,4,0.0,2026-08-09 00:30:00,Wolfe Rd,400499,0,Sunday,True
08/09/2026,00:35,68.0,65.2,4,0.0,2026-08-09 00:35:00,Wolfe Rd,400499,0,Sunday,True
08/09/2026,00:40,63.0,65.4,4,0.0,2026-08-09 00:40:00,Wolfe Rd,400499,0,Sunday,True
08/09/2026,00:45,62.0,65.3,4,0.0,2026-08-09 00:45:00,Wolfe Rd,400499,0,Sunday,True
08/09/2026,00:50,62.0,64.7,4,0.0,2026-08-09 00:50:00,Wolfe Rd,400499,0,Sunday,True
08/09/2026,00:55,63.0,65.1,4,0.0,2026-08-09 00:55:00,Wolfe Rd,400499,0,Sunday,True
08/09/2026,01:00,81.0,65.6,4,0.0,2026-08-09 01:00:00,Wolfe Rd,400499,1,Sunday,True
08/09/2026,01:05,52.0,65.3,4,0.0,2026-08-09 01:05:00,Wolfe Rd,400499,1,Sunday,True
08/09/2026,01:10,51.0,65.1,4,0.0,2026-08-09 01:10:00,Wolfe Rd,400499,1,Sunday,True
08/09/2026,01:15,59.0,65.2,4,0.0,2026-08-09 01:15:00,Wolfe Rd,400499,1,Sunday,True
08/09/2026,01:20,59.0,64.5,4,0.0,2026-08-09 01:20:00,Wolfe Rd,400499,1,Sunday,True
08/09/2026,01:25,52.0,65.5,4,0.0,2026-08-09 01:25:00,Wolfe Rd,400499,1,Sunday,True
08/09/2026,01:30,46.0,64.6,4,0.0,2026-08-09 01:30:00,Wolfe Rd,400499,1,Sunday,True
08/09/2026,01:35,56.0,64.9,4,0.0,2026-08-09 01:35:00,Wolfe Rd,400499,1,Sunday,True
08/09/2026,01:40,51.0,64.5,4,0.0,2026-08-09 01:40:00,Wolfe Rd,400499,1,Sunday,True
08/09/2026,01:45,51.0,65.1,4,0.0,2026-08-09 01:45:00,Wolfe Rd,400499,1,Sunday,True
08/09/2026,01:50,58.0,65.3,4,0.0,2026-08-09 01:50:00,Wolfe Rd,400499,1,Sunday,True
08/09/2026,01:55,55.0,65.2,4,0.0,2026-08-09 01:55:00,Wolfe Rd,400499,1,Sunday,True
08/09/2026,02:00,53.0,65.5,4,0.0,2026-08-09 02:00:00,Wolfe Rd,400499,2,Sunday,True
08/09/2026,02:05,48.0,64.5,4,0.0,2026-08-09 02:05:00,Wolfe Rd,400499,2,Sunday,True
08/09/2026,02:10,57.0,65.4,4,0.0,2026-08-09 02:10:00,Wolfe Rd,400499,2,Sunday,True
08/09/2026,02:15,47.0,64.7,4,0.0,2026-08-09 02:15:00,Wolfe Rd,400499,2,Sunday,True
08/09/2026,02:20,50.0,65.4,4,0.0,2026-08-09 02:20:00,Wolfe Rd,400499,2,Sunday,True
08/09/2026,02:25,47.0,65.4,4,0.0,2026-08-09 02:25:00,Wolfe Rd,400499,2,Sunday,True
08/09/2026,02:30,65.0,64.8,4,0.0,2026-08-09 02:30:00,Wolfe Rd,400499,2,Sunday,True
08/09/2026,02:35,54.0,64.8,4,0.0,2026-08-09 02:35:00,Wolfe Rd,400499,2,Sunday,True
08/09/2026,02:40,64.0,64.6,4,0.0,2026-08-09 02:40:00,Wolfe Rd,400499,2,Sunday,True
08/09/2026,02:45,61.0,65.4,4,0.0,2026-08-09 02:45:00,Wolfe Rd,400499,2,Sunday,True
08/09/2026,02:50,53.0,64.8,4,0.0,2026-08-09 02:50:00,Wolfe Rd,400499,2,Sunday,True
08/09/2026,02:55,54.0,65.8,4,0.0,2026-08-09 02:55:00,Wolfe Rd,400499,2,Sunday,True
08/09/2026,03:00,55.0,64.6,4,0.0,2026-08-09 03:00:00,Wolfe Rd,400499,3,Sunday,True
08/09/2026,03:05,68.0,64.8,4,0.0,2026-08-09 03:05:00,Wolfe Rd,400499,3,Sunday,True
08/09/2026,03:10,49.0,65.7,4,0.0,2026-08-09 03:10:00,Wolfe Rd,400499,3,Sunday,True
08/09/2026,03:15,43.0,65.3,4,0.0,2026-08-09 03:15:00,Wolfe Rd,400499,3,Sunday,True
08/09/2026,03:20,54.0,64.2,4,0.0,2026-08-09 03:20:00,Wolfe Rd,400499,3,Sunday,True
08/09/2026,03:25,56.0,64.8,4,0.0,2026-08-09 03:25:00,Wolfe Rd,400499,3,Sunday,True
08/09/2026,03:30,44.0,64.3,4,0.0,2026-08-09 03:30:00,Wolfe Rd,400499,3,Sunday,True
08/09/2026,03:35,40.0,64.9,4,0.0,2026-08-09 03:35:00,Wolfe Rd,400499,3,Sunday,True
08/09/2026,03:40,55.0,64.9,4,0.0,2026-08-09 03:40:00,Wolfe Rd,400499,3,Sunday,True
08/09/2026,03:45,46.0,65.3,4,0.0,2026-08-09 03:45:00,Wolfe Rd,400499,3,Sunday,True
08/09/2026,03:50,49.0,65.8,4,0.0,2026-08-09 03:50:00,Wolfe Rd,400499,3,Sunday,True
08/09/2026,03:55,53.0,64.8,4,0.0,2026-08-09 03:55:00,Wolfe Rd,400499,3,Sunday,True
08/09/2026,04:00,47.0,65.5,4,0.0,2026-08-09 04:00:00,Wolfe Rd,400499,4,Sunday,True
08/09/2026,04:05,42.0,65.8,4,0.0,2026-08-09 04:05:00,Wolfe Rd,400499,4,Sunday,True
08/09/2026,04:10,36.0,64.7,4,0.0,2026-08-09 04:10:00,Wolfe Rd,400499,4,Sunday,True
08/09/2026,04:15,56.0,65.2,4,0.0,2026-08-09 04:15:00,Wolfe Rd,400499,4,Sunday,True
08/09/2026,04:20,48.0,64.3,4,0.0,2026-08-09 04:20:00,Wolfe Rd,400499,4,Sunday,True
08/09/2026,04:25,49.0,65.4,4,0.0,2026-08-09 04:25:00,Wolfe Rd,400499,4,Sunday,True
08/09/2026,04:30,42.0,65.6,4,0.0,2026-08-09 04:30:00,Wolfe Rd,400499,4,Sunday,True
08/09/2026,04:35,37.0,65.4,4,0.0,2026-08-09 04:35:00,Wolfe Rd,400499,4,Sunday,True
08/09/2026,04:40,48.0,64.4,4,0.0,2026-08-09 04:40:00,Wolfe Rd,400499,4,Sunday,True
08/09/2026,04:45,40.0,66.2,4,0.0,2026-08-09 04:45:00,Wolfe Rd,400499,4,Sunday,True
08/09/2026,04:50,40.0,64.2,4,0.0,2026-08-09 04:50:00,Wolfe Rd,400499,4,Sunday,True
08/09/2026,04:55,43.0,64.7,4,0.0,2026-08-09 04:55:00,Wolfe Rd,400499,4,Sunday,True
08/09/2026,05:00,43.0,65.2,4,0.0,2026-08-09 05:00:00,Wolfe Rd,400499,5,Sunday,True
08/09/2026,05:05,61.0,64.8,4,0.0,2026-08-09 05:05:00,Wolfe Rd,400499,5,Sunday,True
08/09/2026,05:10,41.0,64.5,4,0.0,2026-08-09 05:10:00,Wolfe Rd,400499,5,Sunday,True
08/09/2026,05:15,65.0,65.2,4,0.0,2026-08-09 05:15:00,Wolfe Rd,400499,5,Sunday,True
08/09/2026,05:20,46.0,64.9,4,0.0,2026-08-09 05:20:00,Wolfe Rd,400499,5,Sunday,True
08/09/2026,05:25,52.0,65.0,4,0.0,2026-08-09 05:25:00,Wolfe Rd,400499,5,Sunday,True
08/09/2026,05:30,49.0,64.9,4,0.0,2026-08-09 05:30:00,Wolfe Rd,400499,5,Sunday,True
08/09/2026,05:35,75.0,64.9,4,0.0,2026-08-09 05:35:00,Wolfe Rd,400499,5,Sunday,True
08/09/2026,05:40,77.0,65.2,4,0.0,2026-08-09 05:40:00,Wolfe Rd,400499,5,Sunday,True
08/09/2026,05:45,77.0,64.8,4,0.0,2026-08-09 05:45:00,Wolfe Rd,400499,5,Sunday,True
08/09/2026,05:50,75.0,65.6,4,0.0,2026-08-09 05:50:00,Wolfe Rd,400499,5,Sunday,True
08/09/2026,05:55,79.0,65.7,4,0.0,2026-08-09 05:55:00,Wolfe Rd,400499,5,Sunday,True
08/09/2026,06:00,71.0,65.3,4,0.0,2026-08-09 06:00:00,Wolfe Rd,400499,6,Sunday,True
08/09/2026,06:05,62.0,65.2,4,0.0,2026-08-09 06:05:00,Wolfe Rd,400499,6,Sunday,True
08/09/2026,06:10,88.0,65.8,4,0.0,2026-08-09 06:10:00,Wolfe Rd,400499,6,Sunday,True
08/09/2026,06:15,85.0,66.1,4,0.0,2026-08-09 06:15:00,Wolfe Rd,400499,6,Sunday,True
08/09/2026,06:20,105.0,66.1,4,0.0,2026-08-09 06:20:00,Wolfe Rd,400499,6,Sunday,True
08/09/2026,06:25,127.0,65.7,4,0.0,2026-08-09 06:25:00,Wolfe Rd,400499,6,Sunday,True
08/09/2026,06:30,95.0,65.1,4,0.0,2026-08-09 06:30:00,Wolfe Rd,400499,6,Sunday,True
08/09/2026,06:35,88.0,65.2,4,0.0,2026-08-09 06:35:00,Wolfe Rd,400499,6,Sunday,True
08/09/2026,06:40,107.0,65.7,4,0.0,2026-08-09 06:40:00,Wolfe Rd,400499,6,Sunday,True
08/09/2026,06:45,77.0,65.3,4,0.0,2026-08-09 06:45:00,Wolfe Rd,400499,6,Sunday,True
08/09/2026,06:50,114.0,65.9,4,0.0,2026-08-09 06:50:00,Wolfe Rd,400499,6,Sunday,True
08/09/2026,06:55,134.0,65.9,4,0.0,2026-08-09 06:55:00,Wolfe Rd,400499,6,Sunday,True
08/09/2026,07:00,87.0,65.6,4,0.0,2026-08-09 07:00:00,Wolfe Rd,400499,7,Sunday,True
08/09/2026,07:05,107.0,65.5,4,0.0,2026-08-09 07:05:00,Wolfe Rd,400499,7,Sunday,True
08/09/2026,07:10,88.0,65.3,4,0.0,2026-08-09 07:10:00,Wolfe Rd,400499,7,Sunday,True
08/09/2026,07:15,122.0,65.4,4,0.0,2026-08-09 07:15:00,Wolfe Rd,400499,7,Sunday,True
08/09/2026,07:20,97.0,65.2,4,0.0,2026-08-09 07:20:00,Wolfe Rd,400499,7,Sunday,True
08/09/2026,07:25,97.0,65.3,4,0.0,2026-08-09 07:25:00,Wolfe Rd,400499,7,Sunday,True
08/09/2026,07:30,107.0,64.4,4,0.0,2026-08-09 07:30:00,Wolfe Rd,400499,7,Sunday,True
08/09/2026,07:35,113.0,65.4,4,0.0,2026-08-09 07:35:00,Wolfe Rd,400499,7,Sunday,True
08/09/2026,07:40,107.0,64.4,4,0.0,2026-08-09 07:40:00,Wolfe Rd,400499,7,Sunday,True
08/09/2026,07:45,140.0,64.3,4,0.0,2026-08-09 07:45:00,Wolfe Rd,400499,7,Sunday,True
08/09/2026,07:50,144.0,65.6,4,0.0,2026-08-09 07:50:00,Wolfe Rd,400499,7,Sunday,True
08/09/2026,07:55,152.0,64.8,4,0.0,2026-08-09 07:55:00,Wolfe Rd,400499,7,Sunday,True
08/09/2026,08:00,109.0,64.7,4,0.0,2026-08-09 08:00:00,Wolfe Rd,400499,8,Sunday,True
08/09/2026,08:05,127.0,65.0,4,0.0,2026-08-09 08:05:00,Wolfe Rd,400499,8,Sunday,True
08/09/2026,08:10,122.0,65.1,4,0.0,2026-08-09 08:10:00,Wolfe Rd,400499,8,Sunday,True
08/09/2026,08:15,130.0,65.6,4,0.0,2026-08-09 08:15:00,Wolfe Rd,400499,8,Sunday,True
08/09/2026,08:20,149.0,65.6,4,0.0,2026-08-09 08:20:00,Wolfe Rd,400499,8,Sunday,True
08/09/2026,08:25,164.0,66.3,4,0.0,2026-08-09 08:25:00,Wolfe Rd,400499,8,Sunday,True
08/09/2026,08:30,152.0,65.2,4,0.0,2026-08-09 08:30:00,Wolfe Rd,400499,8,Sunday,True
08/09/2026,08:35,149.0,65.3,4,0.0,2026-08-09 08:35:00,Wolfe Rd,400499,8,Sunday,True
08/09/2026,08:40,190.0,66.2,4,0.0,2026-08-09 08:40:00,Wolfe Rd,400499,8,Sunday,True
08/09/2026,08:45,207.0,65.9,4,0.0,2026-08-09 08:45:00,Wolfe Rd,400499,8,Sunday,True
08/09/2026,08:50,208.0,65.7,4,0.0,2026-08-09 08:50:00,Wolfe Rd,400499,8,Sunday,True
08/09/2026,08:55,173.0,65.5,4,0.0,2026-08-09 08:55:00,Wolfe Rd,400499,8,Sunday,True
08/09/2026,09:00,204.0,65.4,4,0.0,2026-08-09 09:00:00,Wolfe Rd,400499,9,Sunday,True
08/09/2026,09:05,176.0,65.5,4,0.0,2026-08-09 09:05:00,Wolfe Rd,400499,9,Sunday,True
08/09/2026,09:10,213.0,65.6,4,0.0,2026-08-09 09:10:00,Wolfe Rd,400499,9,Sunday,True
08/09/2026,09:15,208.0,65.9,4,0.0,2026-08-09 09:15:00,Wolfe Rd,400499,9,Sunday,True
08/09/2026,09:20,223.0,66.4,4,0.0,2026-08-09 09:20:00,Wolfe Rd,400499,9,Sunday,True
08/09/2026,09:25,213.0,66.5,4,0.0,2026-08-09 09:25:00,Wolfe Rd,400499,9,Sunday,True
08/09/2026,09:30,239.0,66.5,4,0.0,2026-08-09 09:30:00,Wolfe Rd,400499,9,Sunday,True
08/09/2026,09:35,224.0,65.4,4,0.0,2026-08-09 09:35:00,Wolfe Rd,400499,9,Sunday,True
08/09/2026,09:40,255.0,66.1,4,0.0,2026-08-09 09:40:00,Wolfe Rd,400499,9,Sunday,True
08/09/2026,09:45,236.0,65.1,4,0.0,2026-08-09 09:45:00,Wolfe Rd,400499,9,Sunday,True
08/09/2026,09:50,269.0,65.4,4,0.0,2026-08-09 09:50:00,Wolfe Rd,400499,9,Sunday,True
08/09/2026,09:55,282.0,65.7,4,0.0,2026-08-09 09:55:00,Wolfe Rd,400499,9,Sunday,True
08/09/2026,10:00,270.0,65.2,4,0.0,2026-08-09 10:00:00,Wolfe Rd,400499,10,Sunday,True
08/09/2026,10:05,251.0,64.8,4,0.0,2026-08-09 10:05:00,Wolfe Rd,400499,10,Sunday,True
08/09/2026,10:10,243.0,64.3,4,0.0,2026-08-09 10:10:00,Wolfe Rd,400499,10,Sunday,True
08/09/2026,10:15,259.0,64.5,4,0.0,2026-08-09 10:15:00,Wolfe Rd,400499,10,Sunday,True
08/09/2026,10:20,282.0,63.7,4,0.0,2026-08-09 10:20:00,Wolfe Rd,400499,10,Sunday,True
08/09/2026,10:25,270.0,64.2,4,0.0,2026-08-09 10:25:00,Wolfe Rd,400499,10,Sunday,True
08/09/2026,10:30,239.0,63.9,4,0.0,2026-08-09 10:30:00,Wolfe Rd,400499,10,Sunday,True
08/09/2026,10:35,264.0,64.2,4,0.0,2026-08-09 10:35:00,Wolfe Rd,400499,10,Sunday,True
08/09/2026,10:40,329.0,63.9,4,0.0,2026-08-09 10:40:00,Wolfe Rd,400499,10,Sunday,True
08/09/2026,10:45,318.0,63.9,4,0.0,2026-08-09 10:45:00,Wolfe Rd,400499,10,Sunday,True
08/09/2026,10:50,380.0,63.4,4,0.0,2026-08-09 10:50:00,Wolfe Rd,400499,10,Sunday,True
08/09/2026,10:55,278.0,63.9,4,0.0,2026-08-09 10:55:00,Wolfe Rd,400499,10,Sunday,True
08/09/2026,11:00,259.0,64.0,4,0.0,2026-08-09 11:00:00,Wolfe Rd,400499,11,Sunday,True
08/09/2026,11:05,284.0,63.6,4,0.0,2026-08-09 11:05:00,Wolfe Rd,400499,11,Sunday,True
08/09/2026,11:10,329.0,63.8,4,0.0,2026-08-09 11:10:00,Wolfe Rd,400499,11,Sunday,True
08/09/2026,11:15,375.0,64.0,4,0.0,2026-08-09 11:15:00,Wolfe Rd,400499,11,Sunday,True
08/09/2026,11:20,386.0,63.7,4,0.0,2026-08-09 11:20:00,Wolfe Rd,400499,11,Sunday,True
08/09/2026,11:25,349.0,63.9,4,0.0,2026-08-09 11:25:00,Wolfe Rd,400499,11,Sunday,True
08/09/2026,11:30,290.0,63.9,4,0.0,2026-08-09 11:30:00,Wolfe Rd,400499,11,Sunday,True
08/09/2026,11:35,302.0,63.8,4,0.0,2026-08-09 11:35:00,Wolfe Rd,400499,11,Sunday,True
08/09/2026,11:40,311.0,63.1,4,0.0,2026-08-09 11:40:00,Wolfe Rd,400499,11,Sunday,True
08/09/2026,11:45,329.0,63.9,4,0.0,2026-08-09 11:45:00,Wolfe Rd,400499,11,Sunday,True
08/09/2026,11:50,384.0,63.4,4,0.0,2026-08-09 11:50:00,Wolfe Rd,400499,11,Sunday,True
08/09/2026,11:55,404.0,63.7,4,0.0,2026-08-09 11:55:00,Wolfe Rd,400499,11,Sunday,True
08/09/2026,12:00,333.0,63.0,4,0.0,2026-08-09 12:00:00,Wolfe Rd,400499,12,Sunday,True
08/09/2026,12:05,333.0,63.2,4,0.0,2026-08-09 12:05:00,Wolfe Rd,400499,12,Sunday,True
08/09/2026,12:10,329.0,63.1,4,0.0,2026-08-09 12:10:00,Wolfe Rd,400499,12,Sunday,True
08/09/2026,12:15,260.0,64.1,4,0.0,2026-08-09 12:15:00,Wolfe Rd,400499,12,Sunday,True
08/09/2026,12:20,306.0,63.6,4,0.0,2026-08-09 12:20:00,Wolfe Rd,400499,12,Sunday,True
08/09/2026,12:25,298.0,64.0,4,0.0,2026-08-09 12:25:00,Wolfe Rd,400499,12,Sunday,True
08/09/2026,12:30,312.0,63.3,4,0.0,2026-08-09 12:30:00,Wolfe Rd,400499,12,Sunday,True
08/09/2026,12:35,342.0,63.4,4,0.0,2026-08-09 12:35:00,Wolfe Rd,400499,12,Sunday,True
08/09/2026,12:40,318.0,63.1,4,0.0,2026-08-09 12:40:00,Wolfe Rd,400499,12,Sunday,True
08/09/2026,12:45,384.0,63.2,4,0.0,2026-08-09 12:45:00,Wolfe Rd,400499,12,Sunday,True
08/09/2026,12:50,361.0,63.6,4,0.0,2026-08-09 12:50:00,Wolfe Rd,400499,12,Sunday,True
08/09/2026,12:55,380.0,63.9,4,0.0,2026-08-09 12:55:00,Wolfe Rd,400499,12,Sunday,True
08/09/2026,13:00,387.0,63.4,4,0.0,2026-08-09 13:00:00,Wolfe Rd,400499,13,Sunday,True
08/09/2026,13:05,342.0,62.4,4,0.0,2026-08-09 13:05:00,Wolfe Rd,400499,13,Sunday,True
08/09/2026,13:10,346.0,62.9,4,0.0,2026-08-09 13:10:00,Wolfe Rd,400499,13,Sunday,True
08/09/2026,13:15,333.0,63.2,4,0.0,2026-08-09 13:15:00,Wolfe Rd,400499,13,Sunday,True
08/09/2026,13:20,268.0,62.3,4,0.0,2026-08-09 13:20:00,Wolfe Rd,400499,13,Sunday,True
08/09/2026,13:25,353.0,62.6,4,0.0,2026-08-09 13:25:00,Wolfe Rd,400499,13,Sunday,True
08/09/2026,13:30,368.0,62.8,4,0.0,2026-08-09 13:30:00,Wolfe Rd,400499,13,Sunday,True
08/09/2026,13:35,311.0,62.8,4,0.0,2026-08-09 13:35:00,Wolfe Rd,400499,13,Sunday,True
08/09/2026,13:40,325.0,63.4,4,0.0,2026-08-09 13:40:00,Wolfe Rd,400499,13,Sunday,True
08/09/2026,13:45,346.0,63.2,4,0.0,2026-08-09 13:45:00,Wolfe Rd,400499,13,Sunday,True
08/09/2026,13:50,342.0,63.4,4,0.0,2026-08-09 13:50:00,Wolfe Rd,400499,13,Sunday,True
08/09/2026,13:55,295.0,63.2,4,0.0,2026-08-09 13:55:00,Wolfe Rd,400499,13,Sunday,True
08/09/2026,14:00,251.0,63.0,4,0.0,2026-08-09 14:00:00,Wolfe Rd,400499,14,Sunday,True
08/09/2026,14:05,256.0,63.6,4,0.0,2026-08-09 14:05:00,Wolfe Rd,400499,14,Sunday,True
08/09/2026,14:10,349.0,63.5,4,0.0,2026-08-09 14:10:00,Wolfe Rd,400499,14,Sunday,True
08/09/2026,14:15,263.0,63.3,4,0.0,2026-08-09 14:15:00,Wolfe Rd,400499,14,Sunday,True
08/09/2026,14:20,282.0,63.5,4,0.0,2026-08-09 14:20:00,Wolfe Rd,400499,14,Sunday,True
08/09/2026,14:25,311.0,63.4,4,0.0,2026-08-09 14:25:00,Wolfe Rd,400499,14,Sunday,True
08/09/2026,14:30,284.0,63.4,4,0.0,2026-08-09 14:30:00,Wolfe Rd,400499,14,Sunday,True
08/09/2026,14:35,329.0,63.6,4,0.0,2026-08-09 14:35:00,Wolfe Rd,400499,14,Sunday,True
08/09/2026,14:40,336.0,63.5,4,0.0,2026-08-09 14:40:00,Wolfe Rd,400499,14,Sunday,True
08/09/2026,14:45,278.0,63.3,4,0.0,2026-08-09 14:45:00,Wolfe Rd,400499,14,Sunday,True
08/09/2026,14:50,298.0,63.6,4,0.0,2026-08-09 14:50:00,Wolfe Rd,400499,14,Sunday,True
08/09/2026,14:55,302.0,63.5,4,0.0,2026-08-09 14:55:00,Wolfe Rd,400499,14,Sunday,True
08/09/2026,15:00,325.0,63.6,4,0.0,2026-08-09 15:00:00,Wolfe Rd,400499,15,Sunday,True
08/09/2026,15:05,311.0,62.9,4,0.0,2026-08-09 15:05:00,Wolfe Rd,400499,15,Sunday,True
08/09/2026,15:10,353.0,62.4,4,0.0,2026-08-09 15:10:00,Wolfe Rd,400499,15,Sunday,True
08/09/2026,15:15,296.0,62.2,4,0.0,2026-08-09 15:15:00,Wolfe Rd,400499,15,Sunday,True
08/09/2026,15:20,318.0,62.3,4,0.0,2026-08-09 15:20:00,Wolfe Rd,400499,15,Sunday,True
08/09/2026,15:25,289.0,62.6,4,0.0,2026-08-09 15:25:00,Wolfe Rd,400499,15,Sunday,True
08/09/2026,15:30,265.0,63.0,4,0.0,2026-08-09 15:30:00,Wolfe Rd,400499,15,Sunday,True
08/09/2026,15:35,332.0,62.1,4,0.0,2026-08-09 15:35:00,Wolfe Rd,400499,15,Sunday,True
08/09/2026,15:40,296.0,62.7,4,0.0,2026-08-09 15:40:00,Wolfe Rd,400499,15,Sunday,True
08/09/2026,15:45,361.0,61.8,4,0.0,2026-08-09 15:45:00,Wolfe Rd,400499,15,Sunday,True
08/09/2026,15:50,329.0,62.0,4,0.0,2026-08-09 15:50:00,Wolfe Rd,400499,15,Sunday,True
08/09/2026,15:55,259.0,61.8,4,0.0,2026-08-09 15:55:00,Wolfe Rd,400499,15,Sunday,True
08/09/2026,16:00,298.0,63.2,4,0.0,2026-08-09 16:00:00,Wolfe Rd,400499,16,Sunday,True
08/09/2026,16:05,342.0,63.5,4,0.0,2026-08-09 16:05:00,Wolfe Rd,400499,16,Sunday,True
08/09/2026,16:10,268.0,62.4,4,0.0,2026-08-09 16:10:00,Wolfe Rd,400499,16,Sunday,True
08/09/2026,16:15,333.0,63.3,4,0.0,2026-08-09 16:15:00,Wolfe Rd,400499,16,Sunday,True
08/09/2026,16:20,329.0,62.8,4,0.0,2026-08-09 16:20:00,Wolfe Rd,400499,16,Sunday,True
08/09/2026,16:25,293.0,63.1,4,0.0,2026-08-09 16:25:00,Wolfe Rd,400499,16,Sunday,True
08/09/2026,16:30,270.0,63.3,4,0.0,2026-08-09 16:30:00,Wolfe Rd,400499,16,Sunday,True
08/09/2026,16:35,295.0,63.4,4,0.0,2026-08-09 16:35:00,Wolfe Rd,400499,16,Sunday,True
08/09/2026,16:40,314.0,63.0,4,0.0,2026-08-09 16:40:00,Wolfe Rd,400499,16,Sunday,True
08/09/2026,16:45,316.0,64.1,4,0.0,2026-08-09 16:45:00,Wolfe Rd,400499,16,Sunday,True
08/09/2026,16:50,332.0,63.2,4,0.0,2026-08-09 16:50:00,Wolfe Rd,400499,16,Sunday,True
08/09/2026,16:55,349.0,63.8,4,0.0,2026-08-09 16:55:00,Wolfe Rd,400499,16,Sunday,True
08/09/2026,17:00,325.0,63.2,4,0.0,2026-08-09 17:00:00,Wolfe Rd,400499,17,Sunday,True
08/09/2026,17:05,282.0,63.1,4,0.0,2026-08-09 17:05:00,Wolfe Rd,400499,17,Sunday,True
08/09/2026,17:10,342.0,63.6,4,0.0,2026-08-09 17:10:00,Wolfe Rd,400499,17,Sunday,True
08/09/2026,17:15,306.0,63.8,4,0.0,2026-08-09 17:15:00,Wolfe Rd,400499,17,Sunday,True
08/09/2026,17:20,349.0,63.2,4,0.0,2026-08-09 17:20:00,Wolfe Rd,400499,17,Sunday,True
08/09/2026,17:25,342.0,62.7,4,0.0,2026-08-09 17:25:00,Wolfe Rd,400499,17,Sunday,True
08/09/2026,17:30,264.0,62.7,4,0.0,2026-08-09 17:30:00,Wolfe Rd,400499,17,Sunday,True
08/09/2026,17:35,314.0,63.4,4,0.0,2026-08-09 17:35:00,Wolfe Rd,400499,17,Sunday,True
08/09/2026,17:40,307.0,63.4,4,0.0,2026-08-09 17:40:00,Wolfe Rd,400499,17,Sunday,True
08/09/2026,17:45,337.0,64.1,4,0.0,2026-08-09 17:45:00,Wolfe Rd,400499,17,Sunday,True
08/09/2026,17:50,306.0,63.1,4,0.0,2026-08-09 17:50:00,Wolfe Rd,400499,17,Sunday,True
08/09/2026,17:55,329.0,63.1,4,0.0,2026-08-09 17:55:00,Wolfe Rd,400499,17,Sunday,True
08/09/2026,18:00,293.0,64.5,4,0.0,2026-08-09 18:00:00,Wolfe Rd,400499,18,Sunday,True
08/09/2026,18:05,268.0,63.9,4,0.0,2026-08-09 18:05:00,Wolfe Rd,400499,18,Sunday,True
08/09/2026,18:10,318.0,63.6,4,0.0,2026-08-09 18:10:00,Wolfe Rd,400499,18,Sunday,True
08/09/2026,18:15,298.0,63.9,4,0.0,2026-08-09 18:15:00,Wolfe Rd,400499,18,Sunday,True
08/09/2026,18:20,256.0,63.9,4,0.0,2026-08-09 18:20:00,Wolfe Rd,400499,18,Sunday,True
08/09/2026,18:25,298.0,64.4,4,0.0,2026-08-09 18:25:00,Wolfe Rd,400499,18,Sunday,True
08/09/2026,18:30,337.0,63.8,4,0.0,2026-08-09 18:30:00,Wolfe Rd,400499,18,Sunday,True
08/09/2026,18:35,278.0,64.1,4,0.0,2026-08-09 18:35:00,Wolfe Rd,400499,18,Sunday,True
08/09/2026,18:40,295.0,64.7,4,0.0,2026-08-09 18:40:00,Wolfe Rd,400499,18,Sunday,True
08/09/2026,18:45,275.0,64.5,4,0.0,2026-08-09 18:45:00,Wolfe Rd,400499,18,Sunday,True
08/09/2026,18:50,325.0,64.4,4,0.0,2026-08-09 18:50:00,Wolfe Rd,400499,18,Sunday,True
08/09/2026,18:55,298.0,64.2,4,0.0,2026-08-09 18:55:00,Wolfe Rd,400499,18,Sunday,True
08/09/2026,19:00,282.0,65.0,4,0.0,2026-08-09 19:00:00,Wolfe Rd,400499,19,Sunday,True
08/09/2026,19:05,232.0,64.0,4,0.0,2026-08-09 19:05:00,Wolfe Rd,400499,19,Sunday,True
08/09/2026,19:10,286.0,65.2,4,0.0,2026-08-09 19:10:00,Wolfe Rd,400499,19,Sunday,True
08/09/2026,19:15,282.0,65.7,4,0.0,2026-08-09 19:15:00,Wolfe Rd,400499,19,Sunday,True
08/09/2026,19:20,270.0,65.3,4,0.0,2026-08-09 19:20:00,Wolfe Rd,400499,19,Sunday,True
08/09/2026,19:25,239.0,65.6,4,0.0,2026-08-09 19:25:00,Wolfe Rd,400499,19,Sunday,True
08/09/2026,19:30,278.0,65.4,4,0.0,2026-08-09 19:30:00,Wolfe Rd,400499,19,Sunday,True
08/09/2026,19:35,232.0,65.5,4,0.0,2026-08-09 19:35:00,Wolfe Rd,400499,19,Sunday,True
08/09/2026,19:40,228.0,65.3,4,0.0,2026-08-09 19:40:00,Wolfe Rd,400499,19,Sunday,True
08/09/2026,19:45,251.0,65.2,4,0.0,2026-08-09 19:45:00,Wolfe Rd,400499,19,Sunday,True
08/09/2026,19:50,235.0,65.3,4,0.0,2026-08-09 19:50:00,Wolfe Rd,400499,19,Sunday,True
08/09/2026,19:55,235.0,65.1,4,0.0,2026-08-09 19:55:00,Wolfe Rd,400499,19,Sunday,True
08/09/2026,20:00,223.0,65.3,4,0.0,2026-08-09 20:00:00,Wolfe Rd,400499,20,Sunday,True
08/09/2026,20:05,217.0,64.7,4,0.0,2026-08-09 20:05:00,Wolfe Rd,400499,20,Sunday,True
08/09/2026,20:10,236.0,65.2,4,0.0,2026-08-09 20:10:00,Wolfe Rd,400499,20,Sunday,True
08/09/2026,20:15,224.0,65.1,4,0.0,2026-08-09 20:15:00,Wolfe Rd,400499,20,Sunday,True
08/09/2026,20:20,179.0,65.0,4,0.0,2026-08-09 20:20:00,Wolfe Rd,400499,20,Sunday,True
08/09/2026,20:25,235.0,64.6,4,0.0,2026-08-09 20:25:00,Wolfe Rd,400499,20,Sunday,True
08/09/2026,20:30,228.0,64.3,4,0.0,2026-08-09 20:30:00,Wolfe Rd,400499,20,Sunday,True
08/09/2026,20:35,203.0,64.4,4,0.0,2026-08-09 20:35:00,Wolfe Rd,400499,20,Sunday,True
08/09/2026,20:40,194.0,64.3,4,0.0,2026-08-09 20:40:00,Wolfe Rd,400499,20,Sunday,True
08/09/2026,20:45,233.0,63.9,4,0.0,2026-08-09 20:45:00,Wolfe Rd,400499,20,Sunday,True
08/09/2026,20:50,251.0,64.1,4,0.0,2026-08-09 20:50:00,Wolfe Rd,400499,20,Sunday,True
08/09/2026,20:55,208.0,64.0,4,0.0,2026-08-09 20:55:00,Wolfe Rd,400499,20,Sunday,True
08/09/2026,21:00,185.0,64.2,4,0.0,2026-08-09 21:00:00,Wolfe Rd,400499,21,Sunday,True
08/09/2026,21:05,166.0,64.3,4,0.0,2026-08-09 21:05:00,Wolfe Rd,400499,21,Sunday,True
08/09/2026,21:10,223.0,65.0,4,0.0,2026-08-09 21:10:00,Wolfe Rd,400499,21,Sunday,True
08/09/2026,21:15,192.0,64.8,4,0.0,2026-08-09 21:15:00,Wolfe Rd,400499,21,Sunday,True
08/09/2026,21:20,149.0,65.3,4,0.0,2026-08-09 21:20:00,Wolfe Rd,400499,21,Sunday,True
08/09/2026,21:25,207.0,65.4,4,0.0,2026-08-09 21:25:00,Wolfe Rd,400499,21,Sunday,True
08/09/2026,21:30,221.0,66.0,4,0.0,2026-08-09 21:30:00,Wolfe Rd,400499,21,Sunday,True
08/09/2026,21:35,188.0,65.4,4,0.0,2026-08-09 21:35:00,Wolfe Rd,400499,21,Sunday,True
08/09/2026,21:40,128.0,64.6,4,0.0,2026-08-09 21:40:00,Wolfe Rd,400499,21,Sunday,True
08/09/2026,21:45,138.0,65.9,4,0.0,2026-08-09 21:45:00,Wolfe Rd,400499,21,Sunday,True
08/09/2026,21:50,137.0,66.5,4,0.0,2026-08-09 21:50:00,Wolfe Rd,400499,21,Sunday,True
08/09/2026,21:55,161.0,66.1,4,0.0,2026-08-09 21:55:00,Wolfe Rd,400499,21,Sunday,True
08/09/2026,22:00,173.0,65.9,4,0.0,2026-08-09 22:00:00,Wolfe Rd,400499,22,Sunday,True
08/09/2026,22:05,97.0,65.8,4,0.0,2026-08-09 22:05:00,Wolfe Rd,400499,22,Sunday,True
08/09/2026,22:10,137.0,65.5,4,0.0,2026-08-09 22:10:00,Wolfe Rd,400499,22,Sunday,True
08/09/2026,22:15,137.0,65.6,4,0.0,2026-08-09 22:15:00,Wolfe Rd,400499,22,Sunday,True
08/09/2026,22:20,157.0,65.6,4,0.0,2026-08-09 22:20:00,Wolfe Rd,400499,22,Sunday,True
08/09/2026,22:25,149.0,65.0,4,0.0,2026-08-09 22:25:00,Wolfe Rd,400499,22,Sunday,True
08/09/2026,22:30,116.0,65.1,4,0.0,2026-08-09 22:30:00,Wolfe Rd,400499,22,Sunday,True
08/09/2026,22:35,122.0,65.9,4,0.0,2026-08-09 22:35:00,Wolfe Rd,400499,22,Sunday,True
08/09/2026,22:40,104.0,65.8,4,0.0,2026-08-09 22:40:00,Wolfe Rd,400499,22,Sunday,True
08/09/2026,22:45,95.0,66.2,4,0.0,2026-08-09 22:45:00,Wolfe Rd,400499,22,Sunday,True
08/09/2026,22:50,88.0,65.3,4,0.0,2026-08-09 22:50:00,Wolfe Rd,400499,22,Sunday,True
08/09/2026,22:55,87.0,65.6,4,0.0,2026-08-09 22:55:00,Wolfe Rd,400499,22,Sunday,True
08/09/2026,23:00,79.0,65.2,4,0.0,2026-08-09 23:00:00,Wolfe Rd,400499,23,Sunday,True
08/09/2026,23:05,88.0,65.2,4,0.0,2026-08-09 23:05:00,Wolfe Rd,400499,23,Sunday,True
08/09/2026,23:10,92.0,65.4,4,0.0,2026-08-09 23:10:00,Wolfe Rd,400499,23,Sunday,True
08/09/2026,23:15,68.0,66.0,4,0.0,2026-08-09 23:15:00,Wolfe Rd,400499,23,Sunday,True
08/09/2026,23:20,95.0,65.4,4,0.0,2026-08-09 23:20:00,Wolfe Rd,400499,23,Sunday,True
08/09/2026,23:25,82.0,65.5,4,0.0,2026-08-09 23:25:00,Wolfe Rd,400499,23,Sunday,True
08/09/2026,23:30,86.0,65.0,4,0.0,2026-08-09 23:30:00,Wolfe Rd,400499,23,Sunday,True
08/09/2026,23:35,100.0,65.8,4,0.0,2026-08-09 23:35:00,Wolfe Rd,400499,23,Sunday,True
08/09/2026,23:40,83.0,65.3,4,0.0,2026-08-09 23:40:00,Wolfe Rd,400499,23,Sunday,True
08/09/2026,23:45,80.0,65.8,4,0.0,2026-08-09 23:45:00,Wolfe Rd,400499,23,Sunday,True
08/09/2026,23:50,60.0,65.1,4,0.0,2026-08-09 23:50:00,Wolfe Rd,400499,23,Sunday,True
08/09/2026,23:55,76.0,65.6,4,0.0,2026-08-09 23:55:00,Wolfe Rd,400499,23,Sunday,True
08/03/2026,00:00,129.0,69.4,4,0.0,2026-08-03 00:00:00,De Anza Blvd,419057,0,Monday,False
08/03/2026,00:05,123.0,69.2,4,0.0,2026-08-03 00:05:00,De Anza Blvd,419057,0,Monday,False
08/03/2026,00:10,119.0,69.1,4,0.0,2026-08-03 00:10:00,De Anza Blvd,419057,0,Monday,False
08/03/2026,00:15,113.0,69.0,4,0.0,2026-08-03 00:15:00,De Anza Blvd,419057,0,Monday,False
08/03/2026,00:20,109.0,68.9,4,0.0,2026-08-03 00:20:00,De Anza Blvd,419057,0,Monday,False
08/03/2026,00:25,101.0,68.8,4,0.0,2026-08-03 00:25:00,De Anza Blvd,419057,0,Monday,False
08/03/2026,00:30,100.0,68.8,4,0.0,2026-08-03 00:30:00,De Anza Blvd,419057,0,Monday,False
08/03/2026,00:35,95.0,68.8,4,0.0,2026-08-03 00:35:00,De Anza Blvd,419057,0,Monday,False
08/03/2026,00:40,90.0,68.6,4,0.0,2026-08-03 00:40:00,De Anza Blvd,419057,0,Monday,False
08/03/2026,00:45,86.0,68.6,4,0.0,2026-08-03 00:45:00,De Anza Blvd,419057,0,Monday,False
08/03/2026,00:50,82.0,68.5,4,0.0,2026-08-03 00:50:00,De Anza Blvd,419057,0,Monday,False
08/03/2026,00:55,79.0,68.6,4,0.0,2026-08-03 00:55:00,De Anza Blvd,419057,0,Monday,False
08/03/2026,01:00,75.0,68.8,4,0.0,2026-08-03 01:00:00,De Anza Blvd,419057,1,Monday,False
08/03/2026,01:05,72.0,68.7,4,0.0,2026-08-03 01:05:00,De Anza Blvd,419057,1,Monday,False
08/03/2026,01:10,70.0,68.8,4,0.0,2026-08-03 01:10:00,De Anza Blvd,419057,1,Monday,False
08/03/2026,01:15,68.0,68.6,4,0.0,2026-08-03 01:15:00,De Anza Blvd,419057,1,Monday,False
08/03/2026,01:20,65.0,68.8,4,0.0,2026-08-03 01:20:00,De Anza Blvd,419057,1,Monday,False
08/03/2026,01:25,63.0,68.6,4,0.0,2026-08-03 01:25:00,De Anza Blvd,419057,1,Monday,False
08/03/2026,01:30,61.0,68.7,4,0.0,2026-08-03 01:30:00,De Anza Blvd,419057,1,Monday,False
08/03/2026,01:35,60.0,68.6,4,0.0,2026-08-03 01:35:00,De Anza Blvd,419057,1,Monday,False
08/03/2026,01:40,59.0,68.5,4,0.0,2026-08-03 01:40:00,De Anza Blvd,419057,1,Monday,False
08/03/2026,01:45,56.0,68.6,4,0.0,2026-08-03 01:45:00,De Anza Blvd,419057,1,Monday,False
08/03/2026,01:50,56.0,68.5,4,0.0,2026-08-03 01:50:00,De Anza Blvd,419057,1,Monday,False
08/03/2026,01:55,53.0,68.4,4,0.0,2026-08-03 01:55:00,De Anza Blvd,419057,1,Monday,False
08/03/2026,02:00,52.0,68.6,4,0.0,2026-08-03 02:00:00,De Anza Blvd,419057,2,Monday,False
08/03/2026,02:05,52.0,68.7,4,0.0,2026-08-03 02:05:00,De Anza Blvd,419057,2,Monday,False
08/03/2026,02:10,53.0,68.6,4,0.0,2026-08-03 02:10:00,De Anza Blvd,419057,2,Monday,False
08/03/2026,02:15,53.0,68.5,4,0.0,2026-08-03 02:15:00,De Anza Blvd,419057,2,Monday,False
08/03/2026,02:20,52.0,68.5,4,0.0,2026-08-03 02:20:00,De Anza Blvd,419057,2,Monday,False
08/03/2026,02:25,53.0,68.3,4,0.0,2026-08-03 02:25:00,De Anza Blvd,419057,2,Monday,False
08/03/2026,02:30,52.0,68.4,4,0.0,2026-08-03 02:30:00,De Anza Blvd,419057,2,Monday,False
08/03/2026,02:35,53.0,68.2,4,0.0,2026-08-03 02:35:00,De Anza Blvd,419057,2,Monday,False
08/03/2026,02:40,55.0,68.2,4,0.0,2026-08-03 02:40:00,De Anza Blvd,419057,2,Monday,False
08/03/2026,02:45,55.0,68.3,4,0.0,2026-08-03 02:45:00,De Anza Blvd,419057,2,Monday,False
08/03/2026,02:50,55.0,68.0,4,0.0,2026-08-03 02:50:00,De Anza Blvd,419057,2,Monday,False
08/03/2026,02:55,55.0,68.0,4,0.0,2026-08-03 02:55:00,De Anza Blvd,419057,2,Monday,False
08/03/2026,03:00,53.0,68.0,4,0.0,2026-08-03 03:00:00,De Anza Blvd,419057,3,Monday,False
08/03/2026,03:05,53.0,68.0,4,0.0,2026-08-03 03:05:00,De Anza Blvd,419057,3,Monday,False
08/03/2026,03:10,56.0,68.1,4,0.0,2026-08-03 03:10:00,De Anza Blvd,419057,3,Monday,False
08/03/2026,03:15,59.0,68.1,4,0.0,2026-08-03 03:15:00,De Anza Blvd,419057,3,Monday,False
08/03/2026,03:20,63.0,68.1,4,0.0,2026-08-03 03:20:00,De Anza Blvd,419057,3,Monday,False
08/03/2026,03:25,67.0,68.2,4,0.0,2026-08-03 03:25:00,De Anza Blvd,419057,3,Monday,False
08/03/2026,03:30,70.0,68.3,4,0.0,2026-08-03 03:30:00,De Anza Blvd,419057,3,Monday,False
08/03/2026,03:35,73.0,68.3,4,0.0,2026-08-03 03:35:00,De Anza Blvd,419057,3,Monday,False
08/03/2026,03:40,78.0,68.2,4,0.0,2026-08-03 03:40:00,De Anza Blvd,419057,3,Monday,False
08/03/2026,03:45,82.0,68.5,4,0.0,2026-08-03 03:45:00,De Anza Blvd,419057,3,Monday,False
08/03/2026,03:50,86.0,68.5,4,0.0,2026-08-03 03:50:00,De Anza Blvd,419057,3,Monday,False
08/03/2026,03:55,90.0,68.5,4,0.0,2026-08-03 03:55:00,De Anza Blvd,419057,3,Monday,False
08/03/2026,04:00,92.0,68.5,4,0.0,2026-08-03 04:00:00,De Anza Blvd,419057,4,Monday,False
08/03/2026,04:05,100.0,68.5,4,0.0,2026-08-03 04:05:00,De Anza Blvd,419057,4,Monday,False
08/03/2026,04:10,115.0,68.6,4,0.0,2026-08-03 04:10:00,De Anza Blvd,419057,4,Monday,False
08/03/2026,04:15,128.0,68.9,4,0.0,2026-08-03 04:15:00,De Anza Blvd,419057,4,Monday,False
08/03/2026,04:20,141.0,68.9,4,0.0,2026-08-03 04:20:00,De Anza Blvd,419057,4,Monday,False
08/03/2026,04:25,157.0,69.2,4,0.0,2026-08-03 04:25:00,De Anza Blvd,419057,4,Monday,False
08/03/2026,04:30,175.0,69.4,4,0.0,2026-08-03 04:30:00,De Anza Blvd,419057,4,Monday,False
08/03/2026,04:35,192.0,69.1,4,0.0,2026-08-03 04:35:00,De Anza Blvd,419057,4,Monday,False
08/03/2026,04:40,215.0,69.0,4,0.0,2026-08-03 04:40:00,De Anza Blvd,419057,4,Monday,False
08/03/2026,04:45,228.0,69.2,4,0.0,2026-08-03 04:45:00,De Anza Blvd,419057,4,Monday,False
08/03/2026,04:50,235.0,69.2,4,0.0,2026-08-03 04:50:00,De Anza Blvd,419057,4,Monday,False
08/03/2026,04:55,238.0,68.8,4,0.0,2026-08-03 04:55:00,De Anza Blvd,419057,4,Monday,False
08/03/2026,05:00,247.0,69.3,4,0.0,2026-08-03 05:00:00,De Anza Blvd,419057,5,Monday,False
08/03/2026,05:05,264.0,69.3,4,0.0,2026-08-03 05:05:00,De Anza Blvd,419057,5,Monday,False
08/03/2026,05:10,287.0,69.6,4,0.0,2026-08-03 05:10:00,De Anza Blvd,419057,5,Monday,False
08/03/2026,05:15,310.0,69.2,4,0.0,2026-08-03 05:15:00,De Anza Blvd,419057,5,Monday,False
08/03/2026,05:20,340.0,69.3,4,0.0,2026-08-03 05:20:00,De Anza Blvd,419057,5,Monday,False
08/03/2026,05:25,362.0,69.2,4,0.0,2026-08-03 05:25:00,De Anza Blvd,419057,5,Monday,False
08/03/2026,05:30,374.0,68.0,4,0.0,2026-08-03 05:30:00,De Anza Blvd,419057,5,Monday,False
08/03/2026,05:35,392.0,67.7,4,0.0,2026-08-03 05:35:00,De Anza Blvd,419057,5,Monday,False
08/03/2026,05:40,410.0,67.5,4,0.0,2026-08-03 05:40:00,De Anza Blvd,419057,5,Monday,False
08/03/2026,05:45,410.0,67.6,4,0.0,2026-08-03 05:45:00,De Anza Blvd,419057,5,Monday,False
08/03/2026,05:50,408.0,67.7,4,0.0,2026-08-03 05:50:00,De Anza Blvd,419057,5,Monday,False
08/03/2026,05:55,401.0,67.6,4,0.0,2026-08-03 05:55:00,De Anza Blvd,419057,5,Monday,False
08/03/2026,06:00,396.0,66.7,4,0.0,2026-08-03 06:00:00,De Anza Blvd,419057,6,Monday,False
08/03/2026,06:05,402.0,65.7,4,0.0,2026-08-03 06:05:00,De Anza Blvd,419057,6,Monday,False
08/03/2026,06:10,415.0,65.1,4,0.0,2026-08-03 06:10:00,De Anza Blvd,419057,6,Monday,False
08/03/2026,06:15,413.0,64.6,4,0.0,2026-08-03 06:15:00,De Anza Blvd,419057,6,Monday,False
08/03/2026,06:20,418.0,64.0,4,0.0,2026-08-03 06:20:00,De Anza Blvd,419057,6,Monday,False
08/03/2026,06:25,410.0,63.5,4,0.0,2026-08-03 06:25:00,De Anza Blvd,419057,6,Monday,False
08/03/2026,06:30,434.0,63.1,4,0.0,2026-08-03 06:30:00,De Anza Blvd,419057,6,Monday,False
08/03/2026,06:35,441.0,62.8,4,0.0,2026-08-03 06:35:00,De Anza Blvd,419057,6,Monday,False
08/03/2026,06:40,443.0,62.3,4,0.0,2026-08-03 06:40:00,De Anza Blvd,419057,6,Monday,False
08/03/2026,06:45,441.0,61.9,4,0.0,2026-08-03 06:45:00,De Anza Blvd,419057,6,Monday,False
08/03/2026,06:50,441.0,61.6,4,0.0,2026-08-03 06:50:00,De Anza Blvd,419057,6,Monday,False
08/03/2026,06:55,438.0,61.5,4,0.0,2026-08-03 06:55:00,De Anza Blvd,419057,6,Monday,False
08/03/2026,07:00,434.0,61.3,4,0.0,2026-08-03 07:00:00,De Anza Blvd,419057,7,Monday,False
08/03/2026,07:05,434.0,60.8,4,0.0,2026-08-03 07:05:00,De Anza Blvd,419057,7,Monday,False
08/03/2026,07:10,440.0,60.4,4,0.0,2026-08-03 07:10:00,De Anza Blvd,419057,7,Monday,False
08/03/2026,07:15,441.0,59.7,4,0.0,2026-08-03 07:15:00,De Anza Blvd,419057,7,Monday,False
08/03/2026,07:20,441.0,59.4,4,0.0,2026-08-03 07:20:00,De Anza Blvd,419057,7,Monday,False
08/03/2026,07:25,440.0,58.9,4,0.0,2026-08-03 07:25:00,De Anza Blvd,419057,7,Monday,False
08/03/2026,07:30,434.0,58.6,4,0.0,2026-08-03 07:30:00,De Anza Blvd,419057,7,Monday,False
08/03/2026,07:35,432.0,58.4,4,0.0,2026-08-03 07:35:00,De Anza Blvd,419057,7,Monday,False
08/03/2026,07:40,431.0,58.2,4,0.0,2026-08-03 07:40:00,De Anza Blvd,419057,7,Monday,False
08/03/2026,07:45,436.0,58.1,4,0.0,2026-08-03 07:45:00,De Anza Blvd,419057,7,Monday,False
08/03/2026,07:50,432.0,58.2,4,0.0,2026-08-03 07:50:00,De Anza Blvd,419057,7,Monday,False
08/03/2026,07:55,422.0,58.6,4,0.0,2026-08-03 07:55:00,De Anza Blvd,419057,7,Monday,False
08/03/2026,08:00,415.0,58.6,4,0.0,2026-08-03 08:00:00,De Anza Blvd,419057,8,Monday,False
08/03/2026,08:05,411.0,58.7,4,0.0,2026-08-03 08:05:00,De Anza Blvd,419057,8,Monday,False
08/03/2026,08:10,410.0,58.8,4,0.0,2026-08-03 08:10:00,De Anza Blvd,419057,8,Monday,False
08/03/2026,08:15,413.0,59.0,4,0.0,2026-08-03 08:15:00,De Anza Blvd,419057,8,Monday,False
08/03/2026,08:20,418.0,59.2,4,0.0,2026-08-03 08:20:00,De Anza Blvd,419057,8,Monday,False
08/03/2026,08:25,410.0,59.2,4,0.0,2026-08-03 08:25:00,De Anza Blvd,419057,8,Monday,False
08/03/2026,08:30,407.0,59.4,4,0.0,2026-08-03 08:30:00,De Anza Blvd,419057,8,Monday,False
08/03/2026,08:35,407.0,59.6,4,0.0,2026-08-03 08:35:00,De Anza Blvd,419057,8,Monday,False
08/03/2026,08:40,413.0,59.6,4,0.0,2026-08-03 08:40:00,De Anza Blvd,419057,8,Monday,False
08/03/2026,08:45,416.0,59.7,4,0.0,2026-08-03 08:45:00,De Anza Blvd,419057,8,Monday,False
08/03/2026,08:50,420.0,60.0,4,0.0,2026-08-03 08:50:00,De Anza Blvd,419057,8,Monday,False
08/03/2026,08:55,418.0,60.3,4,0.0,2026-08-03 08:55:00,De Anza Blvd,419057,8,Monday,False
08/03/2026,09:00,421.0,60.6,4,0.0,2026-08-03 09:00:00,De Anza Blvd,419057,9,Monday,False
08/03/2026,09:05,411.0,60.8,4,0.0,2026-08-03 09:05:00,De Anza Blvd,419057,9,Monday,False
08/03/2026,09:10,448.0,60.4,4,0.0,2026-08-03 09:10:00,De Anza Blvd,419057,9,Monday,False
08/03/2026,09:15,449.0,60.1,4,0.0,2026-08-03 09:15:00,De Anza Blvd,419057,9,Monday,False
08/03/2026,09:20,457.0,59.8,4,0.0,2026-08-03 09:20:00,De Anza Blvd,419057,9,Monday,False
08/03/2026,09:25,452.0,59.5,4,0.0,2026-08-03 09:25:00,De Anza Blvd,419057,9,Monday,False
08/03/2026,09:30,461.0,59.6,4,0.0,2026-08-03 09:30:00,De Anza Blvd,419057,9,Monday,False
08/03/2026,09:35,455.0,59.8,4,0.0,2026-08-03 09:35:00,De Anza Blvd,419057,9,Monday,False
08/03/2026,09:40,448.0,60.0,4,0.0,2026-08-03 09:40:00,De Anza Blvd,419057,9,Monday,False
08/03/2026,09:45,451.0,60.0,4,0.0,2026-08-03 09:45:00,De Anza Blvd,419057,9,Monday,False
08/03/2026,09:50,448.0,60.4,4,0.0,2026-08-03 09:50:00,De Anza Blvd,419057,9,Monday,False
08/03/2026,09:55,457.0,60.6,4,0.0,2026-08-03 09:55:00,De Anza Blvd,419057,9,Monday,False
08/03/2026,10:00,497.0,60.8,4,0.0,2026-08-03 10:00:00,De Anza Blvd,419057,10,Monday,False
08/03/2026,10:05,489.0,61.0,4,0.0,2026-08-03 10:05:00,De Anza Blvd,419057,10,Monday,False
08/03/2026,10:10,496.0,61.0,4,0.0,2026-08-03 10:10:00,De Anza Blvd,419057,10,Monday,False
08/03/2026,10:15,496.0,61.2,4,0.0,2026-08-03 10:15:00,De Anza Blvd,419057,10,Monday,False
08/03/2026,10:20,492.0,61.2,4,0.0,2026-08-03 10:20:00,De Anza Blvd,419057,10,Monday,False
08/03/2026,10:25,499.0,61.3,4,0.0,2026-08-03 10:25:00,De Anza Blvd,419057,10,Monday,False
08/03/2026,10:30,484.0,61.4,4,0.0,2026-08-03 10:30:00,De Anza Blvd,419057,10,Monday,False
08/03/2026,10:35,469.0,61.4,4,0.0,2026-08-03 10:35:00,De Anza Blvd,419057,10,Monday,False
08/03/2026,10:40,478.0,61.4,4,0.0,2026-08-03 10:40:00,De Anza Blvd,419057,10,Monday,False
08/03/2026,10:45,469.0,61.5,4,0.0,2026-08-03 10:45:00,De Anza Blvd,419057,10,Monday,False
08/03/2026,10:50,474.0,61.5,4,0.0,2026-08-03 10:50:00,De Anza Blvd,419057,10,Monday,False
08/03/2026,10:55,488.0,61.5,4,0.0,2026-08-03 10:55:00,De Anza Blvd,419057,10,Monday,False
08/03/2026,11:00,459.0,61.7,4,0.0,2026-08-03 11:00:00,De Anza Blvd,419057,11,Monday,False
08/03/2026,11:05,478.0,61.8,4,0.0,2026-08-03 11:05:00,De Anza Blvd,419057,11,Monday,False
08/03/2026,11:10,480.0,61.8,4,0.0,2026-08-03 11:10:00,De Anza Blvd,419057,11,Monday,False
08/03/2026,11:15,482.0,61.7,4,0.0,2026-08-03 11:15:00,De Anza Blvd,419057,11,Monday,False
08/03/2026,11:20,488.0,61.9,4,0.0,2026-08-03 11:20:00,De Anza Blvd,419057,11,Monday,False
08/03/2026,11:25,484.0,61.9,4,0.0,2026-08-03 11:25:00,De Anza Blvd,419057,11,Monday,False
08/03/2026,11:30,482.0,61.9,4,0.0,2026-08-03 11:30:00,De Anza Blvd,419057,11,Monday,False
08/03/2026,11:35,464.0,62.0,4,0.0,2026-08-03 11:35:00,De Anza Blvd,419057,11,Monday,False
08/03/2026,11:40,478.0,62.0,4,0.0,2026-08-03 11:40:00,De Anza Blvd,419057,11,Monday,False
08/03/2026,11:45,457.0,62.1,4,0.0,2026-08-03 11:45:00,De Anza Blvd,419057,11,Monday,False
08/03/2026,11:50,455.0,62.2,4,0.0,2026-08-03 11:50:00,De Anza Blvd,419057,11,Monday,False
08/03/2026,11:55,441.0,62.3,4,0.0,2026-08-03 11:55:00,De Anza Blvd,419057,11,Monday,False
08/03/2026,12:00,448.0,62.4,4,0.0,2026-08-03 12:00:00,De Anza Blvd,419057,12,Monday,False
08/03/2026,12:05,449.0,62.4,4,0.0,2026-08-03 12:05:00,De Anza Blvd,419057,12,Monday,False
08/03/2026,12:10,464.0,62.4,4,0.0,2026-08-03 12:10:00,De Anza Blvd,419057,12,Monday,False
08/03/2026,12:15,464.0,62.5,4,0.0,2026-08-03 12:15:00,De Anza Blvd,419057,12,Monday,False
08/03/2026,12:20,465.0,62.6,4,0.0,2026-08-03 12:20:00,De Anza Blvd,419057,12,Monday,False
08/03/2026,12:25,466.0,62.6,4,0.0,2026-08-03 12:25:00,De Anza Blvd,419057,12,Monday,False
08/03/2026,12:30,473.0,62.6,4,0.0,2026-08-03 12:30:00,De Anza Blvd,419057,12,Monday,False
08/03/2026,12:35,455.0,62.6,4,0.0,2026-08-03 12:35:00,De Anza Blvd,419057,12,Monday,False
08/03/2026,12:40,451.0,62.7,4,0.0,2026-08-03 12:40:00,De Anza Blvd,419057,12,Monday,False
08/03/2026,12:45,455.0,62.8,4,0.0,2026-08-03 12:45:00,De Anza Blvd,419057,12,Monday,False
08/03/2026,12:50,451.0,62.8,4,0.0,2026-08-03 12:50:00,De Anza Blvd,419057,12,Monday,False
08/03/2026,12:55,445.0,63.0,4,0.0,2026-08-03 12:55:00,De Anza Blvd,419057,12,Monday,False
08/03/2026,13:00,439.0,62.9,4,0.0,2026-08-03 13:00:00,De Anza Blvd,419057,13,Monday,False
08/03/2026,13:05,448.0,62.9,4,0.0,2026-08-03 13:05:00,De Anza Blvd,419057,13,Monday,False
08/03/2026,13:10,460.0,63.0,4,0.0,2026-08-03 13:10:00,De Anza Blvd,419057,13,Monday,False
08/03/2026,13:15,470.0,63.0,4,0.0,2026-08-03 13:15:00,De Anza Blvd,419057,13,Monday,False
08/03/2026,13:20,470.0,63.0,4,0.0,2026-08-03 13:20:00,De Anza Blvd,419057,13,Monday,False
08/03/2026,13:25,469.0,63.1,4,0.0,2026-08-03 13:25:00,De Anza Blvd,419057,13,Monday,False
08/03/2026,13:30,469.0,63.1,4,0.0,2026-08-03 13:30:00,De Anza Blvd,419057,13,Monday,False
08/03/2026,13:35,480.0,63.1,4,0.0,2026-08-03 13:35:00,De Anza Blvd,419057,13,Monday,False
08/03/2026,13:40,492.0,63.0,4,0.0,2026-08-03 13:40:00,De Anza Blvd,419057,13,Monday,False
08/03/2026,13:45,488.0,63.0,4,0.0,2026-08-03 13:45:00,De Anza Blvd,419057,13,Monday,False
08/03/2026,13:50,483.0,63.1,4,0.0,2026-08-03 13:50:00,De Anza Blvd,419057,13,Monday,False
08/03/2026,13:55,478.0,63.2,4,0.0,2026-08-03 13:55:00,De Anza Blvd,419057,13,Monday,False
08/03/2026,14:00,474.0,63.3,4,0.0,2026-08-03 14:00:00,De Anza Blvd,419057,14,Monday,False
08/03/2026,14:05,483.0,63.4,4,0.0,2026-08-03 14:05:00,De Anza Blvd,419057,14,Monday,False
08/03/2026,14:10,501.0,63.2,4,0.0,2026-08-03 14:10:00,De Anza Blvd,419057,14,Monday,False
08/03/2026,14:15,507.0,62.4,4,0.0,2026-08-03 14:15:00,De Anza Blvd,419057,14,Monday,False
08/03/2026,14:20,507.0,61.9,4,0.0,2026-08-03 14:20:00,De Anza Blvd,419057,14,Monday,False
08/03/2026,14:25,504.0,61.7,4,0.0,2026-08-03 14:25:00,De Anza Blvd,419057,14,Monday,False
08/03/2026,14:30,505.0,60.9,4,0.0,2026-08-03 14:30:00,De Anza Blvd,419057,14,Monday,False
08/03/2026,14:35,514.0,60.7,4,0.0,2026-08-03 14:35:00,De Anza Blvd,419057,14,Monday,False
08/03/2026,14:40,530.0,59.9,4,0.0,2026-08-03 14:40:00,De Anza Blvd,419057,14,Monday,False
08/03/2026,14:45,524.0,59.1,4,0.0,2026-08-03 14:45:00,De Anza Blvd,419057,14,Monday,False
08/03/2026,14:50,513.0,58.2,4,0.0,2026-08-03 14:50:00,De Anza Blvd,419057,14,Monday,False
08/03/2026,14:55,502.0,58.0,4,0.0,2026-08-03 14:55:00,De Anza Blvd,419057,14,Monday,False
08/03/2026,15:00,491.0,57.6,4,0.0,2026-08-03 15:00:00,De Anza Blvd,419057,15,Monday,False
08/03/2026,15:05,492.0,57.7,4,0.0,2026-08-03 15:05:00,De Anza Blvd,419057,15,Monday,False
08/03/2026,15:10,504.0,58.3,4,0.0,2026-08-03 15:10:00,De Anza Blvd,419057,15,Monday,False
08/03/2026,15:15,511.0,58.0,4,0.0,2026-08-03 15:15:00,De Anza Blvd,419057,15,Monday,False
08/03/2026,15:20,507.0,58.0,4,0.0,2026-08-03 15:20:00,De Anza Blvd,419057,15,Monday,False
08/03/2026,15:25,503.0,58.3,4,0.0,2026-08-03 15:25:00,De Anza Blvd,419057,15,Monday,False
08/03/2026,15:30,502.0,58.8,4,0.0,2026-08-03 15:30:00,De Anza Blvd,419057,15,Monday,False
08/03/2026,15:35,513.0,59.6,4,0.0,2026-08-03 15:35:00,De Anza Blvd,419057,15,Monday,False
08/03/2026,15:40,527.0,59.2,4,0.0,2026-08-03 15:40:00,De Anza Blvd,419057,15,Monday,False
08/03/2026,15:45,530.0,58.9,4,0.0,2026-08-03 15:45:00,De Anza Blvd,419057,15,Monday,False
08/03/2026,15:50,522.0,59.3,4,0.0,2026-08-03 15:50:00,De Anza Blvd,419057,15,Monday,False
08/03/2026,15:55,507.0,59.4,4,0.0,2026-08-03 15:55:00,De Anza Blvd,419057,15,Monday,False
08/03/2026,16:00,493.0,59.8,4,0.0,2026-08-03 16:00:00,De Anza Blvd,419057,16,Monday,False
08/03/2026,16:05,511.0,60.0,4,0.0,2026-08-03 16:05:00,De Anza Blvd,419057,16,Monday,False
08/03/2026,16:10,525.0,60.1,4,0.0,2026-08-03 16:10:00,De Anza Blvd,419057,16,Monday,False
08/03/2026,16:15,523.0,60.5,4,0.0,2026-08-03 16:15:00,De Anza Blvd,419057,16,Monday,False
08/03/2026,16:20,522.0,60.9,4,0.0,2026-08-03 16:20:00,De Anza Blvd,419057,16,Monday,False
08/03/2026,16:25,511.0,61.1,4,0.0,2026-08-03 16:25:00,De Anza Blvd,419057,16,Monday,False
08/03/2026,16:30,513.0,61.7,4,0.0,2026-08-03 16:30:00,De Anza Blvd,419057,16,Monday,False
08/03/2026,16:35,511.0,61.2,4,0.0,2026-08-03 16:35:00,De Anza Blvd,419057,16,Monday,False
08/03/2026,16:40,517.0,60.7,4,0.0,2026-08-03 16:40:00,De Anza Blvd,419057,16,Monday,False
08/03/2026,16:45,519.0,60.7,4,0.0,2026-08-03 16:45:00,De Anza Blvd,419057,16,Monday,False
08/03/2026,16:50,515.0,60.3,4,0.0,2026-08-03 16:50:00,De Anza Blvd,419057,16,Monday,False
08/03/2026,16:55,504.0,61.4,4,0.0,2026-08-03 16:55:00,De Anza Blvd,419057,16,Monday,False
08/03/2026,17:00,505.0,61.8,4,0.0,2026-08-03 17:00:00,De Anza Blvd,419057,17,Monday,False
08/03/2026,17:05,507.0,61.7,4,0.0,2026-08-03 17:05:00,De Anza Blvd,419057,17,Monday,False
08/03/2026,17:10,511.0,60.8,4,0.0,2026-08-03 17:10:00,De Anza Blvd,419057,17,Monday,False
08/03/2026,17:15,511.0,59.9,4,0.0,2026-08-03 17:15:00,De Anza Blvd,419057,17,Monday,False
08/03/2026,17:20,507.0,59.7,4,0.0,2026-08-03 17:20:00,De Anza Blvd,419057,17,Monday,False
08/03/2026,17:25,501.0,60.0,4,0.0,2026-08-03 17:25:00,De Anza Blvd,419057,17,Monday,False
08/03/2026,17:30,499.0,60.4,4,0.0,2026-08-03 17:30:00,De Anza Blvd,419057,17,Monday,False
08/03/2026,17:35,497.0,61.0,4,0.0,2026-08-03 17:35:00,De Anza Blvd,419057,17,Monday,False
08/03/2026,17:40,497.0,61.7,4,0.0,2026-08-03 17:40:00,De Anza Blvd,419057,17,Monday,False
08/03/2026,17:45,501.0,61.7,4,0.0,2026-08-03 17:45:00,De Anza Blvd,419057,17,Monday,False
08/03/2026,17:50,489.0,63.5,4,0.0,2026-08-03 17:50:00,De Anza Blvd,419057,17,Monday,False
08/03/2026,17:55,478.0,63.5,4,0.0,2026-08-03 17:55:00,De Anza Blvd,419057,17,Monday,False
08/03/2026,18:00,469.0,64.2,4,0.0,2026-08-03 18:00:00,De Anza Blvd,419057,18,Monday,False
08/03/2026,18:05,478.0,64.5,4,0.0,2026-08-03 18:05:00,De Anza Blvd,419057,18,Monday,False
08/03/2026,18:10,483.0,64.6,4,0.0,2026-08-03 18:10:00,De Anza Blvd,419057,18,Monday,False
08/03/2026,18:15,484.0,64.8,4,0.0,2026-08-03 18:15:00,De Anza Blvd,419057,18,Monday,False
08/03/2026,18:20,475.0,65.0,4,0.0,2026-08-03 18:20:00,De Anza Blvd,419057,18,Monday,False
08/03/2026,18:25,464.0,65.2,4,0.0,2026-08-03 18:25:00,De Anza Blvd,419057,18,Monday,False
08/03/2026,18:30,455.0,65.5,4,0.0,2026-08-03 18:30:00,De Anza Blvd,419057,18,Monday,False
08/03/2026,18:35,451.0,65.7,4,0.0,2026-08-03 18:35:00,De Anza Blvd,419057,18,Monday,False
08/03/2026,18:40,446.0,65.8,4,0.0,2026-08-03 18:40:00,De Anza Blvd,419057,18,Monday,False
08/03/2026,18:45,439.0,66.0,4,0.0,2026-08-03 18:45:00,De Anza Blvd,419057,18,Monday,False
08/03/2026,18:50,431.0,66.1,4,0.0,2026-08-03 18:50:00,De Anza Blvd,419057,18,Monday,False
08/03/2026,18:55,415.0,66.2,4,0.0,2026-08-03 18:55:00,De Anza Blvd,419057,18,Monday,False
08/03/2026,19:00,406.0,66.5,4,0.0,2026-08-03 19:00:00,De Anza Blvd,419057,19,Monday,False
08/03/2026,19:05,410.0,66.8,4,0.0,2026-08-03 19:05:00,De Anza Blvd,419057,19,Monday,False
08/03/2026,19:10,410.0,67.1,4,0.0,2026-08-03 19:10:00,De Anza Blvd,419057,19,Monday,False
08/03/2026,19:15,406.0,67.0,4,0.0,2026-08-03 19:15:00,De Anza Blvd,419057,19,Monday,False
08/03/2026,19:20,402.0,67.1,4,0.0,2026-08-03 19:20:00,De Anza Blvd,419057,19,Monday,False
08/03/2026,19:25,391.0,67.2,4,0.0,2026-08-03 19:25:00,De Anza Blvd,419057,19,Monday,False
08/03/2026,19:30,379.0,67.3,4,0.0,2026-08-03 19:30:00,De Anza Blvd,419057,19,Monday,False
08/03/2026,19:35,376.0,67.5,4,0.0,2026-08-03 19:35:00,De Anza Blvd,419057,19,Monday,False
08/03/2026,19:40,373.0,67.9,4,0.0,2026-08-03 19:40:00,De Anza Blvd,419057,19,Monday,False
08/03/2026,19:45,367.0,67.8,4,0.0,2026-08-03 19:45:00,De Anza Blvd,419057,19,Monday,False
08/03/2026,19:50,359.0,67.8,4,0.0,2026-08-03 19:50:00,De Anza Blvd,419057,19,Monday,False
08/03/2026,19:55,348.0,67.8,4,0.0,2026-08-03 19:55:00,De Anza Blvd,419057,19,Monday,False
08/03/2026,20:00,340.0,67.9,4,0.0,2026-08-03 20:00:00,De Anza Blvd,419057,20,Monday,False
08/03/2026,20:05,333.0,68.1,4,0.0,2026-08-03 20:05:00,De Anza Blvd,419057,20,Monday,False
08/03/2026,20:10,339.0,68.0,4,0.0,2026-08-03 20:10:00,De Anza Blvd,419057,20,Monday,False
08/03/2026,20:15,336.0,67.9,4,0.0,2026-08-03 20:15:00,De Anza Blvd,419057,20,Monday,False
08/03/2026,20:20,329.0,67.9,4,0.0,2026-08-03 20:20:00,De Anza Blvd,419057,20,Monday,False
08/03/2026,20:25,320.0,67.9,4,0.0,2026-08-03 20:25:00,De Anza Blvd,419057,20,Monday,False
08/03/2026,20:30,314.0,67.9,4,0.0,2026-08-03 20:30:00,De Anza Blvd,419057,20,Monday,False
08/03/2026,20:35,306.0,67.8,4,0.0,2026-08-03 20:35:00,De Anza Blvd,419057,20,Monday,False
08/03/2026,20:40,309.0,67.7,4,0.0,2026-08-03 20:40:00,De Anza Blvd,419057,20,Monday,False
08/03/2026,20:45,305.0,67.6,4,0.0,2026-08-03 20:45:00,De Anza Blvd,419057,20,Monday,False
08/03/2026,20:50,300.0,67.5,4,0.0,2026-08-03 20:50:00,De Anza Blvd,419057,20,Monday,False
08/03/2026,20:55,300.0,67.4,4,0.0,2026-08-03 20:55:00,De Anza Blvd,419057,20,Monday,False
08/03/2026,21:00,297.0,67.8,4,0.0,2026-08-03 21:00:00,De Anza Blvd,419057,21,Monday,False
08/03/2026,21:05,302.0,68.1,4,0.0,2026-08-03 21:05:00,De Anza Blvd,419057,21,Monday,False
08/03/2026,21:10,306.0,68.2,4,0.0,2026-08-03 21:10:00,De Anza Blvd,419057,21,Monday,False
08/03/2026,21:15,309.0,68.2,4,0.0,2026-08-03 21:15:00,De Anza Blvd,419057,21,Monday,False
08/03/2026,21:20,302.0,68.4,4,0.0,2026-08-03 21:20:00,De Anza Blvd,419057,21,Monday,False
08/03/2026,21:25,303.0,68.4,4,0.0,2026-08-03 21:25:00,De Anza Blvd,419057,21,Monday,False
08/03/2026,21:30,301.0,68.5,4,0.0,2026-08-03 21:30:00,De Anza Blvd,419057,21,Monday,False
08/03/2026,21:35,292.0,68.6,4,0.0,2026-08-03 21:35:00,De Anza Blvd,419057,21,Monday,False
08/03/2026,21:40,291.0,68.7,4,0.0,2026-08-03 21:40:00,De Anza Blvd,419057,21,Monday,False
08/03/2026,21:45,283.0,68.7,4,0.0,2026-08-03 21:45:00,De Anza Blvd,419057,21,Monday,False
08/03/2026,21:50,277.0,68.6,4,0.0,2026-08-03 21:50:00,De Anza Blvd,419057,21,Monday,False
08/03/2026,21:55,271.0,68.7,4,0.0,2026-08-03 21:55:00,De Anza Blvd,419057,21,Monday,False
08/03/2026,22:00,261.0,68.6,4,0.0,2026-08-03 22:00:00,De Anza Blvd,419057,22,Monday,False
08/03/2026,22:05,258.0,68.6,4,0.0,2026-08-03 22:05:00,De Anza Blvd,419057,22,Monday,False
08/03/2026,22:10,258.0,68.6,4,0.0,2026-08-03 22:10:00,De Anza Blvd,419057,22,Monday,False
08/03/2026,22:15,256.0,68.6,4,0.0,2026-08-03 22:15:00,De Anza Blvd,419057,22,Monday,False
08/03/2026,22:20,249.0,68.7,4,0.0,2026-08-03 22:20:00,De Anza Blvd,419057,22,Monday,False
08/03/2026,22:25,242.0,68.7,4,0.0,2026-08-03 22:25:00,De Anza Blvd,419057,22,Monday,False
08/03/2026,22:30,231.0,68.7,4,0.0,2026-08-03 22:30:00,De Anza Blvd,419057,22,Monday,False
08/03/2026,22:35,228.0,68.8,4,0.0,2026-08-03 22:35:00,De Anza Blvd,419057,22,Monday,False
08/03/2026,22:40,227.0,68.8,4,0.0,2026-08-03 22:40:00,De Anza Blvd,419057,22,Monday,False
08/03/2026,22:45,217.0,68.8,4,0.0,2026-08-03 22:45:00,De Anza Blvd,419057,22,Monday,False
08/03/2026,22:50,208.0,68.8,4,0.0,2026-08-03 22:50:00,De Anza Blvd,419057,22,Monday,False
08/03/2026,22:55,197.0,68.7,4,0.0,2026-08-03 22:55:00,De Anza Blvd,419057,22,Monday,False
08/03/2026,23:00,182.0,68.7,4,0.0,2026-08-03 23:00:00,De Anza Blvd,419057,23,Monday,False
08/03/2026,23:05,174.0,68.7,4,0.0,2026-08-03 23:05:00,De Anza Blvd,419057,23,Monday,False
08/03/2026,23:10,171.0,68.7,4,0.0,2026-08-03 23:10:00,De Anza Blvd,419057,23,Monday,False
08/03/2026,23:15,174.0,68.6,4,0.0,2026-08-03 23:15:00,De Anza Blvd,419057,23,Monday,False
08/03/2026,23:20,154.0,68.5,4,0.0,2026-08-03 23:20:00,De Anza Blvd,419057,23,Monday,False
08/03/2026,23:25,147.0,68.6,4,0.0,2026-08-03 23:25:00,De Anza Blvd,419057,23,Monday,False
08/03/2026,23:30,141.0,68.5,4,0.0,2026-08-03 23:30:00,De Anza Blvd,419057,23,Monday,False
08/03/2026,23:35,146.0,68.5,4,0.0,2026-08-03 23:35:00,De Anza Blvd,419057,23,Monday,False
08/03/2026,23:40,138.0,68.7,4,0.0,2026-08-03 23:40:00,De Anza Blvd,419057,23,Monday,False
08/03/2026,23:45,138.0,68.6,4,0.0,2026-08-03 23:45:00,De Anza Blvd,419057,23,Monday,False
08/03/2026,23:50,124.0,68.6,4,0.0,2026-08-03 23:50:00,De Anza Blvd,419057,23,Monday,False
08/03/2026,23:55,123.0,68.4,4,0.0,2026-08-03 23:55:00,De Anza Blvd,419057,23,Monday,False
08/04/2026,00:00,115.0,69.2,4,0.0,2026-08-04 00:00:00,De Anza Blvd,419057,0,Tuesday,False
08/04/2026,00:05,108.0,69.0,4,0.0,2026-08-04 00:05:00,De Anza Blvd,419057,0,Tuesday,False
08/04/2026,00:10,101.0,68.8,4,0.0,2026-08-04 00:10:00,De Anza Blvd,419057,0,Tuesday,False
08/04/2026,00:15,100.0,68.7,4,0.0,2026-08-04 00:15:00,De Anza Blvd,419057,0,Tuesday,False
08/04/2026,00:20,100.0,68.6,4,0.0,2026-08-04 00:20:00,De Anza Blvd,419057,0,Tuesday,False
08/04/2026,00:25,92.0,68.5,4,0.0,2026-08-04 00:25:00,De Anza Blvd,419057,0,Tuesday,False
08/04/2026,00:30,82.0,68.4,4,0.0,2026-08-04 00:30:00,De Anza Blvd,419057,0,Tuesday,False
08/04/2026,00:35,80.0,68.3,4,0.0,2026-08-04 00:35:00,De Anza Blvd,419057,0,Tuesday,False
08/04/2026,00:40,79.0,68.4,4,0.0,2026-08-04 00:40:00,De Anza Blvd,419057,0,Tuesday,False
08/04/2026,00:45,78.0,68.2,4,0.0,2026-08-04 00:45:00,De Anza Blvd,419057,0,Tuesday,False
08/04/2026,00:50,72.0,68.1,4,0.0,2026-08-04 00:50:00,De Anza Blvd,419057,0,Tuesday,False
08/04/2026,00:55,68.0,68.1,4,0.0,2026-08-04 00:55:00,De Anza Blvd,419057,0,Tuesday,False
08/04/2026,01:00,63.0,68.3,4,0.0,2026-08-04 01:00:00,De Anza Blvd,419057,1,Tuesday,False
08/04/2026,01:05,63.0,68.4,4,0.0,2026-08-04 01:05:00,De Anza Blvd,419057,1,Tuesday,False
08/04/2026,01:10,63.0,68.4,4,0.0,2026-08-04 01:10:00,De Anza Blvd,419057,1,Tuesday,False
08/04/2026,01:15,60.0,68.4,4,0.0,2026-08-04 01:15:00,De Anza Blvd,419057,1,Tuesday,False
08/04/2026,01:20,59.0,68.2,4,0.0,2026-08-04 01:20:00,De Anza Blvd,419057,1,Tuesday,False
08/04/2026,01:25,56.0,68.4,4,0.0,2026-08-04 01:25:00,De Anza Blvd,419057,1,Tuesday,False
08/04/2026,01:30,55.0,68.2,4,0.0,2026-08-04 01:30:00,De Anza Blvd,419057,1,Tuesday,False
08/04/2026,01:35,55.0,68.2,4,0.0,2026-08-04 01:35:00,De Anza Blvd,419057,1,Tuesday,False
08/04/2026,01:40,55.0,68.2,4,0.0,2026-08-04 01:40:00,De Anza Blvd,419057,1,Tuesday,False
08/04/2026,01:45,53.0,68.2,4,0.0,2026-08-04 01:45:00,De Anza Blvd,419057,1,Tuesday,False
08/04/2026,01:50,53.0,68.1,4,0.0,2026-08-04 01:50:00,De Anza Blvd,419057,1,Tuesday,False
08/04/2026,01:55,49.0,68.0,4,0.0,2026-08-04 01:55:00,De Anza Blvd,419057,1,Tuesday,False
08/04/2026,02:00,47.0,68.2,4,0.0,2026-08-04 02:00:00,De Anza Blvd,419057,2,Tuesday,False
08/04/2026,02:05,49.0,68.1,4,0.0,2026-08-04 02:05:00,De Anza Blvd,419057,2,Tuesday,False
08/04/2026,02:10,49.0,67.9,4,0.0,2026-08-04 02:10:00,De Anza Blvd,419057,2,Tuesday,False
08/04/2026,02:15,49.0,68.2,4,0.0,2026-08-04 02:15:00,De Anza Blvd,419057,2,Tuesday,False
08/04/2026,02:20,49.0,68.0,4,0.0,2026-08-04 02:20:00,De Anza Blvd,419057,2,Tuesday,False
08/04/2026,02:25,47.0,68.0,4,0.0,2026-08-04 02:25:00,De Anza Blvd,419057,2,Tuesday,False
08/04/2026,02:30,49.0,67.9,4,0.0,2026-08-04 02:30:00,De Anza Blvd,419057,2,Tuesday,False
08/04/2026,02:35,52.0,68.0,4,0.0,2026-08-04 02:35:00,De Anza Blvd,419057,2,Tuesday,False
08/04/2026,02:40,53.0,68.1,4,0.0,2026-08-04 02:40:00,De Anza Blvd,419057,2,Tuesday,False
08/04/2026,02:45,53.0,67.8,4,0.0,2026-08-04 02:45:00,De Anza Blvd,419057,2,Tuesday,False
08/04/2026,02:50,53.0,67.8,4,0.0,2026-08-04 02:50:00,De Anza Blvd,419057,2,Tuesday,False
08/04/2026,02:55,53.0,67.8,4,0.0,2026-08-04 02:55:00,De Anza Blvd,419057,2,Tuesday,False
08/04/2026,03:00,49.0,67.7,4,0.0,2026-08-04 03:00:00,De Anza Blvd,419057,3,Tuesday,False
08/04/2026,03:05,53.0,67.7,4,0.0,2026-08-04 03:05:00,De Anza Blvd,419057,3,Tuesday,False
08/04/2026,03:10,56.0,67.9,4,0.0,2026-08-04 03:10:00,De Anza Blvd,419057,3,Tuesday,False
08/04/2026,03:15,59.0,67.9,4,0.0,2026-08-04 03:15:00,De Anza Blvd,419057,3,Tuesday,False
08/04/2026,03:20,63.0,67.8,4,0.0,2026-08-04 03:20:00,De Anza Blvd,419057,3,Tuesday,False
08/04/2026,03:25,67.0,67.9,4,0.0,2026-08-04 03:25:00,De Anza Blvd,419057,3,Tuesday,False
08/04/2026,03:30,72.0,68.1,4,0.0,2026-08-04 03:30:00,De Anza Blvd,419057,3,Tuesday,False
08/04/2026,03:35,77.0,68.6,4,0.0,2026-08-04 03:35:00,De Anza Blvd,419057,3,Tuesday,False
08/04/2026,03:40,82.0,68.4,4,0.0,2026-08-04 03:40:00,De Anza Blvd,419057,3,Tuesday,False
08/04/2026,03:45,86.0,68.5,4,0.0,2026-08-04 03:45:00,De Anza Blvd,419057,3,Tuesday,False
08/04/2026,03:50,87.0,68.5,4,0.0,2026-08-04 03:50:00,De Anza Blvd,419057,3,Tuesday,False
08/04/2026,03:55,90.0,68.6,4,0.0,2026-08-04 03:55:00,De Anza Blvd,419057,3,Tuesday,False
08/04/2026,04:00,95.0,68.5,4,0.0,2026-08-04 04:00:00,De Anza Blvd,419057,4,Tuesday,False
08/04/2026,04:05,101.0,68.5,4,0.0,2026-08-04 04:05:00,De Anza Blvd,419057,4,Tuesday,False
08/04/2026,04:10,115.0,68.6,4,0.0,2026-08-04 04:10:00,De Anza Blvd,419057,4,Tuesday,False
08/04/2026,04:15,128.0,68.9,4,0.0,2026-08-04 04:15:00,De Anza Blvd,419057,4,Tuesday,False
08/04/2026,04:20,141.0,68.9,4,0.0,2026-08-04 04:20:00,De Anza Blvd,419057,4,Tuesday,False
08/04/2026,04:25,154.0,69.0,4,0.0,2026-08-04 04:25:00,De Anza Blvd,419057,4,Tuesday,False
08/04/2026,04:30,175.0,69.4,4,0.0,2026-08-04 04:30:00,De Anza Blvd,419057,4,Tuesday,False
08/04/2026,04:35,195.0,69.3,4,0.0,2026-08-04 04:35:00,De Anza Blvd,419057,4,Tuesday,False
08/04/2026,04:40,219.0,69.3,4,0.0,2026-08-04 04:40:00,De Anza Blvd,419057,4,Tuesday,False
08/04/2026,04:45,234.0,69.2,4,0.0,2026-08-04 04:45:00,De Anza Blvd,419057,4,Tuesday,False
08/04/2026,04:50,241.0,69.0,4,0.0,2026-08-04 04:50:00,De Anza Blvd,419057,4,Tuesday,False
08/04/2026,04:55,243.0,68.8,4,0.0,2026-08-04 04:55:00,De Anza Blvd,419057,4,Tuesday,False
08/04/2026,05:00,253.0,69.4,4,0.0,2026-08-04 05:00:00,De Anza Blvd,419057,5,Tuesday,False
08/04/2026,05:05,268.0,69.5,4,0.0,2026-08-04 05:05:00,De Anza Blvd,419057,5,Tuesday,False
08/04/2026,05:10,296.0,69.5,4,0.0,2026-08-04 05:10:00,De Anza Blvd,419057,5,Tuesday,False
08/04/2026,05:15,324.0,69.4,4,0.0,2026-08-04 05:15:00,De Anza Blvd,419057,5,Tuesday,False
08/04/2026,05:20,346.0,69.2,4,0.0,2026-08-04 05:20:00,De Anza Blvd,419057,5,Tuesday,False
08/04/2026,05:25,361.0,69.3,4,0.0,2026-08-04 05:25:00,De Anza Blvd,419057,5,Tuesday,False
08/04/2026,05:30,383.0,69.1,4,0.0,2026-08-04 05:30:00,De Anza Blvd,419057,5,Tuesday,False
08/04/2026,05:35,406.0,68.5,4,0.0,2026-08-04 05:35:00,De Anza Blvd,419057,5,Tuesday,False
08/04/2026,05:40,416.0,68.6,4,0.0,2026-08-04 05:40:00,De Anza Blvd,419057,5,Tuesday,False
08/04/2026,05:45,420.0,67.8,4,0.0,2026-08-04 05:45:00,De Anza Blvd,419057,5,Tuesday,False
08/04/2026,05:50,419.0,67.8,4,0.0,2026-08-04 05:50:00,De Anza Blvd,419057,5,Tuesday,False
08/04/2026,05:55,411.0,67.8,4,0.0,2026-08-04 05:55:00,De Anza Blvd,419057,5,Tuesday,False
08/04/2026,06:00,408.0,66.8,4,0.0,2026-08-04 06:00:00,De Anza Blvd,419057,6,Tuesday,False
08/04/2026,06:05,415.0,65.5,4,0.0,2026-08-04 06:05:00,De Anza Blvd,419057,6,Tuesday,False
08/04/2026,06:10,411.0,64.7,4,0.0,2026-08-04 06:10:00,De Anza Blvd,419057,6,Tuesday,False
08/04/2026,06:15,396.0,64.1,4,0.0,2026-08-04 06:15:00,De Anza Blvd,419057,6,Tuesday,False
08/04/2026,06:20,426.0,63.7,4,0.0,2026-08-04 06:20:00,De Anza Blvd,419057,6,Tuesday,False
08/04/2026,06:25,437.0,63.2,4,0.0,2026-08-04 06:25:00,De Anza Blvd,419057,6,Tuesday,False
08/04/2026,06:30,445.0,62.7,4,0.0,2026-08-04 06:30:00,De Anza Blvd,419057,6,Tuesday,False
08/04/2026,06:35,451.0,62.2,4,0.0,2026-08-04 06:35:00,De Anza Blvd,419057,6,Tuesday,False
08/04/2026,06:40,452.0,61.8,4,0.0,2026-08-04 06:40:00,De Anza Blvd,419057,6,Tuesday,False
08/04/2026,06:45,455.0,61.2,4,0.0,2026-08-04 06:45:00,De Anza Blvd,419057,6,Tuesday,False
08/04/2026,06:50,452.0,61.0,4,0.0,2026-08-04 06:50:00,De Anza Blvd,419057,6,Tuesday,False
08/04/2026,06:55,446.0,60.9,4,0.0,2026-08-04 06:55:00,De Anza Blvd,419057,6,Tuesday,False
08/04/2026,07:00,439.0,60.7,4,0.0,2026-08-04 07:00:00,De Anza Blvd,419057,7,Tuesday,False
08/04/2026,07:05,443.0,60.3,4,0.0,2026-08-04 07:05:00,De Anza Blvd,419057,7,Tuesday,False
08/04/2026,07:10,446.0,59.7,4,0.0,2026-08-04 07:10:00,De Anza Blvd,419057,7,Tuesday,False
08/04/2026,07:15,446.0,58.9,4,0.0,2026-08-04 07:15:00,De Anza Blvd,419057,7,Tuesday,False
08/04/2026,07:20,448.0,57.9,4,0.0,2026-08-04 07:20:00,De Anza Blvd,419057,7,Tuesday,False
08/04/2026,07:25,440.0,57.1,4,0.0,2026-08-04 07:25:00,De Anza Blvd,419057,7,Tuesday,False
08/04/2026,07:30,434.0,56.3,4,0.0,2026-08-04 07:30:00,De Anza Blvd,419057,7,Tuesday,False
08/04/2026,07:35,434.0,55.1,4,0.0,2026-08-04 07:35:00,De Anza Blvd,419057,7,Tuesday,False
08/04/2026,07:40,435.0,54.5,4,0.0,2026-08-04 07:40:00,De Anza Blvd,419057,7,Tuesday,False
08/04/2026,07:45,446.0,53.8,4,0.0,2026-08-04 07:45:00,De Anza Blvd,419057,7,Tuesday,False
08/04/2026,07:50,449.0,53.6,4,0.0,2026-08-04 07:50:00,De Anza Blvd,419057,7,Tuesday,False
08/04/2026,07:55,435.0,53.9,4,0.0,2026-08-04 07:55:00,De Anza Blvd,419057,7,Tuesday,False
08/04/2026,08:00,418.0,54.6,4,0.0,2026-08-04 08:00:00,De Anza Blvd,419057,8,Tuesday,False
08/04/2026,08:05,420.0,55.1,4,0.0,2026-08-04 08:05:00,De Anza Blvd,419057,8,Tuesday,False
08/04/2026,08:10,426.0,55.4,4,0.0,2026-08-04 08:10:00,De Anza Blvd,419057,8,Tuesday,False
08/04/2026,08:15,432.0,55.3,4,0.0,2026-08-04 08:15:00,De Anza Blvd,419057,8,Tuesday,False
08/04/2026,08:20,432.0,55.5,4,0.0,2026-08-04 08:20:00,De Anza Blvd,419057,8,Tuesday,False
08/04/2026,08:25,422.0,55.4,4,0.0,2026-08-04 08:25:00,De Anza Blvd,419057,8,Tuesday,False
08/04/2026,08:30,421.0,55.8,4,0.0,2026-08-04 08:30:00,De Anza Blvd,419057,8,Tuesday,False
08/04/2026,08:35,422.0,56.0,4,0.0,2026-08-04 08:35:00,De Anza Blvd,419057,8,Tuesday,False
08/04/2026,08:40,429.0,56.6,4,0.0,2026-08-04 08:40:00,De Anza Blvd,419057,8,Tuesday,False
08/04/2026,08:45,431.0,56.7,4,0.0,2026-08-04 08:45:00,De Anza Blvd,419057,8,Tuesday,False
08/04/2026,08:50,429.0,57.1,4,0.0,2026-08-04 08:50:00,De Anza Blvd,419057,8,Tuesday,False
08/04/2026,08:55,415.0,58.0,4,0.0,2026-08-04 08:55:00,De Anza Blvd,419057,8,Tuesday,False
08/04/2026,09:00,439.0,58.6,4,0.0,2026-08-04 09:00:00,De Anza Blvd,419057,9,Tuesday,False
08/04/2026,09:05,443.0,59.0,4,0.0,2026-08-04 09:05:00,De Anza Blvd,419057,9,Tuesday,False
08/04/2026,09:10,425.0,59.2,4,0.0,2026-08-04 09:10:00,De Anza Blvd,419057,9,Tuesday,False
08/04/2026,09:15,429.0,59.5,4,0.0,2026-08-04 09:15:00,De Anza Blvd,419057,9,Tuesday,False
08/04/2026,09:20,432.0,59.7,4,0.0,2026-08-04 09:20:00,De Anza Blvd,419057,9,Tuesday,False
08/04/2026,09:25,432.0,60.1,4,0.0,2026-08-04 09:25:00,De Anza Blvd,419057,9,Tuesday,False
08/04/2026,09:30,436.0,60.2,4,0.0,2026-08-04 09:30:00,De Anza Blvd,419057,9,Tuesday,False
08/04/2026,09:35,440.0,60.3,4,0.0,2026-08-04 09:35:00,De Anza Blvd,419057,9,Tuesday,False
08/04/2026,09:40,455.0,60.4,4,0.0,2026-08-04 09:40:00,De Anza Blvd,419057,9,Tuesday,False
08/04/2026,09:45,466.0,60.5,4,0.0,2026-08-04 09:45:00,De Anza Blvd,419057,9,Tuesday,False
08/04/2026,09:50,478.0,60.7,4,0.0,2026-08-04 09:50:00,De Anza Blvd,419057,9,Tuesday,False
08/04/2026,09:55,469.0,60.8,4,0.0,2026-08-04 09:55:00,De Anza Blvd,419057,9,Tuesday,False
08/04/2026,10:00,503.0,61.0,4,0.0,2026-08-04 10:00:00,De Anza Blvd,419057,10,Tuesday,False
08/04/2026,10:05,480.0,61.0,4,0.0,2026-08-04 10:05:00,De Anza Blvd,419057,10,Tuesday,False
08/04/2026,10:10,488.0,60.9,4,0.0,2026-08-04 10:10:00,De Anza Blvd,419057,10,Tuesday,False
08/04/2026,10:15,484.0,61.1,4,0.0,2026-08-04 10:15:00,De Anza Blvd,419057,10,Tuesday,False
08/04/2026,10:20,485.0,61.2,4,0.0,2026-08-04 10:20:00,De Anza Blvd,419057,10,Tuesday,False
08/04/2026,10:25,460.0,61.6,4,0.0,2026-08-04 10:25:00,De Anza Blvd,419057,10,Tuesday,False
08/04/2026,10:30,482.0,61.3,4,0.0,2026-08-04 10:30:00,De Anza Blvd,419057,10,Tuesday,False
08/04/2026,10:35,484.0,61.5,4,0.0,2026-08-04 10:35:00,De Anza Blvd,419057,10,Tuesday,False
08/04/2026,10:40,483.0,61.7,4,0.0,2026-08-04 10:40:00,De Anza Blvd,419057,10,Tuesday,False
08/04/2026,10:45,472.0,61.5,4,0.0,2026-08-04 10:45:00,De Anza Blvd,419057,10,Tuesday,False
08/04/2026,10:50,462.0,61.6,4,0.0,2026-08-04 10:50:00,De Anza Blvd,419057,10,Tuesday,False
08/04/2026,10:55,478.0,61.7,4,0.0,2026-08-04 10:55:00,De Anza Blvd,419057,10,Tuesday,False
08/04/2026,11:00,460.0,62.0,4,0.0,2026-08-04 11:00:00,De Anza Blvd,419057,11,Tuesday,False
08/04/2026,11:05,474.0,61.8,4,0.0,2026-08-04 11:05:00,De Anza Blvd,419057,11,Tuesday,False
08/04/2026,11:10,468.0,61.9,4,0.0,2026-08-04 11:10:00,De Anza Blvd,419057,11,Tuesday,False
08/04/2026,11:15,466.0,61.9,4,0.0,2026-08-04 11:15:00,De Anza Blvd,419057,11,Tuesday,False
08/04/2026,11:20,485.0,62.2,4,0.0,2026-08-04 11:20:00,De Anza Blvd,419057,11,Tuesday,False
08/04/2026,11:25,484.0,62.1,4,0.0,2026-08-04 11:25:00,De Anza Blvd,419057,11,Tuesday,False
08/04/2026,11:30,474.0,62.1,4,0.0,2026-08-04 11:30:00,De Anza Blvd,419057,11,Tuesday,False
08/04/2026,11:35,482.0,62.0,4,0.0,2026-08-04 11:35:00,De Anza Blvd,419057,11,Tuesday,False
08/04/2026,11:40,455.0,62.1,4,0.0,2026-08-04 11:40:00,De Anza Blvd,419057,11,Tuesday,False
08/04/2026,11:45,439.0,62.1,4,0.0,2026-08-04 11:45:00,De Anza Blvd,419057,11,Tuesday,False
08/04/2026,11:50,449.0,62.2,4,0.0,2026-08-04 11:50:00,De Anza Blvd,419057,11,Tuesday,False
08/04/2026,11:55,451.0,62.1,4,0.0,2026-08-04 11:55:00,De Anza Blvd,419057,11,Tuesday,False
08/04/2026,12:00,451.0,62.0,4,0.0,2026-08-04 12:00:00,De Anza Blvd,419057,12,Tuesday,False
08/04/2026,12:05,446.0,61.9,4,0.0,2026-08-04 12:05:00,De Anza Blvd,419057,12,Tuesday,False
08/04/2026,12:10,449.0,62.0,4,0.0,2026-08-04 12:10:00,De Anza Blvd,419057,12,Tuesday,False
08/04/2026,12:15,451.0,62.6,4,0.0,2026-08-04 12:15:00,De Anza Blvd,419057,12,Tuesday,False
08/04/2026,12:20,440.0,62.5,4,0.0,2026-08-04 12:20:00,De Anza Blvd,419057,12,Tuesday,False
08/04/2026,12:25,459.0,62.6,4,0.0,2026-08-04 12:25:00,De Anza Blvd,419057,12,Tuesday,False
08/04/2026,12:30,459.0,62.6,4,0.0,2026-08-04 12:30:00,De Anza Blvd,419057,12,Tuesday,False
08/04/2026,12:35,445.0,62.8,4,0.0,2026-08-04 12:35:00,De Anza Blvd,419057,12,Tuesday,False
08/04/2026,12:40,452.0,62.8,4,0.0,2026-08-04 12:40:00,De Anza Blvd,419057,12,Tuesday,False
08/04/2026,12:45,452.0,62.9,4,0.0,2026-08-04 12:45:00,De Anza Blvd,419057,12,Tuesday,False
08/04/2026,12:50,448.0,63.0,4,0.0,2026-08-04 12:50:00,De Anza Blvd,419057,12,Tuesday,False
08/04/2026,12:55,440.0,63.0,4,0.0,2026-08-04 12:55:00,De Anza Blvd,419057,12,Tuesday,False
08/04/2026,13:00,440.0,62.9,4,0.0,2026-08-04 13:00:00,De Anza Blvd,419057,13,Tuesday,False
08/04/2026,13:05,445.0,63.0,4,0.0,2026-08-04 13:05:00,De Anza Blvd,419057,13,Tuesday,False
08/04/2026,13:10,460.0,63.0,4,0.0,2026-08-04 13:10:00,De Anza Blvd,419057,13,Tuesday,False
08/04/2026,13:15,469.0,63.0,4,0.0,2026-08-04 13:15:00,De Anza Blvd,419057,13,Tuesday,False
08/04/2026,13:20,472.0,63.0,4,0.0,2026-08-04 13:20:00,De Anza Blvd,419057,13,Tuesday,False
08/04/2026,13:25,474.0,63.1,4,0.0,2026-08-04 13:25:00,De Anza Blvd,419057,13,Tuesday,False
08/04/2026,13:30,478.0,63.0,4,0.0,2026-08-04 13:30:00,De Anza Blvd,419057,13,Tuesday,False
08/04/2026,13:35,487.0,63.0,4,0.0,2026-08-04 13:35:00,De Anza Blvd,419057,13,Tuesday,False
08/04/2026,13:40,497.0,63.0,4,0.0,2026-08-04 13:40:00,De Anza Blvd,419057,13,Tuesday,False
08/04/2026,13:45,496.0,63.0,4,0.0,2026-08-04 13:45:00,De Anza Blvd,419057,13,Tuesday,False
08/04/2026,13:50,488.0,63.1,4,0.0,2026-08-04 13:50:00,De Anza Blvd,419057,13,Tuesday,False
08/04/2026,13:55,482.0,63.1,4,0.0,2026-08-04 13:55:00,De Anza Blvd,419057,13,Tuesday,False
08/04/2026,14:00,475.0,63.2,4,0.0,2026-08-04 14:00:00,De Anza Blvd,419057,14,Tuesday,False
08/04/2026,14:05,484.0,62.8,4,0.0,2026-08-04 14:05:00,De Anza Blvd,419057,14,Tuesday,False
08/04/2026,14:10,499.0,62.7,4,0.0,2026-08-04 14:10:00,De Anza Blvd,419057,14,Tuesday,False
08/04/2026,14:15,511.0,62.1,4,0.0,2026-08-04 14:15:00,De Anza Blvd,419057,14,Tuesday,False
08/04/2026,14:20,508.0,61.4,4,0.0,2026-08-04 14:20:00,De Anza Blvd,419057,14,Tuesday,False
08/04/2026,14:25,505.0,60.9,4,0.0,2026-08-04 14:25:00,De Anza Blvd,419057,14,Tuesday,False
08/04/2026,14:30,505.0,60.6,4,0.0,2026-08-04 14:30:00,De Anza Blvd,419057,14,Tuesday,False
08/04/2026,14:35,517.0,59.9,4,0.0,2026-08-04 14:35:00,De Anza Blvd,419057,14,Tuesday,False
08/04/2026,14:40,534.0,59.1,4,0.0,2026-08-04 14:40:00,De Anza Blvd,419057,14,Tuesday,False
08/04/2026,14:45,530.0,58.4,4,0.0,2026-08-04 14:45:00,De Anza Blvd,419057,14,Tuesday,False
08/04/2026,14:50,519.0,59.0,4,0.0,2026-08-04 14:50:00,De Anza Blvd,419057,14,Tuesday,False
08/04/2026,14:55,503.0,59.8,4,0.0,2026-08-04 14:55:00,De Anza Blvd,419057,14,Tuesday,False
08/04/2026,15:00,492.0,59.6,4,0.0,2026-08-04 15:00:00,De Anza Blvd,419057,15,Tuesday,False
08/04/2026,15:05,497.0,59.4,4,0.0,2026-08-04 15:05:00,De Anza Blvd,419057,15,Tuesday,False
08/04/2026,15:10,511.0,59.0,4,0.0,2026-08-04 15:10:00,De Anza Blvd,419057,15,Tuesday,False
08/04/2026,15:15,519.0,58.9,4,0.0,2026-08-04 15:15:00,De Anza Blvd,419057,15,Tuesday,False
08/04/2026,15:20,515.0,59.1,4,0.0,2026-08-04 15:20:00,De Anza Blvd,419057,15,Tuesday,False
08/04/2026,15:25,513.0,59.1,4,0.0,2026-08-04 15:25:00,De Anza Blvd,419057,15,Tuesday,False
08/04/2026,15:30,511.0,59.9,4,0.0,2026-08-04 15:30:00,De Anza Blvd,419057,15,Tuesday,False
08/04/2026,15:35,519.0,60.1,4,0.0,2026-08-04 15:35:00,De Anza Blvd,419057,15,Tuesday,False
08/04/2026,15:40,534.0,59.9,4,0.0,2026-08-04 15:40:00,De Anza Blvd,419057,15,Tuesday,False
08/04/2026,15:45,531.0,60.2,4,0.0,2026-08-04 15:45:00,De Anza Blvd,419057,15,Tuesday,False
08/04/2026,15:50,530.0,60.7,4,0.0,2026-08-04 15:50:00,De Anza Blvd,419057,15,Tuesday,False
08/04/2026,15:55,515.0,61.1,4,0.0,2026-08-04 15:55:00,De Anza Blvd,419057,15,Tuesday,False
08/04/2026,16:00,507.0,60.6,4,0.0,2026-08-04 16:00:00,De Anza Blvd,419057,16,Tuesday,False
08/04/2026,16:05,517.0,61.0,4,0.0,2026-08-04 16:05:00,De Anza Blvd,419057,16,Tuesday,False
08/04/2026,16:10,530.0,61.1,4,0.0,2026-08-04 16:10:00,De Anza Blvd,419057,16,Tuesday,False
08/04/2026,16:15,525.0,60.6,4,0.0,2026-08-04 16:15:00,De Anza Blvd,419057,16,Tuesday,False
08/04/2026,16:20,521.0,61.6,4,0.0,2026-08-04 16:20:00,De Anza Blvd,419057,16,Tuesday,False
08/04/2026,16:25,513.0,61.6,4,0.0,2026-08-04 16:25:00,De Anza Blvd,419057,16,Tuesday,False
08/04/2026,16:30,508.0,61.5,4,0.0,2026-08-04 16:30:00,De Anza Blvd,419057,16,Tuesday,False
08/04/2026,16:35,511.0,62.0,4,0.0,2026-08-04 16:35:00,De Anza Blvd,419057,16,Tuesday,False
08/04/2026,16:40,511.0,61.7,4,0.0,2026-08-04 16:40:00,De Anza Blvd,419057,16,Tuesday,False
08/04/2026,16:45,511.0,61.3,4,0.0,2026-08-04 16:45:00,De Anza Blvd,419057,16,Tuesday,False
08/04/2026,16:50,508.0,61.8,4,0.0,2026-08-04 16:50:00,De Anza Blvd,419057,16,Tuesday,False
08/04/2026,16:55,504.0,62.3,4,0.0,2026-08-04 16:55:00,De Anza Blvd,419057,16,Tuesday,False
08/04/2026,17:00,501.0,62.2,4,0.0,2026-08-04 17:00:00,De Anza Blvd,419057,17,Tuesday,False
08/04/2026,17:05,502.0,61.9,4,0.0,2026-08-04 17:05:00,De Anza Blvd,419057,17,Tuesday,False
08/04/2026,17:10,504.0,60.9,4,0.0,2026-08-04 17:10:00,De Anza Blvd,419057,17,Tuesday,False
08/04/2026,17:15,501.0,60.7,4,0.0,2026-08-04 17:15:00,De Anza Blvd,419057,17,Tuesday,False
08/04/2026,17:20,497.0,60.5,4,0.0,2026-08-04 17:20:00,De Anza Blvd,419057,17,Tuesday,False
08/04/2026,17:25,496.0,60.3,4,0.0,2026-08-04 17:25:00,De Anza Blvd,419057,17,Tuesday,False
08/04/2026,17:30,495.0,60.9,4,0.0,2026-08-04 17:30:00,De Anza Blvd,419057,17,Tuesday,False
08/04/2026,17:35,497.0,61.6,4,0.0,2026-08-04 17:35:00,De Anza Blvd,419057,17,Tuesday,False
08/04/2026,17:40,497.0,61.6,4,0.0,2026-08-04 17:40:00,De Anza Blvd,419057,17,Tuesday,False
08/04/2026,17:45,499.0,61.6,4,0.0,2026-08-04 17:45:00,De Anza Blvd,419057,17,Tuesday,False
08/04/2026,17:50,482.0,62.7,4,0.0,2026-08-04 17:50:00,De Anza Blvd,419057,17,Tuesday,False
08/04/2026,17:55,465.0,63.5,4,0.0,2026-08-04 17:55:00,De Anza Blvd,419057,17,Tuesday,False
08/04/2026,18:00,469.0,63.5,4,0.0,2026-08-04 18:00:00,De Anza Blvd,419057,18,Tuesday,False
08/04/2026,18:05,480.0,64.1,4,0.0,2026-08-04 18:05:00,De Anza Blvd,419057,18,Tuesday,False
08/04/2026,18:10,478.0,64.2,4,0.0,2026-08-04 18:10:00,De Anza Blvd,419057,18,Tuesday,False
08/04/2026,18:15,491.0,64.5,4,0.0,2026-08-04 18:15:00,De Anza Blvd,419057,18,Tuesday,False
08/04/2026,18:20,474.0,64.6,4,0.0,2026-08-04 18:20:00,De Anza Blvd,419057,18,Tuesday,False
08/04/2026,18:25,462.0,64.9,4,0.0,2026-08-04 18:25:00,De Anza Blvd,419057,18,Tuesday,False
08/04/2026,18:30,460.0,65.1,4,0.0,2026-08-04 18:30:00,De Anza Blvd,419057,18,Tuesday,False
08/04/2026,18:35,455.0,65.4,4,0.0,2026-08-04 18:35:00,De Anza Blvd,419057,18,Tuesday,False
08/04/2026,18:40,451.0,65.6,4,0.0,2026-08-04 18:40:00,De Anza Blvd,419057,18,Tuesday,False
08/04/2026,18:45,455.0,65.7,4,0.0,2026-08-04 18:45:00,De Anza Blvd,419057,18,Tuesday,False
08/04/2026,18:50,443.0,66.0,4,0.0,2026-08-04 18:50:00,De Anza Blvd,419057,18,Tuesday,False
08/04/2026,18:55,432.0,66.1,4,0.0,2026-08-04 18:55:00,De Anza Blvd,419057,18,Tuesday,False
08/04/2026,19:00,428.0,66.5,4,0.0,2026-08-04 19:00:00,De Anza Blvd,419057,19,Tuesday,False
08/04/2026,19:05,426.0,66.7,4,0.0,2026-08-04 19:05:00,De Anza Blvd,419057,19,Tuesday,False
08/04/2026,19:10,422.0,66.7,4,0.0,2026-08-04 19:10:00,De Anza Blvd,419057,19,Tuesday,False
08/04/2026,19:15,421.0,67.2,4,0.0,2026-08-04 19:15:00,De Anza Blvd,419057,19,Tuesday,False
08/04/2026,19:20,415.0,67.3,4,0.0,2026-08-04 19:20:00,De Anza Blvd,419057,19,Tuesday,False
08/04/2026,19:25,402.0,67.0,4,0.0,2026-08-04 19:25:00,De Anza Blvd,419057,19,Tuesday,False
08/04/2026,19:30,393.0,67.1,4,0.0,2026-08-04 19:30:00,De Anza Blvd,419057,19,Tuesday,False
08/04/2026,19:35,388.0,67.6,4,0.0,2026-08-04 19:35:00,De Anza Blvd,419057,19,Tuesday,False
08/04/2026,19:40,384.0,67.6,4,0.0,2026-08-04 19:40:00,De Anza Blvd,419057,19,Tuesday,False
08/04/2026,19:45,378.0,67.5,4,0.0,2026-08-04 19:45:00,De Anza Blvd,419057,19,Tuesday,False
08/04/2026,19:50,366.0,67.4,4,0.0,2026-08-04 19:50:00,De Anza Blvd,419057,19,Tuesday,False
08/04/2026,19:55,359.0,67.4,4,0.0,2026-08-04 19:55:00,De Anza Blvd,419057,19,Tuesday,False
08/04/2026,20:00,353.0,67.7,4,0.0,2026-08-04 20:00:00,De Anza Blvd,419057,20,Tuesday,False
08/04/2026,20:05,350.0,67.7,4,0.0,2026-08-04 20:05:00,De Anza Blvd,419057,20,Tuesday,False
08/04/2026,20:10,354.0,67.9,4,0.0,2026-08-04 20:10:00,De Anza Blvd,419057,20,Tuesday,False
08/04/2026,20:15,355.0,67.7,4,0.0,2026-08-04 20:15:00,De Anza Blvd,419057,20,Tuesday,False
08/04/2026,20:20,346.0,67.9,4,0.0,2026-08-04 20:20:00,De Anza Blvd,419057,20,Tuesday,False
08/04/2026,20:25,339.0,67.8,4,0.0,2026-08-04 20:25:00,De Anza Blvd,419057,20,Tuesday,False
08/04/2026,20:30,331.0,67.7,4,0.0,2026-08-04 20:30:00,De Anza Blvd,419057,20,Tuesday,False
08/04/2026,20:35,327.0,67.7,4,0.0,2026-08-04 20:35:00,De Anza Blvd,419057,20,Tuesday,False
08/04/2026,20:40,326.0,67.7,4,0.0,2026-08-04 20:40:00,De Anza Blvd,419057,20,Tuesday,False
08/04/2026,20:45,324.0,67.5,4,0.0,2026-08-04 20:45:00,De Anza Blvd,419057,20,Tuesday,False
08/04/2026,20:50,317.0,67.3,4,0.0,2026-08-04 20:50:00,De Anza Blvd,419057,20,Tuesday,False
08/04/2026,20:55,312.0,67.2,4,0.0,2026-08-04 20:55:00,De Anza Blvd,419057,20,Tuesday,False
08/04/2026,21:00,309.0,67.8,4,0.0,2026-08-04 21:00:00,De Anza Blvd,419057,21,Tuesday,False
08/04/2026,21:05,312.0,68.1,4,0.0,2026-08-04 21:05:00,De Anza Blvd,419057,21,Tuesday,False
08/04/2026,21:10,317.0,68.2,4,0.0,2026-08-04 21:10:00,De Anza Blvd,419057,21,Tuesday,False
08/04/2026,21:15,319.0,68.3,4,0.0,2026-08-04 21:15:00,De Anza Blvd,419057,21,Tuesday,False
08/04/2026,21:20,312.0,68.3,4,0.0,2026-08-04 21:20:00,De Anza Blvd,419057,21,Tuesday,False
08/04/2026,21:25,306.0,68.4,4,0.0,2026-08-04 21:25:00,De Anza Blvd,419057,21,Tuesday,False
08/04/2026,21:30,306.0,68.5,4,0.0,2026-08-04 21:30:00,De Anza Blvd,419057,21,Tuesday,False
08/04/2026,21:35,297.0,68.5,4,0.0,2026-08-04 21:35:00,De Anza Blvd,419057,21,Tuesday,False
08/04/2026,21:40,305.0,68.6,4,0.0,2026-08-04 21:40:00,De Anza Blvd,419057,21,Tuesday,False
08/04/2026,21:45,293.0,68.6,4,0.0,2026-08-04 21:45:00,De Anza Blvd,419057,21,Tuesday,False
08/04/2026,21:50,283.0,68.7,4,0.0,2026-08-04 21:50:00,De Anza Blvd,419057,21,Tuesday,False
08/04/2026,21:55,286.0,68.8,4,0.0,2026-08-04 21:55:00,De Anza Blvd,419057,21,Tuesday,False
08/04/2026,22:00,268.0,68.6,4,0.0,2026-08-04 22:00:00,De Anza Blvd,419057,22,Tuesday,False
08/04/2026,22:05,277.0,68.5,4,0.0,2026-08-04 22:05:00,De Anza Blvd,419057,22,Tuesday,False
08/04/2026,22:10,283.0,68.6,4,0.0,2026-08-04 22:10:00,De Anza Blvd,419057,22,Tuesday,False
08/04/2026,22:15,281.0,68.6,4,0.0,2026-08-04 22:15:00,De Anza Blvd,419057,22,Tuesday,False
08/04/2026,22:20,274.0,68.5,4,0.0,2026-08-04 22:20:00,De Anza Blvd,419057,22,Tuesday,False
08/04/2026,22:25,264.0,68.6,4,0.0,2026-08-04 22:25:00,De Anza Blvd,419057,22,Tuesday,False
08/04/2026,22:30,254.0,68.7,4,0.0,2026-08-04 22:30:00,De Anza Blvd,419057,22,Tuesday,False
08/04/2026,22:35,250.0,68.7,4,0.0,2026-08-04 22:35:00,De Anza Blvd,419057,22,Tuesday,False
08/04/2026,22:40,249.0,68.8,4,0.0,2026-08-04 22:40:00,De Anza Blvd,419057,22,Tuesday,False
08/04/2026,22:45,240.0,68.8,4,0.0,2026-08-04 22:45:00,De Anza Blvd,419057,22,Tuesday,False
08/04/2026,22:50,220.0,68.8,4,0.0,2026-08-04 22:50:00,De Anza Blvd,419057,22,Tuesday,False
08/04/2026,22:55,199.0,68.7,4,0.0,2026-08-04 22:55:00,De Anza Blvd,419057,22,Tuesday,False
08/04/2026,23:00,195.0,68.6,4,0.0,2026-08-04 23:00:00,De Anza Blvd,419057,23,Tuesday,False
08/04/2026,23:05,184.0,68.7,4,0.0,2026-08-04 23:05:00,De Anza Blvd,419057,23,Tuesday,False
08/04/2026,23:10,187.0,68.6,4,0.0,2026-08-04 23:10:00,De Anza Blvd,419057,23,Tuesday,False
08/04/2026,23:15,191.0,68.6,4,0.0,2026-08-04 23:15:00,De Anza Blvd,419057,23,Tuesday,False
08/04/2026,23:20,182.0,68.6,4,0.0,2026-08-04 23:20:00,De Anza Blvd,419057,23,Tuesday,False
08/04/2026,23:25,174.0,68.5,4,0.0,2026-08-04 23:25:00,De Anza Blvd,419057,23,Tuesday,False
08/04/2026,23:30,162.0,68.5,4,0.0,2026-08-04 23:30:00,De Anza Blvd,419057,23,Tuesday,False
08/04/2026,23:35,157.0,68.6,4,0.0,2026-08-04 23:35:00,De Anza Blvd,419057,23,Tuesday,False
08/04/2026,23:40,158.0,68.5,4,0.0,2026-08-04 23:40:00,De Anza Blvd,419057,23,Tuesday,False
08/04/2026,23:45,145.0,68.6,4,0.0,2026-08-04 23:45:00,De Anza Blvd,419057,23,Tuesday,False
08/04/2026,23:50,135.0,68.6,4,0.0,2026-08-04 23:50:00,De Anza Blvd,419057,23,Tuesday,False
08/04/2026,23:55,132.0,68.6,4,0.0,2026-08-04 23:55:00,De Anza Blvd,419057,23,Tuesday,False
08/05/2026,00:00,119.0,69.2,4,0.0,2026-08-05 00:00:00,De Anza Blvd,419057,0,Wednesday,False
08/05/2026,00:05,111.0,69.0,4,0.0,2026-08-05 00:05:00,De Anza Blvd,419057,0,Wednesday,False
08/05/2026,00:10,113.0,69.0,4,0.0,2026-08-05 00:10:00,De Anza Blvd,419057,0,Wednesday,False
08/05/2026,00:15,109.0,68.8,4,0.0,2026-08-05 00:15:00,De Anza Blvd,419057,0,Wednesday,False
08/05/2026,00:20,105.0,68.7,4,0.0,2026-08-05 00:20:00,De Anza Blvd,419057,0,Wednesday,False
08/05/2026,00:25,100.0,68.6,4,0.0,2026-08-05 00:25:00,De Anza Blvd,419057,0,Wednesday,False
08/05/2026,00:30,90.0,68.5,4,0.0,2026-08-05 00:30:00,De Anza Blvd,419057,0,Wednesday,False
08/05/2026,00:35,86.0,68.4,4,0.0,2026-08-05 00:35:00,De Anza Blvd,419057,0,Wednesday,False
08/05/2026,00:40,82.0,68.3,4,0.0,2026-08-05 00:40:00,De Anza Blvd,419057,0,Wednesday,False
08/05/2026,00:45,82.0,68.2,4,0.0,2026-08-05 00:45:00,De Anza Blvd,419057,0,Wednesday,False
08/05/2026,00:50,72.0,68.2,4,0.0,2026-08-05 00:50:00,De Anza Blvd,419057,0,Wednesday,False
08/05/2026,00:55,70.0,68.2,4,0.0,2026-08-05 00:55:00,De Anza Blvd,419057,0,Wednesday,False
08/05/2026,01:00,67.0,68.3,4,0.0,2026-08-05 01:00:00,De Anza Blvd,419057,1,Wednesday,False
08/05/2026,01:05,67.0,68.3,4,0.0,2026-08-05 01:05:00,De Anza Blvd,419057,1,Wednesday,False
08/05/2026,01:10,65.0,68.5,4,0.0,2026-08-05 01:10:00,De Anza Blvd,419057,1,Wednesday,False
08/05/2026,01:15,60.0,68.4,4,0.0,2026-08-05 01:15:00,De Anza Blvd,419057,1,Wednesday,False
08/05/2026,01:20,56.0,68.3,4,0.0,2026-08-05 01:20:00,De Anza Blvd,419057,1,Wednesday,False
08/05/2026,01:25,55.0,68.1,4,0.0,2026-08-05 01:25:00,De Anza Blvd,419057,1,Wednesday,False
08/05/2026,01:30,53.0,68.1,4,0.0,2026-08-05 01:30:00,De Anza Blvd,419057,1,Wednesday,False
08/05/2026,01:35,53.0,68.1,4,0.0,2026-08-05 01:35:00,De Anza Blvd,419057,1,Wednesday,False
08/05/2026,01:40,55.0,68.1,4,0.0,2026-08-05 01:40:00,De Anza Blvd,419057,1,Wednesday,False
08/05/2026,01:45,53.0,68.1,4,0.0,2026-08-05 01:45:00,De Anza Blvd,419057,1,Wednesday,False
08/05/2026,01:50,52.0,68.2,4,0.0,2026-08-05 01:50:00,De Anza Blvd,419057,1,Wednesday,False
08/05/2026,01:55,49.0,68.1,4,0.0,2026-08-05 01:55:00,De Anza Blvd,419057,1,Wednesday,False
08/05/2026,02:00,47.0,68.2,4,0.0,2026-08-05 02:00:00,De Anza Blvd,419057,2,Wednesday,False
08/05/2026,02:05,47.0,68.2,4,0.0,2026-08-05 02:05:00,De Anza Blvd,419057,2,Wednesday,False
08/05/2026,02:10,49.0,68.2,4,0.0,2026-08-05 02:10:00,De Anza Blvd,419057,2,Wednesday,False
08/05/2026,02:15,51.0,68.3,4,0.0,2026-08-05 02:15:00,De Anza Blvd,419057,2,Wednesday,False
08/05/2026,02:20,49.0,68.1,4,0.0,2026-08-05 02:20:00,De Anza Blvd,419057,2,Wednesday,False
08/05/2026,02:25,49.0,68.1,4,0.0,2026-08-05 02:25:00,De Anza Blvd,419057,2,Wednesday,False
08/05/2026,02:30,51.0,68.1,4,0.0,2026-08-05 02:30:00,De Anza Blvd,419057,2,Wednesday,False
08/05/2026,02:35,53.0,68.1,4,0.0,2026-08-05 02:35:00,De Anza Blvd,419057,2,Wednesday,False
08/05/2026,02:40,53.0,67.9,4,0.0,2026-08-05 02:40:00,De Anza Blvd,419057,2,Wednesday,False
08/05/2026,02:45,53.0,67.9,4,0.0,2026-08-05 02:45:00,De Anza Blvd,419057,2,Wednesday,False
08/05/2026,02:50,53.0,67.8,4,0.0,2026-08-05 02:50:00,De Anza Blvd,419057,2,Wednesday,False
08/05/2026,02:55,53.0,67.9,4,0.0,2026-08-05 02:55:00,De Anza Blvd,419057,2,Wednesday,False
08/05/2026,03:00,52.0,67.8,4,0.0,2026-08-05 03:00:00,De Anza Blvd,419057,3,Wednesday,False
08/05/2026,03:05,53.0,67.8,4,0.0,2026-08-05 03:05:00,De Anza Blvd,419057,3,Wednesday,False
08/05/2026,03:10,56.0,68.0,4,0.0,2026-08-05 03:10:00,De Anza Blvd,419057,3,Wednesday,False
08/05/2026,03:15,59.0,67.9,4,0.0,2026-08-05 03:15:00,De Anza Blvd,419057,3,Wednesday,False
08/05/2026,03:20,63.0,67.9,4,0.0,2026-08-05 03:20:00,De Anza Blvd,419057,3,Wednesday,False
08/05/2026,03:25,67.0,67.9,4,0.0,2026-08-05 03:25:00,De Anza Blvd,419057,3,Wednesday,False
08/05/2026,03:30,72.0,68.0,4,0.0,2026-08-05 03:30:00,De Anza Blvd,419057,3,Wednesday,False
08/05/2026,03:35,79.0,68.4,4,0.0,2026-08-05 03:35:00,De Anza Blvd,419057,3,Wednesday,False
08/05/2026,03:40,85.0,68.5,4,0.0,2026-08-05 03:40:00,De Anza Blvd,419057,3,Wednesday,False
08/05/2026,03:45,88.0,68.5,4,0.0,2026-08-05 03:45:00,De Anza Blvd,419057,3,Wednesday,False
08/05/2026,03:50,90.0,68.7,4,0.0,2026-08-05 03:50:00,De Anza Blvd,419057,3,Wednesday,False
08/05/2026,03:55,96.0,68.7,4,0.0,2026-08-05 03:55:00,De Anza Blvd,419057,3,Wednesday,False
08/05/2026,04:00,97.0,68.6,4,0.0,2026-08-05 04:00:00,De Anza Blvd,419057,4,Wednesday,False
08/05/2026,04:05,105.0,68.6,4,0.0,2026-08-05 04:05:00,De Anza Blvd,419057,4,Wednesday,False
08/05/2026,04:10,119.0,68.7,4,0.0,2026-08-05 04:10:00,De Anza Blvd,419057,4,Wednesday,False
08/05/2026,04:15,135.0,68.9,4,0.0,2026-08-05 04:15:00,De Anza Blvd,419057,4,Wednesday,False
08/05/2026,04:20,147.0,69.1,4,0.0,2026-08-05 04:20:00,De Anza Blvd,419057,4,Wednesday,False
08/05/2026,04:25,164.0,69.1,4,0.0,2026-08-05 04:25:00,De Anza Blvd,419057,4,Wednesday,False
08/05/2026,04:30,183.0,69.4,4,0.0,2026-08-05 04:30:00,De Anza Blvd,419057,4,Wednesday,False
08/05/2026,04:35,203.0,69.5,4,0.0,2026-08-05 04:35:00,De Anza Blvd,419057,4,Wednesday,False
08/05/2026,04:40,227.0,69.6,4,0.0,2026-08-05 04:40:00,De Anza Blvd,419057,4,Wednesday,False
08/05/2026,04:45,242.0,69.5,4,0.0,2026-08-05 04:45:00,De Anza Blvd,419057,4,Wednesday,False
08/05/2026,04:50,250.0,69.4,4,0.0,2026-08-05 04:50:00,De Anza Blvd,419057,4,Wednesday,False
08/05/2026,04:55,253.0,69.2,4,0.0,2026-08-05 04:55:00,De Anza Blvd,419057,4,Wednesday,False
08/05/2026,05:00,258.0,70.1,4,0.0,2026-08-05 05:00:00,De Anza Blvd,419057,5,Wednesday,False
08/05/2026,05:05,279.0,70.1,4,0.0,2026-08-05 05:05:00,De Anza Blvd,419057,5,Wednesday,False
08/05/2026,05:10,305.0,70.0,4,0.0,2026-08-05 05:10:00,De Anza Blvd,419057,5,Wednesday,False
08/05/2026,05:15,327.0,69.7,4,0.0,2026-08-05 05:15:00,De Anza Blvd,419057,5,Wednesday,False
08/05/2026,05:20,353.0,69.4,4,0.0,2026-08-05 05:20:00,De Anza Blvd,419057,5,Wednesday,False
08/05/2026,05:25,373.0,69.7,4,0.0,2026-08-05 05:25:00,De Anza Blvd,419057,5,Wednesday,False
08/05/2026,05:30,400.0,69.1,4,0.0,2026-08-05 05:30:00,De Anza Blvd,419057,5,Wednesday,False
08/05/2026,05:35,415.0,69.0,4,0.0,2026-08-05 05:35:00,De Anza Blvd,419057,5,Wednesday,False
08/05/2026,05:40,428.0,68.5,4,0.0,2026-08-05 05:40:00,De Anza Blvd,419057,5,Wednesday,False
08/05/2026,05:45,435.0,67.9,4,0.0,2026-08-05 05:45:00,De Anza Blvd,419057,5,Wednesday,False
08/05/2026,05:50,429.0,67.9,4,0.0,2026-08-05 05:50:00,De Anza Blvd,419057,5,Wednesday,False
08/05/2026,05:55,421.0,67.9,4,0.0,2026-08-05 05:55:00,De Anza Blvd,419057,5,Wednesday,False
08/05/2026,06:00,416.0,66.8,4,0.0,2026-08-05 06:00:00,De Anza Blvd,419057,6,Wednesday,False
08/05/2026,06:05,415.0,65.3,4,0.0,2026-08-05 06:05:00,De Anza Blvd,419057,6,Wednesday,False
08/05/2026,06:10,406.0,64.5,4,0.0,2026-08-05 06:10:00,De Anza Blvd,419057,6,Wednesday,False
08/05/2026,06:15,402.0,63.9,4,0.0,2026-08-05 06:15:00,De Anza Blvd,419057,6,Wednesday,False
08/05/2026,06:20,426.0,63.3,4,0.0,2026-08-05 06:20:00,De Anza Blvd,419057,6,Wednesday,False
08/05/2026,06:25,451.0,62.8,4,0.0,2026-08-05 06:25:00,De Anza Blvd,419057,6,Wednesday,False
08/05/2026,06:30,455.0,62.4,4,0.0,2026-08-05 06:30:00,De Anza Blvd,419057,6,Wednesday,False
08/05/2026,06:35,459.0,62.0,4,0.0,2026-08-05 06:35:00,De Anza Blvd,419057,6,Wednesday,False
08/05/2026,06:40,464.0,61.5,4,0.0,2026-08-05 06:40:00,De Anza Blvd,419057,6,Wednesday,False
08/05/2026,06:45,464.0,61.0,4,0.0,2026-08-05 06:45:00,De Anza Blvd,419057,6,Wednesday,False
08/05/2026,06:50,455.0,60.8,4,0.0,2026-08-05 06:50:00,De Anza Blvd,419057,6,Wednesday,False
08/05/2026,06:55,455.0,60.6,4,0.0,2026-08-05 06:55:00,De Anza Blvd,419057,6,Wednesday,False
08/05/2026,07:00,449.0,60.3,4,0.0,2026-08-05 07:00:00,De Anza Blvd,419057,7,Wednesday,False
08/05/2026,07:05,449.0,60.1,4,0.0,2026-08-05 07:05:00,De Anza Blvd,419057,7,Wednesday,False
08/05/2026,07:10,455.0,59.3,4,0.0,2026-08-05 07:10:00,De Anza Blvd,419057,7,Wednesday,False
08/05/2026,07:15,461.0,58.4,4,0.0,2026-08-05 07:15:00,De Anza Blvd,419057,7,Wednesday,False
08/05/2026,07:20,459.0,57.4,4,0.0,2026-08-05 07:20:00,De Anza Blvd,419057,7,Wednesday,False
08/05/2026,07:25,455.0,56.7,4,0.0,2026-08-05 07:25:00,De Anza Blvd,419057,7,Wednesday,False
08/05/2026,07:30,449.0,56.3,4,0.0,2026-08-05 07:30:00,De Anza Blvd,419057,7,Wednesday,False
08/05/2026,07:35,451.0,55.3,4,0.0,2026-08-05 07:35:00,De Anza Blvd,419057,7,Wednesday,False
08/05/2026,07:40,451.0,54.6,4,0.0,2026-08-05 07:40:00,De Anza Blvd,419057,7,Wednesday,False
08/05/2026,07:45,459.0,53.9,4,0.0,2026-08-05 07:45:00,De Anza Blvd,419057,7,Wednesday,False
08/05/2026,07:50,455.0,53.6,4,0.0,2026-08-05 07:50:00,De Anza Blvd,419057,7,Wednesday,False
08/05/2026,07:55,438.0,54.0,4,0.0,2026-08-05 07:55:00,De Anza Blvd,419057,7,Wednesday,False
08/05/2026,08:00,425.0,54.9,4,0.0,2026-08-05 08:00:00,De Anza Blvd,419057,8,Wednesday,False
08/05/2026,08:05,425.0,55.6,4,0.0,2026-08-05 08:05:00,De Anza Blvd,419057,8,Wednesday,False
08/05/2026,08:10,431.0,55.5,4,0.0,2026-08-05 08:10:00,De Anza Blvd,419057,8,Wednesday,False
08/05/2026,08:15,434.0,56.0,4,0.0,2026-08-05 08:15:00,De Anza Blvd,419057,8,Wednesday,False
08/05/2026,08:20,435.0,56.4,4,0.0,2026-08-05 08:20:00,De Anza Blvd,419057,8,Wednesday,False
08/05/2026,08:25,432.0,56.7,4,0.0,2026-08-05 08:25:00,De Anza Blvd,419057,8,Wednesday,False
08/05/2026,08:30,431.0,56.9,4,0.0,2026-08-05 08:30:00,De Anza Blvd,419057,8,Wednesday,False
08/05/2026,08:35,429.0,56.9,4,0.0,2026-08-05 08:35:00,De Anza Blvd,419057,8,Wednesday,False
08/05/2026,08:40,439.0,57.1,4,0.0,2026-08-05 08:40:00,De Anza Blvd,419057,8,Wednesday,False
08/05/2026,08:45,441.0,57.4,4,0.0,2026-08-05 08:45:00,De Anza Blvd,419057,8,Wednesday,False
08/05/2026,08:50,439.0,57.7,4,0.0,2026-08-05 08:50:00,De Anza Blvd,419057,8,Wednesday,False
08/05/2026,08:55,421.0,57.9,4,0.0,2026-08-05 08:55:00,De Anza Blvd,419057,8,Wednesday,False
08/05/2026,09:00,413.0,58.5,4,0.0,2026-08-05 09:00:00,De Anza Blvd,419057,9,Wednesday,False
08/05/2026,09:05,407.0,58.8,4,0.0,2026-08-05 09:05:00,De Anza Blvd,419057,9,Wednesday,False
08/05/2026,09:10,415.0,58.9,4,0.0,2026-08-05 09:10:00,De Anza Blvd,419057,9,Wednesday,False
08/05/2026,09:15,415.0,59.3,4,0.0,2026-08-05 09:15:00,De Anza Blvd,419057,9,Wednesday,False
08/05/2026,09:20,416.0,59.3,4,0.0,2026-08-05 09:20:00,De Anza Blvd,419057,9,Wednesday,False
08/05/2026,09:25,445.0,59.7,4,0.0,2026-08-05 09:25:00,De Anza Blvd,419057,9,Wednesday,False
08/05/2026,09:30,466.0,59.9,4,0.0,2026-08-05 09:30:00,De Anza Blvd,419057,9,Wednesday,False
08/05/2026,09:35,446.0,59.8,4,0.0,2026-08-05 09:35:00,De Anza Blvd,419057,9,Wednesday,False
08/05/2026,09:40,445.0,60.1,4,0.0,2026-08-05 09:40:00,De Anza Blvd,419057,9,Wednesday,False
08/05/2026,09:45,455.0,59.9,4,0.0,2026-08-05 09:45:00,De Anza Blvd,419057,9,Wednesday,False
08/05/2026,09:50,439.0,59.8,4,0.0,2026-08-05 09:50:00,De Anza Blvd,419057,9,Wednesday,False
08/05/2026,09:55,455.0,60.5,4,0.0,2026-08-05 09:55:00,De Anza Blvd,419057,9,Wednesday,False
08/05/2026,10:00,519.0,60.5,4,0.0,2026-08-05 10:00:00,De Anza Blvd,419057,10,Wednesday,False
08/05/2026,10:05,492.0,60.5,4,0.0,2026-08-05 10:05:00,De Anza Blvd,419057,10,Wednesday,False
08/05/2026,10:10,492.0,60.4,4,0.0,2026-08-05 10:10:00,De Anza Blvd,419057,10,Wednesday,False
08/05/2026,10:15,491.0,60.6,4,0.0,2026-08-05 10:15:00,De Anza Blvd,419057,10,Wednesday,False
08/05/2026,10:20,495.0,60.8,4,0.0,2026-08-05 10:20:00,De Anza Blvd,419057,10,Wednesday,False
08/05/2026,10:25,478.0,60.9,4,0.0,2026-08-05 10:25:00,De Anza Blvd,419057,10,Wednesday,False
08/05/2026,10:30,480.0,60.9,4,0.0,2026-08-05 10:30:00,De Anza Blvd,419057,10,Wednesday,False
08/05/2026,10:35,489.0,61.1,4,0.0,2026-08-05 10:35:00,De Anza Blvd,419057,10,Wednesday,False
08/05/2026,10:40,459.0,61.1,4,0.0,2026-08-05 10:40:00,De Anza Blvd,419057,10,Wednesday,False
08/05/2026,10:45,469.0,61.2,4,0.0,2026-08-05 10:45:00,De Anza Blvd,419057,10,Wednesday,False
08/05/2026,10:50,469.0,61.2,4,0.0,2026-08-05 10:50:00,De Anza Blvd,419057,10,Wednesday,False
08/05/2026,10:55,464.0,61.4,4,0.0,2026-08-05 10:55:00,De Anza Blvd,419057,10,Wednesday,False
08/05/2026,11:00,461.0,61.4,4,0.0,2026-08-05 11:00:00,De Anza Blvd,419057,11,Wednesday,False
08/05/2026,11:05,468.0,61.5,4,0.0,2026-08-05 11:05:00,De Anza Blvd,419057,11,Wednesday,False
08/05/2026,11:10,464.0,61.5,4,0.0,2026-08-05 11:10:00,De Anza Blvd,419057,11,Wednesday,False
08/05/2026,11:15,478.0,61.6,4,0.0,2026-08-05 11:15:00,De Anza Blvd,419057,11,Wednesday,False
08/05/2026,11:20,457.0,61.6,4,0.0,2026-08-05 11:20:00,De Anza Blvd,419057,11,Wednesday,False
08/05/2026,11:25,469.0,61.7,4,0.0,2026-08-05 11:25:00,De Anza Blvd,419057,11,Wednesday,False
08/05/2026,11:30,460.0,61.7,4,0.0,2026-08-05 11:30:00,De Anza Blvd,419057,11,Wednesday,False
08/05/2026,11:35,455.0,61.8,4,0.0,2026-08-05 11:35:00,De Anza Blvd,419057,11,Wednesday,False
08/05/2026,11:40,457.0,61.8,4,0.0,2026-08-05 11:40:00,De Anza Blvd,419057,11,Wednesday,False
08/05/2026,11:45,455.0,61.9,4,0.0,2026-08-05 11:45:00,De Anza Blvd,419057,11,Wednesday,False
08/05/2026,11:50,452.0,61.8,4,0.0,2026-08-05 11:50:00,De Anza Blvd,419057,11,Wednesday,False
08/05/2026,11:55,455.0,62.0,4,0.0,2026-08-05 11:55:00,De Anza Blvd,419057,11,Wednesday,False
08/05/2026,12:00,455.0,61.9,4,0.0,2026-08-05 12:00:00,De Anza Blvd,419057,12,Wednesday,False
08/05/2026,12:05,455.0,61.8,4,0.0,2026-08-05 12:05:00,De Anza Blvd,419057,12,Wednesday,False
08/05/2026,12:10,478.0,61.8,4,0.0,2026-08-05 12:10:00,De Anza Blvd,419057,12,Wednesday,False
08/05/2026,12:15,460.0,61.8,4,0.0,2026-08-05 12:15:00,De Anza Blvd,419057,12,Wednesday,False
08/05/2026,12:20,478.0,61.9,4,0.0,2026-08-05 12:20:00,De Anza Blvd,419057,12,Wednesday,False
08/05/2026,12:25,466.0,62.0,4,0.0,2026-08-05 12:25:00,De Anza Blvd,419057,12,Wednesday,False
08/05/2026,12:30,488.0,62.1,4,0.0,2026-08-05 12:30:00,De Anza Blvd,419057,12,Wednesday,False
08/05/2026,12:35,464.0,62.2,4,0.0,2026-08-05 12:35:00,De Anza Blvd,419057,12,Wednesday,False
08/05/2026,12:40,464.0,62.4,4,0.0,2026-08-05 12:40:00,De Anza Blvd,419057,12,Wednesday,False
08/05/2026,12:45,468.0,62.5,4,0.0,2026-08-05 12:45:00,De Anza Blvd,419057,12,Wednesday,False
08/05/2026,12:50,462.0,62.6,4,0.0,2026-08-05 12:50:00,De Anza Blvd,419057,12,Wednesday,False
08/05/2026,12:55,457.0,62.7,4,0.0,2026-08-05 12:55:00,De Anza Blvd,419057,12,Wednesday,False
08/05/2026,13:00,457.0,62.7,4,0.0,2026-08-05 13:00:00,De Anza Blvd,419057,13,Wednesday,False
08/05/2026,13:05,462.0,62.8,4,0.0,2026-08-05 13:05:00,De Anza Blvd,419057,13,Wednesday,False
08/05/2026,13:10,473.0,63.0,4,0.0,2026-08-05 13:10:00,De Anza Blvd,419057,13,Wednesday,False
08/05/2026,13:15,485.0,62.9,4,0.0,2026-08-05 13:15:00,De Anza Blvd,419057,13,Wednesday,False
08/05/2026,13:20,491.0,63.0,4,0.0,2026-08-05 13:20:00,De Anza Blvd,419057,13,Wednesday,False
08/05/2026,13:25,492.0,63.0,4,0.0,2026-08-05 13:25:00,De Anza Blvd,419057,13,Wednesday,False
08/05/2026,13:30,492.0,63.0,4,0.0,2026-08-05 13:30:00,De Anza Blvd,419057,13,Wednesday,False
08/05/2026,13:35,502.0,63.0,4,0.0,2026-08-05 13:35:00,De Anza Blvd,419057,13,Wednesday,False
08/05/2026,13:40,514.0,63.0,4,0.0,2026-08-05 13:40:00,De Anza Blvd,419057,13,Wednesday,False
08/05/2026,13:45,507.0,63.1,4,0.0,2026-08-05 13:45:00,De Anza Blvd,419057,13,Wednesday,False
08/05/2026,13:50,502.0,63.0,4,0.0,2026-08-05 13:50:00,De Anza Blvd,419057,13,Wednesday,False
08/05/2026,13:55,492.0,63.0,4,0.0,2026-08-05 13:55:00,De Anza Blvd,419057,13,Wednesday,False
08/05/2026,14:00,492.0,63.0,4,0.0,2026-08-05 14:00:00,De Anza Blvd,419057,14,Wednesday,False
08/05/2026,14:05,501.0,62.1,4,0.0,2026-08-05 14:05:00,De Anza Blvd,419057,14,Wednesday,False
08/05/2026,14:10,515.0,61.9,4,0.0,2026-08-05 14:10:00,De Anza Blvd,419057,14,Wednesday,False
08/05/2026,14:15,521.0,61.0,4,0.0,2026-08-05 14:15:00,De Anza Blvd,419057,14,Wednesday,False
08/05/2026,14:20,518.0,60.4,4,0.0,2026-08-05 14:20:00,De Anza Blvd,419057,14,Wednesday,False
08/05/2026,14:25,517.0,60.0,4,0.0,2026-08-05 14:25:00,De Anza Blvd,419057,14,Wednesday,False
08/05/2026,14:30,517.0,59.2,4,0.0,2026-08-05 14:30:00,De Anza Blvd,419057,14,Wednesday,False
08/05/2026,14:35,527.0,59.5,4,0.0,2026-08-05 14:35:00,De Anza Blvd,419057,14,Wednesday,False
08/05/2026,14:40,541.0,57.2,4,0.0,2026-08-05 14:40:00,De Anza Blvd,419057,14,Wednesday,False
08/05/2026,14:45,539.0,57.4,4,0.0,2026-08-05 14:45:00,De Anza Blvd,419057,14,Wednesday,False
08/05/2026,14:50,525.0,57.4,4,0.0,2026-08-05 14:50:00,De Anza Blvd,419057,14,Wednesday,False
08/05/2026,14:55,515.0,57.9,4,0.0,2026-08-05 14:55:00,De Anza Blvd,419057,14,Wednesday,False
08/05/2026,15:00,501.0,58.0,4,0.0,2026-08-05 15:00:00,De Anza Blvd,419057,15,Wednesday,False
08/05/2026,15:05,503.0,57.9,4,0.0,2026-08-05 15:05:00,De Anza Blvd,419057,15,Wednesday,False
08/05/2026,15:10,520.0,58.3,4,0.0,2026-08-05 15:10:00,De Anza Blvd,419057,15,Wednesday,False
08/05/2026,15:15,523.0,58.8,4,0.0,2026-08-05 15:15:00,De Anza Blvd,419057,15,Wednesday,False
08/05/2026,15:20,519.0,58.2,4,0.0,2026-08-05 15:20:00,De Anza Blvd,419057,15,Wednesday,False
08/05/2026,15:25,515.0,59.1,4,0.0,2026-08-05 15:25:00,De Anza Blvd,419057,15,Wednesday,False
08/05/2026,15:30,519.0,59.2,4,0.0,2026-08-05 15:30:00,De Anza Blvd,419057,15,Wednesday,False
08/05/2026,15:35,530.0,58.9,4,0.0,2026-08-05 15:35:00,De Anza Blvd,419057,15,Wednesday,False
08/05/2026,15:40,539.0,58.7,4,0.0,2026-08-05 15:40:00,De Anza Blvd,419057,15,Wednesday,False
08/05/2026,15:45,534.0,58.8,4,0.0,2026-08-05 15:45:00,De Anza Blvd,419057,15,Wednesday,False
08/05/2026,15:50,520.0,58.4,4,0.0,2026-08-05 15:50:00,De Anza Blvd,419057,15,Wednesday,False
08/05/2026,15:55,517.0,58.9,4,0.0,2026-08-05 15:55:00,De Anza Blvd,419057,15,Wednesday,False
08/05/2026,16:00,496.0,60.0,4,0.0,2026-08-05 16:00:00,De Anza Blvd,419057,16,Wednesday,False
08/05/2026,16:05,511.0,60.9,4,0.0,2026-08-05 16:05:00,De Anza Blvd,419057,16,Wednesday,False
08/05/2026,16:10,531.0,60.6,4,0.0,2026-08-05 16:10:00,De Anza Blvd,419057,16,Wednesday,False
08/05/2026,16:15,527.0,61.0,4,0.0,2026-08-05 16:15:00,De Anza Blvd,419057,16,Wednesday,False
08/05/2026,16:20,519.0,61.0,4,0.0,2026-08-05 16:20:00,De Anza Blvd,419057,16,Wednesday,False
08/05/2026,16:25,507.0,61.2,4,0.0,2026-08-05 16:25:00,De Anza Blvd,419057,16,Wednesday,False
08/05/2026,16:30,511.0,61.8,4,0.0,2026-08-05 16:30:00,De Anza Blvd,419057,16,Wednesday,False
08/05/2026,16:35,521.0,62.0,4,0.0,2026-08-05 16:35:00,De Anza Blvd,419057,16,Wednesday,False
08/05/2026,16:40,520.0,61.4,4,0.0,2026-08-05 16:40:00,De Anza Blvd,419057,16,Wednesday,False
08/05/2026,16:45,518.0,60.5,4,0.0,2026-08-05 16:45:00,De Anza Blvd,419057,16,Wednesday,False
08/05/2026,16:50,514.0,60.6,4,0.0,2026-08-05 16:50:00,De Anza Blvd,419057,16,Wednesday,False
08/05/2026,16:55,507.0,61.4,4,0.0,2026-08-05 16:55:00,De Anza Blvd,419057,16,Wednesday,False
08/05/2026,17:00,491.0,61.3,4,0.0,2026-08-05 17:00:00,De Anza Blvd,419057,17,Wednesday,False
08/05/2026,17:05,513.0,61.3,4,0.0,2026-08-05 17:05:00,De Anza Blvd,419057,17,Wednesday,False
08/05/2026,17:10,507.0,60.7,4,0.0,2026-08-05 17:10:00,De Anza Blvd,419057,17,Wednesday,False
08/05/2026,17:15,505.0,59.3,4,0.0,2026-08-05 17:15:00,De Anza Blvd,419057,17,Wednesday,False
08/05/2026,17:20,499.0,58.4,4,0.0,2026-08-05 17:20:00,De Anza Blvd,419057,17,Wednesday,False
08/05/2026,17:25,497.0,58.3,4,0.0,2026-08-05 17:25:00,De Anza Blvd,419057,17,Wednesday,False
08/05/2026,17:30,493.0,58.2,4,0.0,2026-08-05 17:30:00,De Anza Blvd,419057,17,Wednesday,False
08/05/2026,17:35,499.0,59.4,4,0.0,2026-08-05 17:35:00,De Anza Blvd,419057,17,Wednesday,False
08/05/2026,17:40,501.0,59.3,4,0.0,2026-08-05 17:40:00,De Anza Blvd,419057,17,Wednesday,False
08/05/2026,17:45,497.0,60.1,4,0.0,2026-08-05 17:45:00,De Anza Blvd,419057,17,Wednesday,False
08/05/2026,17:50,483.0,61.5,4,0.0,2026-08-05 17:50:00,De Anza Blvd,419057,17,Wednesday,False
08/05/2026,17:55,468.0,62.2,4,0.0,2026-08-05 17:55:00,De Anza Blvd,419057,17,Wednesday,False
08/05/2026,18:00,469.0,62.9,4,0.0,2026-08-05 18:00:00,De Anza Blvd,419057,18,Wednesday,False
08/05/2026,18:05,468.0,63.8,4,0.0,2026-08-05 18:05:00,De Anza Blvd,419057,18,Wednesday,False
08/05/2026,18:10,487.0,63.9,4,0.0,2026-08-05 18:10:00,De Anza Blvd,419057,18,Wednesday,False
08/05/2026,18:15,491.0,64.1,4,0.0,2026-08-05 18:15:00,De Anza Blvd,419057,18,Wednesday,False
08/05/2026,18:20,483.0,64.4,4,0.0,2026-08-05 18:20:00,De Anza Blvd,419057,18,Wednesday,False
08/05/2026,18:25,487.0,64.6,4,0.0,2026-08-05 18:25:00,De Anza Blvd,419057,18,Wednesday,False
08/05/2026,18:30,470.0,65.0,4,0.0,2026-08-05 18:30:00,De Anza Blvd,419057,18,Wednesday,False
08/05/2026,18:35,455.0,65.2,4,0.0,2026-08-05 18:35:00,De Anza Blvd,419057,18,Wednesday,False
08/05/2026,18:40,464.0,65.4,4,0.0,2026-08-05 18:40:00,De Anza Blvd,419057,18,Wednesday,False
08/05/2026,18:45,472.0,65.7,4,0.0,2026-08-05 18:45:00,De Anza Blvd,419057,18,Wednesday,False
08/05/2026,18:50,459.0,65.9,4,0.0,2026-08-05 18:50:00,De Anza Blvd,419057,18,Wednesday,False
08/05/2026,18:55,445.0,66.0,4,0.0,2026-08-05 18:55:00,De Anza Blvd,419057,18,Wednesday,False
08/05/2026,19:00,446.0,66.4,4,0.0,2026-08-05 19:00:00,De Anza Blvd,419057,19,Wednesday,False
08/05/2026,19:05,449.0,66.6,4,0.0,2026-08-05 19:05:00,De Anza Blvd,419057,19,Wednesday,False
08/05/2026,19:10,446.0,66.7,4,0.0,2026-08-05 19:10:00,De Anza Blvd,419057,19,Wednesday,False
08/05/2026,19:15,441.0,66.8,4,0.0,2026-08-05 19:15:00,De Anza Blvd,419057,19,Wednesday,False
08/05/2026,19:20,438.0,66.9,4,0.0,2026-08-05 19:20:00,De Anza Blvd,419057,19,Wednesday,False
08/05/2026,19:25,422.0,67.0,4,0.0,2026-08-05 19:25:00,De Anza Blvd,419057,19,Wednesday,False
08/05/2026,19:30,415.0,67.1,4,0.0,2026-08-05 19:30:00,De Anza Blvd,419057,19,Wednesday,False
08/05/2026,19:35,407.0,67.2,4,0.0,2026-08-05 19:35:00,De Anza Blvd,419057,19,Wednesday,False
08/05/2026,19:40,401.0,67.5,4,0.0,2026-08-05 19:40:00,De Anza Blvd,419057,19,Wednesday,False
08/05/2026,19:45,392.0,67.5,4,0.0,2026-08-05 19:45:00,De Anza Blvd,419057,19,Wednesday,False
08/05/2026,19:50,384.0,67.6,4,0.0,2026-08-05 19:50:00,De Anza Blvd,419057,19,Wednesday,False
08/05/2026,19:55,373.0,67.6,4,0.0,2026-08-05 19:55:00,De Anza Blvd,419057,19,Wednesday,False
08/05/2026,20:00,359.0,67.8,4,0.0,2026-08-05 20:00:00,De Anza Blvd,419057,20,Wednesday,False
08/05/2026,20:05,359.0,67.8,4,0.0,2026-08-05 20:05:00,De Anza Blvd,419057,20,Wednesday,False
08/05/2026,20:10,363.0,67.9,4,0.0,2026-08-05 20:10:00,De Anza Blvd,419057,20,Wednesday,False
08/05/2026,20:15,361.0,67.9,4,0.0,2026-08-05 20:15:00,De Anza Blvd,419057,20,Wednesday,False
08/05/2026,20:20,354.0,67.9,4,0.0,2026-08-05 20:20:00,De Anza Blvd,419057,20,Wednesday,False
08/05/2026,20:25,346.0,67.9,4,0.0,2026-08-05 20:25:00,De Anza Blvd,419057,20,Wednesday,False
08/05/2026,20:30,340.0,67.8,4,0.0,2026-08-05 20:30:00,De Anza Blvd,419057,20,Wednesday,False
08/05/2026,20:35,336.0,67.8,4,0.0,2026-08-05 20:35:00,De Anza Blvd,419057,20,Wednesday,False
08/05/2026,20:40,333.0,67.7,4,0.0,2026-08-05 20:40:00,De Anza Blvd,419057,20,Wednesday,False
08/05/2026,20:45,333.0,67.6,4,0.0,2026-08-05 20:45:00,De Anza Blvd,419057,20,Wednesday,False
08/05/2026,20:50,327.0,67.5,4,0.0,2026-08-05 20:50:00,De Anza Blvd,419057,20,Wednesday,False
08/05/2026,20:55,322.0,67.4,4,0.0,2026-08-05 20:55:00,De Anza Blvd,419057,20,Wednesday,False
08/05/2026,21:00,324.0,67.9,4,0.0,2026-08-05 21:00:00,De Anza Blvd,419057,21,Wednesday,False
08/05/2026,21:05,325.0,68.2,4,0.0,2026-08-05 21:05:00,De Anza Blvd,419057,21,Wednesday,False
08/05/2026,21:10,333.0,68.3,4,0.0,2026-08-05 21:10:00,De Anza Blvd,419057,21,Wednesday,False
08/05/2026,21:15,335.0,68.3,4,0.0,2026-08-05 21:15:00,De Anza Blvd,419057,21,Wednesday,False
08/05/2026,21:20,329.0,68.3,4,0.0,2026-08-05 21:20:00,De Anza Blvd,419057,21,Wednesday,False
08/05/2026,21:25,326.0,68.4,4,0.0,2026-08-05 21:25:00,De Anza Blvd,419057,21,Wednesday,False
08/05/2026,21:30,322.0,68.5,4,0.0,2026-08-05 21:30:00,De Anza Blvd,419057,21,Wednesday,False
08/05/2026,21:35,319.0,68.6,4,0.0,2026-08-05 21:35:00,De Anza Blvd,419057,21,Wednesday,False
08/05/2026,21:40,320.0,68.6,4,0.0,2026-08-05 21:40:00,De Anza Blvd,419057,21,Wednesday,False
08/05/2026,21:45,320.0,68.8,4,0.0,2026-08-05 21:45:00,De Anza Blvd,419057,21,Wednesday,False
08/05/2026,21:50,306.0,68.8,4,0.0,2026-08-05 21:50:00,De Anza Blvd,419057,21,Wednesday,False
08/05/2026,21:55,297.0,69.0,4,0.0,2026-08-05 21:55:00,De Anza Blvd,419057,21,Wednesday,False
08/05/2026,22:00,291.0,68.8,4,0.0,2026-08-05 22:00:00,De Anza Blvd,419057,22,Wednesday,False
08/05/2026,22:05,292.0,68.7,4,0.0,2026-08-05 22:05:00,De Anza Blvd,419057,22,Wednesday,False
08/05/2026,22:10,296.0,68.8,4,0.0,2026-08-05 22:10:00,De Anza Blvd,419057,22,Wednesday,False
08/05/2026,22:15,291.0,68.8,4,0.0,2026-08-05 22:15:00,De Anza Blvd,419057,22,Wednesday,False
08/05/2026,22:20,283.0,68.7,4,0.0,2026-08-05 22:20:00,De Anza Blvd,419057,22,Wednesday,False
08/05/2026,22:25,272.0,68.7,4,0.0,2026-08-05 22:25:00,De Anza Blvd,419057,22,Wednesday,False
08/05/2026,22:30,260.0,68.8,4,0.0,2026-08-05 22:30:00,De Anza Blvd,419057,22,Wednesday,False
08/05/2026,22:35,254.0,68.9,4,0.0,2026-08-05 22:35:00,De Anza Blvd,419057,22,Wednesday,False
08/05/2026,22:40,250.0,69.0,4,0.0,2026-08-05 22:40:00,De Anza Blvd,419057,22,Wednesday,False
08/05/2026,22:45,245.0,69.0,4,0.0,2026-08-05 22:45:00,De Anza Blvd,419057,22,Wednesday,False
08/05/2026,22:50,224.0,69.1,4,0.0,2026-08-05 22:50:00,De Anza Blvd,419057,22,Wednesday,False
08/05/2026,22:55,205.0,68.9,4,0.0,2026-08-05 22:55:00,De Anza Blvd,419057,22,Wednesday,False
08/05/2026,23:00,191.0,68.7,4,0.0,2026-08-05 23:00:00,De Anza Blvd,419057,23,Wednesday,False
08/05/2026,23:05,190.0,68.6,4,0.0,2026-08-05 23:05:00,De Anza Blvd,419057,23,Wednesday,False
08/05/2026,23:10,187.0,68.7,4,0.0,2026-08-05 23:10:00,De Anza Blvd,419057,23,Wednesday,False
08/05/2026,23:15,187.0,68.7,4,0.0,2026-08-05 23:15:00,De Anza Blvd,419057,23,Wednesday,False
08/05/2026,23:20,175.0,68.7,4,0.0,2026-08-05 23:20:00,De Anza Blvd,419057,23,Wednesday,False
08/05/2026,23:25,172.0,68.6,4,0.0,2026-08-05 23:25:00,De Anza Blvd,419057,23,Wednesday,False
08/05/2026,23:30,168.0,68.6,4,0.0,2026-08-05 23:30:00,De Anza Blvd,419057,23,Wednesday,False
08/05/2026,23:35,168.0,68.7,4,0.0,2026-08-05 23:35:00,De Anza Blvd,419057,23,Wednesday,False
08/05/2026,23:40,164.0,68.6,4,0.0,2026-08-05 23:40:00,De Anza Blvd,419057,23,Wednesday,False
08/05/2026,23:45,154.0,68.7,4,0.0,2026-08-05 23:45:00,De Anza Blvd,419057,23,Wednesday,False
08/05/2026,23:50,146.0,68.7,4,0.0,2026-08-05 23:50:00,De Anza Blvd,419057,23,Wednesday,False
08/05/2026,23:55,133.0,68.7,4,0.0,2026-08-05 23:55:00,De Anza Blvd,419057,23,Wednesday,False
08/06/2026,00:00,128.0,69.3,4,0.0,2026-08-06 00:00:00,De Anza Blvd,419057,0,Thursday,False
08/06/2026,00:05,119.0,69.0,4,0.0,2026-08-06 00:05:00,De Anza Blvd,419057,0,Thursday,False
08/06/2026,00:10,119.0,68.9,4,0.0,2026-08-06 00:10:00,De Anza Blvd,419057,0,Thursday,False
08/06/2026,00:15,113.0,68.8,4,0.0,2026-08-06 00:15:00,De Anza Blvd,419057,0,Thursday,False
08/06/2026,00:20,105.0,68.7,4,0.0,2026-08-06 00:20:00,De Anza Blvd,419057,0,Thursday,False
08/06/2026,00:25,100.0,68.7,4,0.0,2026-08-06 00:25:00,De Anza Blvd,419057,0,Thursday,False
08/06/2026,00:30,96.0,68.6,4,0.0,2026-08-06 00:30:00,De Anza Blvd,419057,0,Thursday,False
08/06/2026,00:35,92.0,68.5,4,0.0,2026-08-06 00:35:00,De Anza Blvd,419057,0,Thursday,False
08/06/2026,00:40,90.0,68.5,4,0.0,2026-08-06 00:40:00,De Anza Blvd,419057,0,Thursday,False
08/06/2026,00:45,86.0,68.3,4,0.0,2026-08-06 00:45:00,De Anza Blvd,419057,0,Thursday,False
08/06/2026,00:50,85.0,68.3,4,0.0,2026-08-06 00:50:00,De Anza Blvd,419057,0,Thursday,False
08/06/2026,00:55,77.0,68.1,4,0.0,2026-08-06 00:55:00,De Anza Blvd,419057,0,Thursday,False
08/06/2026,01:00,72.0,68.3,4,0.0,2026-08-06 01:00:00,De Anza Blvd,419057,1,Thursday,False
08/06/2026,01:05,75.0,68.6,4,0.0,2026-08-06 01:05:00,De Anza Blvd,419057,1,Thursday,False
08/06/2026,01:10,72.0,68.5,4,0.0,2026-08-06 01:10:00,De Anza Blvd,419057,1,Thursday,False
08/06/2026,01:15,67.0,68.4,4,0.0,2026-08-06 01:15:00,De Anza Blvd,419057,1,Thursday,False
08/06/2026,01:20,65.0,68.5,4,0.0,2026-08-06 01:20:00,De Anza Blvd,419057,1,Thursday,False
08/06/2026,01:25,60.0,68.4,4,0.0,2026-08-06 01:25:00,De Anza Blvd,419057,1,Thursday,False
08/06/2026,01:30,59.0,68.4,4,0.0,2026-08-06 01:30:00,De Anza Blvd,419057,1,Thursday,False
08/06/2026,01:35,59.0,68.2,4,0.0,2026-08-06 01:35:00,De Anza Blvd,419057,1,Thursday,False
08/06/2026,01:40,63.0,68.1,4,0.0,2026-08-06 01:40:00,De Anza Blvd,419057,1,Thursday,False
08/06/2026,01:45,59.0,68.2,4,0.0,2026-08-06 01:45:00,De Anza Blvd,419057,1,Thursday,False
08/06/2026,01:50,55.0,68.1,4,0.0,2026-08-06 01:50:00,De Anza Blvd,419057,1,Thursday,False
08/06/2026,01:55,53.0,68.0,4,0.0,2026-08-06 01:55:00,De Anza Blvd,419057,1,Thursday,False
08/06/2026,02:00,51.0,68.2,4,0.0,2026-08-06 02:00:00,De Anza Blvd,419057,2,Thursday,False
08/06/2026,02:05,51.0,68.3,4,0.0,2026-08-06 02:05:00,De Anza Blvd,419057,2,Thursday,False
08/06/2026,02:10,52.0,68.3,4,0.0,2026-08-06 02:10:00,De Anza Blvd,419057,2,Thursday,False
08/06/2026,02:15,53.0,68.2,4,0.0,2026-08-06 02:15:00,De Anza Blvd,419057,2,Thursday,False
08/06/2026,02:20,52.0,68.2,4,0.0,2026-08-06 02:20:00,De Anza Blvd,419057,2,Thursday,False
08/06/2026,02:25,51.0,68.1,4,0.0,2026-08-06 02:25:00,De Anza Blvd,419057,2,Thursday,False
08/06/2026,02:30,53.0,67.9,4,0.0,2026-08-06 02:30:00,De Anza Blvd,419057,2,Thursday,False
08/06/2026,02:35,56.0,68.0,4,0.0,2026-08-06 02:35:00,De Anza Blvd,419057,2,Thursday,False
08/06/2026,02:40,56.0,68.1,4,0.0,2026-08-06 02:40:00,De Anza Blvd,419057,2,Thursday,False
08/06/2026,02:45,56.0,68.0,4,0.0,2026-08-06 02:45:00,De Anza Blvd,419057,2,Thursday,False
08/06/2026,02:50,55.0,67.9,4,0.0,2026-08-06 02:50:00,De Anza Blvd,419057,2,Thursday,False
08/06/2026,02:55,55.0,67.7,4,0.0,2026-08-06 02:55:00,De Anza Blvd,419057,2,Thursday,False
08/06/2026,03:00,53.0,67.7,4,0.0,2026-08-06 03:00:00,De Anza Blvd,419057,3,Thursday,False
08/06/2026,03:05,55.0,67.8,4,0.0,2026-08-06 03:05:00,De Anza Blvd,419057,3,Thursday,False
08/06/2026,03:10,59.0,67.9,4,0.0,2026-08-06 03:10:00,De Anza Blvd,419057,3,Thursday,False
08/06/2026,03:15,61.0,68.0,4,0.0,2026-08-06 03:15:00,De Anza Blvd,419057,3,Thursday,False
08/06/2026,03:20,65.0,68.0,4,0.0,2026-08-06 03:20:00,De Anza Blvd,419057,3,Thursday,False
08/06/2026,03:25,70.0,68.1,4,0.0,2026-08-06 03:25:00,De Anza Blvd,419057,3,Thursday,False
08/06/2026,03:30,75.0,68.2,4,0.0,2026-08-06 03:30:00,De Anza Blvd,419057,3,Thursday,False
08/06/2026,03:35,82.0,68.4,4,0.0,2026-08-06 03:35:00,De Anza Blvd,419057,3,Thursday,False
08/06/2026,03:40,82.0,68.7,4,0.0,2026-08-06 03:40:00,De Anza Blvd,419057,3,Thursday,False
08/06/2026,03:45,92.0,68.7,4,0.0,2026-08-06 03:45:00,De Anza Blvd,419057,3,Thursday,False
08/06/2026,03:50,96.0,68.6,4,0.0,2026-08-06 03:50:00,De Anza Blvd,419057,3,Thursday,False
08/06/2026,03:55,97.0,68.7,4,0.0,2026-08-06 03:55:00,De Anza Blvd,419057,3,Thursday,False
08/06/2026,04:00,104.0,68.6,4,0.0,2026-08-06 04:00:00,De Anza Blvd,419057,4,Thursday,False
08/06/2026,04:05,111.0,68.7,4,0.0,2026-08-06 04:05:00,De Anza Blvd,419057,4,Thursday,False
08/06/2026,04:10,125.0,68.7,4,0.0,2026-08-06 04:10:00,De Anza Blvd,419057,4,Thursday,False
08/06/2026,04:15,138.0,69.0,4,0.0,2026-08-06 04:15:00,De Anza Blvd,419057,4,Thursday,False
08/06/2026,04:20,153.0,69.1,4,0.0,2026-08-06 04:20:00,De Anza Blvd,419057,4,Thursday,False
08/06/2026,04:25,168.0,69.3,4,0.0,2026-08-06 04:25:00,De Anza Blvd,419057,4,Thursday,False
08/06/2026,04:30,190.0,69.4,4,0.0,2026-08-06 04:30:00,De Anza Blvd,419057,4,Thursday,False
08/06/2026,04:35,209.0,69.6,4,0.0,2026-08-06 04:35:00,De Anza Blvd,419057,4,Thursday,False
08/06/2026,04:40,231.0,69.5,4,0.0,2026-08-06 04:40:00,De Anza Blvd,419057,4,Thursday,False
08/06/2026,04:45,249.0,69.4,4,0.0,2026-08-06 04:45:00,De Anza Blvd,419057,4,Thursday,False
08/06/2026,04:50,257.0,69.4,4,0.0,2026-08-06 04:50:00,De Anza Blvd,419057,4,Thursday,False
08/06/2026,04:55,257.0,69.2,4,0.0,2026-08-06 04:55:00,De Anza Blvd,419057,4,Thursday,False
08/06/2026,05:00,264.0,70.1,4,0.0,2026-08-06 05:00:00,De Anza Blvd,419057,5,Thursday,False
08/06/2026,05:05,283.0,70.1,4,0.0,2026-08-06 05:05:00,De Anza Blvd,419057,5,Thursday,False
08/06/2026,05:10,306.0,69.9,4,0.0,2026-08-06 05:10:00,De Anza Blvd,419057,5,Thursday,False
08/06/2026,05:15,333.0,69.7,4,0.0,2026-08-06 05:15:00,De Anza Blvd,419057,5,Thursday,False
08/06/2026,05:20,355.0,69.4,4,0.0,2026-08-06 05:20:00,De Anza Blvd,419057,5,Thursday,False
08/06/2026,05:25,373.0,69.5,4,0.0,2026-08-06 05:25:00,De Anza Blvd,419057,5,Thursday,False
08/06/2026,05:30,398.0,69.1,4,0.0,2026-08-06 05:30:00,De Anza Blvd,419057,5,Thursday,False
08/06/2026,05:35,415.0,69.0,4,0.0,2026-08-06 05:35:00,De Anza Blvd,419057,5,Thursday,False
08/06/2026,05:40,431.0,68.6,4,0.0,2026-08-06 05:40:00,De Anza Blvd,419057,5,Thursday,False
08/06/2026,05:45,429.0,68.0,4,0.0,2026-08-06 05:45:00,De Anza Blvd,419057,5,Thursday,False
08/06/2026,05:50,429.0,67.9,4,0.0,2026-08-06 05:50:00,De Anza Blvd,419057,5,Thursday,False
08/06/2026,05:55,425.0,67.9,4,0.0,2026-08-06 05:55:00,De Anza Blvd,419057,5,Thursday,False
08/06/2026,06:00,418.0,66.9,4,0.0,2026-08-06 06:00:00,De Anza Blvd,419057,6,Thursday,False
08/06/2026,06:05,420.0,65.5,4,0.0,2026-08-06 06:05:00,De Anza Blvd,419057,6,Thursday,False
08/06/2026,06:10,419.0,64.6,4,0.0,2026-08-06 06:10:00,De Anza Blvd,419057,6,Thursday,False
08/06/2026,06:15,396.0,63.9,4,0.0,2026-08-06 06:15:00,De Anza Blvd,419057,6,Thursday,False
08/06/2026,06:20,432.0,63.4,4,0.0,2026-08-06 06:20:00,De Anza Blvd,419057,6,Thursday,False
08/06/2026,06:25,452.0,62.9,4,0.0,2026-08-06 06:25:00,De Anza Blvd,419057,6,Thursday,False
08/06/2026,06:30,455.0,62.4,4,0.0,2026-08-06 06:30:00,De Anza Blvd,419057,6,Thursday,False
08/06/2026,06:35,455.0,62.0,4,0.0,2026-08-06 06:35:00,De Anza Blvd,419057,6,Thursday,False
08/06/2026,06:40,459.0,61.5,4,0.0,2026-08-06 06:40:00,De Anza Blvd,419057,6,Thursday,False
08/06/2026,06:45,461.0,61.0,4,0.0,2026-08-06 06:45:00,De Anza Blvd,419057,6,Thursday,False
08/06/2026,06:50,455.0,60.6,4,0.0,2026-08-06 06:50:00,De Anza Blvd,419057,6,Thursday,False
08/06/2026,06:55,452.0,60.5,4,0.0,2026-08-06 06:55:00,De Anza Blvd,419057,6,Thursday,False
08/06/2026,07:00,448.0,60.2,4,0.0,2026-08-06 07:00:00,De Anza Blvd,419057,7,Thursday,False
08/06/2026,07:05,451.0,60.1,4,0.0,2026-08-06 07:05:00,De Anza Blvd,419057,7,Thursday,False
08/06/2026,07:10,455.0,59.5,4,0.0,2026-08-06 07:10:00,De Anza Blvd,419057,7,Thursday,False
08/06/2026,07:15,455.0,58.6,4,0.0,2026-08-06 07:15:00,De Anza Blvd,419057,7,Thursday,False
08/06/2026,07:20,455.0,57.3,4,0.0,2026-08-06 07:20:00,De Anza Blvd,419057,7,Thursday,False
08/06/2026,07:25,452.0,56.1,4,0.0,2026-08-06 07:25:00,De Anza Blvd,419057,7,Thursday,False
08/06/2026,07:30,451.0,55.5,4,0.0,2026-08-06 07:30:00,De Anza Blvd,419057,7,Thursday,False
08/06/2026,07:35,451.0,54.4,4,0.0,2026-08-06 07:35:00,De Anza Blvd,419057,7,Thursday,False
08/06/2026,07:40,452.0,53.7,4,0.0,2026-08-06 07:40:00,De Anza Blvd,419057,7,Thursday,False
08/06/2026,07:45,461.0,53.5,4,0.0,2026-08-06 07:45:00,De Anza Blvd,419057,7,Thursday,False
08/06/2026,07:50,459.0,53.3,4,0.0,2026-08-06 07:50:00,De Anza Blvd,419057,7,Thursday,False
08/06/2026,07:55,441.0,53.6,4,0.0,2026-08-06 07:55:00,De Anza Blvd,419057,7,Thursday,False
08/06/2026,08:00,434.0,54.4,4,0.0,2026-08-06 08:00:00,De Anza Blvd,419057,8,Thursday,False
08/06/2026,08:05,429.0,54.7,4,0.0,2026-08-06 08:05:00,De Anza Blvd,419057,8,Thursday,False
08/06/2026,08:10,432.0,54.7,4,0.0,2026-08-06 08:10:00,De Anza Blvd,419057,8,Thursday,False
08/06/2026,08:15,441.0,55.3,4,0.0,2026-08-06 08:15:00,De Anza Blvd,419057,8,Thursday,False
08/06/2026,08:20,443.0,55.6,4,0.0,2026-08-06 08:20:00,De Anza Blvd,419057,8,Thursday,False
08/06/2026,08:25,439.0,56.0,4,0.0,2026-08-06 08:25:00,De Anza Blvd,419057,8,Thursday,False
08/06/2026,08:30,432.0,56.1,4,0.0,2026-08-06 08:30:00,De Anza Blvd,419057,8,Thursday,False
08/06/2026,08:35,438.0,56.4,4,0.0,2026-08-06 08:35:00,De Anza Blvd,419057,8,Thursday,False
08/06/2026,08:40,441.0,56.8,4,0.0,2026-08-06 08:40:00,De Anza Blvd,419057,8,Thursday,False
08/06/2026,08:45,445.0,57.1,4,0.0,2026-08-06 08:45:00,De Anza Blvd,419057,8,Thursday,False
08/06/2026,08:50,440.0,57.6,4,0.0,2026-08-06 08:50:00,De Anza Blvd,419057,8,Thursday,False
08/06/2026,08:55,426.0,58.0,4,0.0,2026-08-06 08:55:00,De Anza Blvd,419057,8,Thursday,False
08/06/2026,09:00,431.0,58.7,4,0.0,2026-08-06 09:00:00,De Anza Blvd,419057,9,Thursday,False
08/06/2026,09:05,437.0,59.0,4,0.0,2026-08-06 09:05:00,De Anza Blvd,419057,9,Thursday,False
08/06/2026,09:10,431.0,59.0,4,0.0,2026-08-06 09:10:00,De Anza Blvd,419057,9,Thursday,False
08/06/2026,09:15,448.0,59.3,4,0.0,2026-08-06 09:15:00,De Anza Blvd,419057,9,Thursday,False
08/06/2026,09:20,443.0,59.5,4,0.0,2026-08-06 09:20:00,De Anza Blvd,419057,9,Thursday,False
08/06/2026,09:25,460.0,59.7,4,0.0,2026-08-06 09:25:00,De Anza Blvd,419057,9,Thursday,False
08/06/2026,09:30,445.0,60.0,4,0.0,2026-08-06 09:30:00,De Anza Blvd,419057,9,Thursday,False
08/06/2026,09:35,443.0,60.0,4,0.0,2026-08-06 09:35:00,De Anza Blvd,419057,9,Thursday,False
08/06/2026,09:40,436.0,60.0,4,0.0,2026-08-06 09:40:00,De Anza Blvd,419057,9,Thursday,False
08/06/2026,09:45,429.0,59.9,4,0.0,2026-08-06 09:45:00,De Anza Blvd,419057,9,Thursday,False
08/06/2026,09:50,448.0,59.9,4,0.0,2026-08-06 09:50:00,De Anza Blvd,419057,9,Thursday,False
08/06/2026,09:55,478.0,60.2,4,0.0,2026-08-06 09:55:00,De Anza Blvd,419057,9,Thursday,False
08/06/2026,10:00,519.0,60.4,4,0.0,2026-08-06 10:00:00,De Anza Blvd,419057,10,Thursday,False
08/06/2026,10:05,488.0,60.8,4,0.0,2026-08-06 10:05:00,De Anza Blvd,419057,10,Thursday,False
08/06/2026,10:10,493.0,60.9,4,0.0,2026-08-06 10:10:00,De Anza Blvd,419057,10,Thursday,False
08/06/2026,10:15,473.0,61.2,4,0.0,2026-08-06 10:15:00,De Anza Blvd,419057,10,Thursday,False
08/06/2026,10:20,491.0,61.0,4,0.0,2026-08-06 10:20:00,De Anza Blvd,419057,10,Thursday,False
08/06/2026,10:25,474.0,61.0,4,0.0,2026-08-06 10:25:00,De Anza Blvd,419057,10,Thursday,False
08/06/2026,10:30,455.0,61.1,4,0.0,2026-08-06 10:30:00,De Anza Blvd,419057,10,Thursday,False
08/06/2026,10:35,469.0,61.2,4,0.0,2026-08-06 10:35:00,De Anza Blvd,419057,10,Thursday,False
08/06/2026,10:40,455.0,61.2,4,0.0,2026-08-06 10:40:00,De Anza Blvd,419057,10,Thursday,False
08/06/2026,10:45,451.0,61.4,4,0.0,2026-08-06 10:45:00,De Anza Blvd,419057,10,Thursday,False
08/06/2026,10:50,448.0,61.3,4,0.0,2026-08-06 10:50:00,De Anza Blvd,419057,10,Thursday,False
08/06/2026,10:55,449.0,61.3,4,0.0,2026-08-06 10:55:00,De Anza Blvd,419057,10,Thursday,False
08/06/2026,11:00,441.0,61.4,4,0.0,2026-08-06 11:00:00,De Anza Blvd,419057,11,Thursday,False
08/06/2026,11:05,445.0,61.4,4,0.0,2026-08-06 11:05:00,De Anza Blvd,419057,11,Thursday,False
08/06/2026,11:10,449.0,61.5,4,0.0,2026-08-06 11:10:00,De Anza Blvd,419057,11,Thursday,False
08/06/2026,11:15,461.0,61.6,4,0.0,2026-08-06 11:15:00,De Anza Blvd,419057,11,Thursday,False
08/06/2026,11:20,469.0,61.8,4,0.0,2026-08-06 11:20:00,De Anza Blvd,419057,11,Thursday,False
08/06/2026,11:25,469.0,61.8,4,0.0,2026-08-06 11:25:00,De Anza Blvd,419057,11,Thursday,False
08/06/2026,11:30,472.0,61.9,4,0.0,2026-08-06 11:30:00,De Anza Blvd,419057,11,Thursday,False
08/06/2026,11:35,470.0,61.8,4,0.0,2026-08-06 11:35:00,De Anza Blvd,419057,11,Thursday,False
08/06/2026,11:40,445.0,61.9,4,0.0,2026-08-06 11:40:00,De Anza Blvd,419057,11,Thursday,False
08/06/2026,11:45,448.0,61.9,4,0.0,2026-08-06 11:45:00,De Anza Blvd,419057,11,Thursday,False
08/06/2026,11:50,449.0,62.0,4,0.0,2026-08-06 11:50:00,De Anza Blvd,419057,11,Thursday,False
08/06/2026,11:55,451.0,62.0,4,0.0,2026-08-06 11:55:00,De Anza Blvd,419057,11,Thursday,False
08/06/2026,12:00,443.0,61.9,4,0.0,2026-08-06 12:00:00,De Anza Blvd,419057,12,Thursday,False
08/06/2026,12:05,464.0,61.8,4,0.0,2026-08-06 12:05:00,De Anza Blvd,419057,12,Thursday,False
08/06/2026,12:10,462.0,61.8,4,0.0,2026-08-06 12:10:00,De Anza Blvd,419057,12,Thursday,False
08/06/2026,12:15,466.0,61.8,4,0.0,2026-08-06 12:15:00,De Anza Blvd,419057,12,Thursday,False
08/06/2026,12:20,469.0,61.8,4,0.0,2026-08-06 12:20:00,De Anza Blvd,419057,12,Thursday,False
08/06/2026,12:25,468.0,61.8,4,0.0,2026-08-06 12:25:00,De Anza Blvd,419057,12,Thursday,False
08/06/2026,12:30,469.0,61.9,4,0.0,2026-08-06 12:30:00,De Anza Blvd,419057,12,Thursday,False
08/06/2026,12:35,470.0,62.0,4,0.0,2026-08-06 12:35:00,De Anza Blvd,419057,12,Thursday,False
08/06/2026,12:40,478.0,62.0,4,0.0,2026-08-06 12:40:00,De Anza Blvd,419057,12,Thursday,False
08/06/2026,12:45,478.0,62.6,4,0.0,2026-08-06 12:45:00,De Anza Blvd,419057,12,Thursday,False
08/06/2026,12:50,478.0,62.6,4,0.0,2026-08-06 12:50:00,De Anza Blvd,419057,12,Thursday,False
08/06/2026,12:55,474.0,62.6,4,0.0,2026-08-06 12:55:00,De Anza Blvd,419057,12,Thursday,False
08/06/2026,13:00,472.0,62.6,4,0.0,2026-08-06 13:00:00,De Anza Blvd,419057,13,Thursday,False
08/06/2026,13:05,473.0,62.6,4,0.0,2026-08-06 13:05:00,De Anza Blvd,419057,13,Thursday,False
08/06/2026,13:10,489.0,62.6,4,0.0,2026-08-06 13:10:00,De Anza Blvd,419057,13,Thursday,False
08/06/2026,13:15,501.0,62.6,4,0.0,2026-08-06 13:15:00,De Anza Blvd,419057,13,Thursday,False
08/06/2026,13:20,502.0,62.5,4,0.0,2026-08-06 13:20:00,De Anza Blvd,419057,13,Thursday,False
08/06/2026,13:25,502.0,62.6,4,0.0,2026-08-06 13:25:00,De Anza Blvd,419057,13,Thursday,False
08/06/2026,13:30,503.0,62.6,4,0.0,2026-08-06 13:30:00,De Anza Blvd,419057,13,Thursday,False
08/06/2026,13:35,511.0,62.6,4,0.0,2026-08-06 13:35:00,De Anza Blvd,419057,13,Thursday,False
08/06/2026,13:40,515.0,62.6,4,0.0,2026-08-06 13:40:00,De Anza Blvd,419057,13,Thursday,False
08/06/2026,13:45,511.0,62.6,4,0.0,2026-08-06 13:45:00,De Anza Blvd,419057,13,Thursday,False
08/06/2026,13:50,511.0,62.6,4,0.0,2026-08-06 13:50:00,De Anza Blvd,419057,13,Thursday,False
08/06/2026,13:55,502.0,62.6,4,0.0,2026-08-06 13:55:00,De Anza Blvd,419057,13,Thursday,False
08/06/2026,14:00,501.0,62.5,4,0.0,2026-08-06 14:00:00,De Anza Blvd,419057,14,Thursday,False
08/06/2026,14:05,503.0,62.1,4,0.0,2026-08-06 14:05:00,De Anza Blvd,419057,14,Thursday,False
08/06/2026,14:10,520.0,61.4,4,0.0,2026-08-06 14:10:00,De Anza Blvd,419057,14,Thursday,False
08/06/2026,14:15,531.0,61.1,4,0.0,2026-08-06 14:15:00,De Anza Blvd,419057,14,Thursday,False
08/06/2026,14:20,530.0,59.4,4,0.0,2026-08-06 14:20:00,De Anza Blvd,419057,14,Thursday,False
08/06/2026,14:25,525.0,58.4,4,0.0,2026-08-06 14:25:00,De Anza Blvd,419057,14,Thursday,False
08/06/2026,14:30,524.0,57.6,4,0.0,2026-08-06 14:30:00,De Anza Blvd,419057,14,Thursday,False
08/06/2026,14:35,533.0,56.5,4,0.0,2026-08-06 14:35:00,De Anza Blvd,419057,14,Thursday,False
08/06/2026,14:40,546.0,56.6,4,0.0,2026-08-06 14:40:00,De Anza Blvd,419057,14,Thursday,False
08/06/2026,14:45,544.0,56.7,4,0.0,2026-08-06 14:45:00,De Anza Blvd,419057,14,Thursday,False
08/06/2026,14:50,533.0,55.8,4,0.0,2026-08-06 14:50:00,De Anza Blvd,419057,14,Thursday,False
08/06/2026,14:55,522.0,57.5,4,0.0,2026-08-06 14:55:00,De Anza Blvd,419057,14,Thursday,False
08/06/2026,15:00,511.0,57.9,4,0.0,2026-08-06 15:00:00,De Anza Blvd,419057,15,Thursday,False
08/06/2026,15:05,513.0,58.2,4,0.0,2026-08-06 15:05:00,De Anza Blvd,419057,15,Thursday,False
08/06/2026,15:10,527.0,58.4,4,0.0,2026-08-06 15:10:00,De Anza Blvd,419057,15,Thursday,False
08/06/2026,15:15,527.0,57.8,4,0.0,2026-08-06 15:15:00,De Anza Blvd,419057,15,Thursday,False
08/06/2026,15:20,513.0,58.2,4,0.0,2026-08-06 15:20:00,De Anza Blvd,419057,15,Thursday,False
08/06/2026,15:25,515.0,58.2,4,0.0,2026-08-06 15:25:00,De Anza Blvd,419057,15,Thursday,False
08/06/2026,15:30,524.0,59.0,4,0.0,2026-08-06 15:30:00,De Anza Blvd,419057,15,Thursday,False
08/06/2026,15:35,534.0,59.8,4,0.0,2026-08-06 15:35:00,De Anza Blvd,419057,15,Thursday,False
08/06/2026,15:40,541.0,58.4,4,0.0,2026-08-06 15:40:00,De Anza Blvd,419057,15,Thursday,False
08/06/2026,15:45,534.0,57.9,4,0.0,2026-08-06 15:45:00,De Anza Blvd,419057,15,Thursday,False
08/06/2026,15:50,528.0,58.1,4,0.0,2026-08-06 15:50:00,De Anza Blvd,419057,15,Thursday,False
08/06/2026,15:55,522.0,59.1,4,0.0,2026-08-06 15:55:00,De Anza Blvd,419057,15,Thursday,False
08/06/2026,16:00,521.0,59.7,4,0.0,2026-08-06 16:00:00,De Anza Blvd,419057,16,Thursday,False
08/06/2026,16:05,518.0,60.2,4,0.0,2026-08-06 16:05:00,De Anza Blvd,419057,16,Thursday,False
08/06/2026,16:10,523.0,60.3,4,0.0,2026-08-06 16:10:00,De Anza Blvd,419057,16,Thursday,False
08/06/2026,16:15,520.0,60.7,4,0.0,2026-08-06 16:15:00,De Anza Blvd,419057,16,Thursday,False
08/06/2026,16:20,517.0,60.7,4,0.0,2026-08-06 16:20:00,De Anza Blvd,419057,16,Thursday,False
08/06/2026,16:25,513.0,60.8,4,0.0,2026-08-06 16:25:00,De Anza Blvd,419057,16,Thursday,False
08/06/2026,16:30,515.0,61.2,4,0.0,2026-08-06 16:30:00,De Anza Blvd,419057,16,Thursday,False
08/06/2026,16:35,515.0,60.9,4,0.0,2026-08-06 16:35:00,De Anza Blvd,419057,16,Thursday,False
08/06/2026,16:40,511.0,60.6,4,0.0,2026-08-06 16:40:00,De Anza Blvd,419057,16,Thursday,False
08/06/2026,16:45,508.0,59.4,4,0.0,2026-08-06 16:45:00,De Anza Blvd,419057,16,Thursday,False
08/06/2026,16:50,508.0,58.5,4,0.0,2026-08-06 16:50:00,De Anza Blvd,419057,16,Thursday,False
08/06/2026,16:55,502.0,59.6,4,0.0,2026-08-06 16:55:00,De Anza Blvd,419057,16,Thursday,False
08/06/2026,17:00,502.0,54.4,4,0.0,2026-08-06 17:00:00,De Anza Blvd,419057,17,Thursday,False
08/06/2026,17:05,508.0,51.1,4,0.0,2026-08-06 17:05:00,De Anza Blvd,419057,17,Thursday,False
08/06/2026,17:10,507.0,44.1,4,0.0,2026-08-06 17:10:00,De Anza Blvd,419057,17,Thursday,False
08/06/2026,17:15,503.0,40.3,4,0.0,2026-08-06 17:15:00,De Anza Blvd,419057,17,Thursday,False
08/06/2026,17:20,497.0,36.5,4,0.0,2026-08-06 17:20:00,De Anza Blvd,419057,17,Thursday,False
08/06/2026,17:25,497.0,36.6,4,0.0,2026-08-06 17:25:00,De Anza Blvd,419057,17,Thursday,False
08/06/2026,17:30,493.0,35.8,4,0.0,2026-08-06 17:30:00,De Anza Blvd,419057,17,Thursday,False
08/06/2026,17:35,487.0,35.8,4,0.0,2026-08-06 17:35:00,De Anza Blvd,419057,17,Thursday,False
08/06/2026,17:40,497.0,36.7,4,0.0,2026-08-06 17:40:00,De Anza Blvd,419057,17,Thursday,False
08/06/2026,17:45,493.0,36.6,4,0.0,2026-08-06 17:45:00,De Anza Blvd,419057,17,Thursday,False
08/06/2026,17:50,480.0,36.3,4,0.0,2026-08-06 17:50:00,De Anza Blvd,419057,17,Thursday,False
08/06/2026,17:55,473.0,36.9,4,0.0,2026-08-06 17:55:00,De Anza Blvd,419057,17,Thursday,False
08/06/2026,18:00,459.0,38.3,4,0.0,2026-08-06 18:00:00,De Anza Blvd,419057,18,Thursday,False
08/06/2026,18:05,459.0,39.4,4,0.0,2026-08-06 18:05:00,De Anza Blvd,419057,18,Thursday,False
08/06/2026,18:10,473.0,38.8,4,0.0,2026-08-06 18:10:00,De Anza Blvd,419057,18,Thursday,False
08/06/2026,18:15,485.0,39.3,4,0.0,2026-08-06 18:15:00,De Anza Blvd,419057,18,Thursday,False
08/06/2026,18:20,482.0,41.7,4,0.0,2026-08-06 18:20:00,De Anza Blvd,419057,18,Thursday,False
08/06/2026,18:25,470.0,44.1,4,0.0,2026-08-06 18:25:00,De Anza Blvd,419057,18,Thursday,False
08/06/2026,18:30,468.0,46.1,4,0.0,2026-08-06 18:30:00,De Anza Blvd,419057,18,Thursday,False
08/06/2026,18:35,457.0,46.5,4,0.0,2026-08-06 18:35:00,De Anza Blvd,419057,18,Thursday,False
08/06/2026,18:40,464.0,47.1,4,0.0,2026-08-06 18:40:00,De Anza Blvd,419057,18,Thursday,False
08/06/2026,18:45,459.0,56.9,4,0.0,2026-08-06 18:45:00,De Anza Blvd,419057,18,Thursday,False
08/06/2026,18:50,459.0,62.7,4,0.0,2026-08-06 18:50:00,De Anza Blvd,419057,18,Thursday,False
08/06/2026,18:55,455.0,64.2,4,0.0,2026-08-06 18:55:00,De Anza Blvd,419057,18,Thursday,False
08/06/2026,19:00,448.0,64.7,4,0.0,2026-08-06 19:00:00,De Anza Blvd,419057,19,Thursday,False
08/06/2026,19:05,448.0,66.0,4,0.0,2026-08-06 19:05:00,De Anza Blvd,419057,19,Thursday,False
08/06/2026,19:10,448.0,66.2,4,0.0,2026-08-06 19:10:00,De Anza Blvd,419057,19,Thursday,False
08/06/2026,19:15,445.0,66.3,4,0.0,2026-08-06 19:15:00,De Anza Blvd,419057,19,Thursday,False
08/06/2026,19:20,440.0,66.4,4,0.0,2026-08-06 19:20:00,De Anza Blvd,419057,19,Thursday,False
08/06/2026,19:25,432.0,66.5,4,0.0,2026-08-06 19:25:00,De Anza Blvd,419057,19,Thursday,False
08/06/2026,19:30,420.0,66.6,4,0.0,2026-08-06 19:30:00,De Anza Blvd,419057,19,Thursday,False
08/06/2026,19:35,415.0,66.7,4,0.0,2026-08-06 19:35:00,De Anza Blvd,419057,19,Thursday,False
08/06/2026,19:40,410.0,66.8,4,0.0,2026-08-06 19:40:00,De Anza Blvd,419057,19,Thursday,False
08/06/2026,19:45,406.0,66.9,4,0.0,2026-08-06 19:45:00,De Anza Blvd,419057,19,Thursday,False
08/06/2026,19:50,396.0,67.3,4,0.0,2026-08-06 19:50:00,De Anza Blvd,419057,19,Thursday,False
08/06/2026,19:55,384.0,67.4,4,0.0,2026-08-06 19:55:00,De Anza Blvd,419057,19,Thursday,False
08/06/2026,20:00,373.0,67.6,4,0.0,2026-08-06 20:00:00,De Anza Blvd,419057,20,Thursday,False
08/06/2026,20:05,373.0,67.6,4,0.0,2026-08-06 20:05:00,De Anza Blvd,419057,20,Thursday,False
08/06/2026,20:10,373.0,67.7,4,0.0,2026-08-06 20:10:00,De Anza Blvd,419057,20,Thursday,False
08/06/2026,20:15,369.0,67.7,4,0.0,2026-08-06 20:15:00,De Anza Blvd,419057,20,Thursday,False
08/06/2026,20:20,365.0,67.5,4,0.0,2026-08-06 20:20:00,De Anza Blvd,419057,20,Thursday,False
08/06/2026,20:25,359.0,67.7,4,0.0,2026-08-06 20:25:00,De Anza Blvd,419057,20,Thursday,False
08/06/2026,20:30,350.0,67.5,4,0.0,2026-08-06 20:30:00,De Anza Blvd,419057,20,Thursday,False
08/06/2026,20:35,344.0,67.6,4,0.0,2026-08-06 20:35:00,De Anza Blvd,419057,20,Thursday,False
08/06/2026,20:40,343.0,67.5,4,0.0,2026-08-06 20:40:00,De Anza Blvd,419057,20,Thursday,False
08/06/2026,20:45,343.0,67.3,4,0.0,2026-08-06 20:45:00,De Anza Blvd,419057,20,Thursday,False
08/06/2026,20:50,339.0,67.4,4,0.0,2026-08-06 20:50:00,De Anza Blvd,419057,20,Thursday,False
08/06/2026,20:55,329.0,67.3,4,0.0,2026-08-06 20:55:00,De Anza Blvd,419057,20,Thursday,False
08/06/2026,21:00,326.0,67.7,4,0.0,2026-08-06 21:00:00,De Anza Blvd,419057,21,Thursday,False
08/06/2026,21:05,329.0,68.0,4,0.0,2026-08-06 21:05:00,De Anza Blvd,419057,21,Thursday,False
08/06/2026,21:10,335.0,68.1,4,0.0,2026-08-06 21:10:00,De Anza Blvd,419057,21,Thursday,False
08/06/2026,21:15,339.0,68.1,4,0.0,2026-08-06 21:15:00,De Anza Blvd,419057,21,Thursday,False
08/06/2026,21:20,335.0,68.2,4,0.0,2026-08-06 21:20:00,De Anza Blvd,419057,21,Thursday,False
08/06/2026,21:25,336.0,68.2,4,0.0,2026-08-06 21:25:00,De Anza Blvd,419057,21,Thursday,False
08/06/2026,21:30,336.0,68.4,4,0.0,2026-08-06 21:30:00,De Anza Blvd,419057,21,Thursday,False
08/06/2026,21:35,340.0,68.5,4,0.0,2026-08-06 21:35:00,De Anza Blvd,419057,21,Thursday,False
08/06/2026,21:40,343.0,68.6,4,0.0,2026-08-06 21:40:00,De Anza Blvd,419057,21,Thursday,False
08/06/2026,21:45,332.0,68.7,4,0.0,2026-08-06 21:45:00,De Anza Blvd,419057,21,Thursday,False
08/06/2026,21:50,312.0,68.9,4,0.0,2026-08-06 21:50:00,De Anza Blvd,419057,21,Thursday,False
08/06/2026,21:55,314.0,69.1,4,0.0,2026-08-06 21:55:00,De Anza Blvd,419057,21,Thursday,False
08/06/2026,22:00,306.0,68.9,4,0.0,2026-08-06 22:00:00,De Anza Blvd,419057,22,Thursday,False
08/06/2026,22:05,296.0,68.6,4,0.0,2026-08-06 22:05:00,De Anza Blvd,419057,22,Thursday,False
08/06/2026,22:10,300.0,68.6,4,0.0,2026-08-06 22:10:00,De Anza Blvd,419057,22,Thursday,False
08/06/2026,22:15,306.0,68.6,4,0.0,2026-08-06 22:15:00,De Anza Blvd,419057,22,Thursday,False
08/06/2026,22:20,297.0,68.7,4,0.0,2026-08-06 22:20:00,De Anza Blvd,419057,22,Thursday,False
08/06/2026,22:25,288.0,68.8,4,0.0,2026-08-06 22:25:00,De Anza Blvd,419057,22,Thursday,False
08/06/2026,22:30,277.0,68.9,4,0.0,2026-08-06 22:30:00,De Anza Blvd,419057,22,Thursday,False
08/06/2026,22:35,272.0,68.9,4,0.0,2026-08-06 22:35:00,De Anza Blvd,419057,22,Thursday,False
08/06/2026,22:40,269.0,68.9,4,0.0,2026-08-06 22:40:00,De Anza Blvd,419057,22,Thursday,False
08/06/2026,22:45,264.0,68.8,4,0.0,2026-08-06 22:45:00,De Anza Blvd,419057,22,Thursday,False
08/06/2026,22:50,238.0,69.0,4,0.0,2026-08-06 22:50:00,De Anza Blvd,419057,22,Thursday,False
08/06/2026,22:55,238.0,69.0,4,0.0,2026-08-06 22:55:00,De Anza Blvd,419057,22,Thursday,False
08/06/2026,23:00,205.0,68.7,4,0.0,2026-08-06 23:00:00,De Anza Blvd,419057,23,Thursday,False
08/06/2026,23:05,211.0,68.6,4,0.0,2026-08-06 23:05:00,De Anza Blvd,419057,23,Thursday,False
08/06/2026,23:10,197.0,68.6,4,0.0,2026-08-06 23:10:00,De Anza Blvd,419057,23,Thursday,False
08/06/2026,23:15,203.0,68.6,4,0.0,2026-08-06 23:15:00,De Anza Blvd,419057,23,Thursday,False
08/06/2026,23:20,195.0,68.6,4,0.0,2026-08-06 23:20:00,De Anza Blvd,419057,23,Thursday,False
08/06/2026,23:25,183.0,68.6,4,0.0,2026-08-06 23:25:00,De Anza Blvd,419057,23,Thursday,False
08/06/2026,23:30,177.0,68.6,4,0.0,2026-08-06 23:30:00,De Anza Blvd,419057,23,Thursday,False
08/06/2026,23:35,176.0,68.6,4,0.0,2026-08-06 23:35:00,De Anza Blvd,419057,23,Thursday,False
08/06/2026,23:40,176.0,68.6,4,0.0,2026-08-06 23:40:00,De Anza Blvd,419057,23,Thursday,False
08/06/2026,23:45,168.0,68.6,4,0.0,2026-08-06 23:45:00,De Anza Blvd,419057,23,Thursday,False
08/06/2026,23:50,154.0,68.6,4,0.0,2026-08-06 23:50:00,De Anza Blvd,419057,23,Thursday,False
08/06/2026,23:55,145.0,68.6,4,0.0,2026-08-06 23:55:00,De Anza Blvd,419057,23,Thursday,False
08/07/2026,00:00,135.0,69.2,4,0.0,2026-08-07 00:00:00,De Anza Blvd,419057,0,Friday,False
08/07/2026,00:05,135.0,69.0,4,0.0,2026-08-07 00:05:00,De Anza Blvd,419057,0,Friday,False
08/07/2026,00:10,133.0,68.9,4,0.0,2026-08-07 00:10:00,De Anza Blvd,419057,0,Friday,False
08/07/2026,00:15,128.0,68.9,4,0.0,2026-08-07 00:15:00,De Anza Blvd,419057,0,Friday,False
08/07/2026,00:20,121.0,68.7,4,0.0,2026-08-07 00:20:00,De Anza Blvd,419057,0,Friday,False
08/07/2026,00:25,111.0,68.6,4,0.0,2026-08-07 00:25:00,De Anza Blvd,419057,0,Friday,False
08/07/2026,00:30,101.0,68.5,4,0.0,2026-08-07 00:30:00,De Anza Blvd,419057,0,Friday,False
08/07/2026,00:35,108.0,68.5,4,0.0,2026-08-07 00:35:00,De Anza Blvd,419057,0,Friday,False
08/07/2026,00:40,100.0,68.3,4,0.0,2026-08-07 00:40:00,De Anza Blvd,419057,0,Friday,False
08/07/2026,00:45,97.0,68.2,4,0.0,2026-08-07 00:45:00,De Anza Blvd,419057,0,Friday,False
08/07/2026,00:50,96.0,68.1,4,0.0,2026-08-07 00:50:00,De Anza Blvd,419057,0,Friday,False
08/07/2026,00:55,86.0,68.0,4,0.0,2026-08-07 00:55:00,De Anza Blvd,419057,0,Friday,False
08/07/2026,01:00,80.0,68.5,4,0.0,2026-08-07 01:00:00,De Anza Blvd,419057,1,Friday,False
08/07/2026,01:05,82.0,68.4,4,0.0,2026-08-07 01:05:00,De Anza Blvd,419057,1,Friday,False
08/07/2026,01:10,79.0,68.6,4,0.0,2026-08-07 01:10:00,De Anza Blvd,419057,1,Friday,False
08/07/2026,01:15,77.0,68.5,4,0.0,2026-08-07 01:15:00,De Anza Blvd,419057,1,Friday,False
08/07/2026,01:20,70.0,68.6,4,0.0,2026-08-07 01:20:00,De Anza Blvd,419057,1,Friday,False
08/07/2026,01:25,67.0,68.4,4,0.0,2026-08-07 01:25:00,De Anza Blvd,419057,1,Friday,False
08/07/2026,01:30,67.0,68.3,4,0.0,2026-08-07 01:30:00,De Anza Blvd,419057,1,Friday,False
08/07/2026,01:35,67.0,68.2,4,0.0,2026-08-07 01:35:00,De Anza Blvd,419057,1,Friday,False
08/07/2026,01:40,67.0,68.2,4,0.0,2026-08-07 01:40:00,De Anza Blvd,419057,1,Friday,False
08/07/2026,01:45,63.0,68.2,4,0.0,2026-08-07 01:45:00,De Anza Blvd,419057,1,Friday,False
08/07/2026,01:50,63.0,68.2,4,0.0,2026-08-07 01:50:00,De Anza Blvd,419057,1,Friday,False
08/07/2026,01:55,61.0,68.2,4,0.0,2026-08-07 01:55:00,De Anza Blvd,419057,1,Friday,False
08/07/2026,02:00,59.0,68.4,4,0.0,2026-08-07 02:00:00,De Anza Blvd,419057,2,Friday,False
08/07/2026,02:05,59.0,68.5,4,0.0,2026-08-07 02:05:00,De Anza Blvd,419057,2,Friday,False
08/07/2026,02:10,60.0,68.1,4,0.0,2026-08-07 02:10:00,De Anza Blvd,419057,2,Friday,False
08/07/2026,02:15,59.0,68.4,4,0.0,2026-08-07 02:15:00,De Anza Blvd,419057,2,Friday,False
08/07/2026,02:20,59.0,68.2,4,0.0,2026-08-07 02:20:00,De Anza Blvd,419057,2,Friday,False
08/07/2026,02:25,59.0,68.2,4,0.0,2026-08-07 02:25:00,De Anza Blvd,419057,2,Friday,False
08/07/2026,02:30,59.0,68.1,4,0.0,2026-08-07 02:30:00,De Anza Blvd,419057,2,Friday,False
08/07/2026,02:35,61.0,68.1,4,0.0,2026-08-07 02:35:00,De Anza Blvd,419057,2,Friday,False
08/07/2026,02:40,63.0,67.9,4,0.0,2026-08-07 02:40:00,De Anza Blvd,419057,2,Friday,False
08/07/2026,02:45,63.0,67.8,4,0.0,2026-08-07 02:45:00,De Anza Blvd,419057,2,Friday,False
08/07/2026,02:50,61.0,67.8,4,0.0,2026-08-07 02:50:00,De Anza Blvd,419057,2,Friday,False
08/07/2026,02:55,59.0,67.5,4,0.0,2026-08-07 02:55:00,De Anza Blvd,419057,2,Friday,False
08/07/2026,03:00,59.0,67.6,4,0.0,2026-08-07 03:00:00,De Anza Blvd,419057,3,Friday,False
08/07/2026,03:05,60.0,67.8,4,0.0,2026-08-07 03:05:00,De Anza Blvd,419057,3,Friday,False
08/07/2026,03:10,63.0,67.9,4,0.0,2026-08-07 03:10:00,De Anza Blvd,419057,3,Friday,False
08/07/2026,03:15,65.0,68.0,4,0.0,2026-08-07 03:15:00,De Anza Blvd,419057,3,Friday,False
08/07/2026,03:20,68.0,68.0,4,0.0,2026-08-07 03:20:00,De Anza Blvd,419057,3,Friday,False
08/07/2026,03:25,72.0,68.0,4,0.0,2026-08-07 03:25:00,De Anza Blvd,419057,3,Friday,False
08/07/2026,03:30,77.0,68.1,4,0.0,2026-08-07 03:30:00,De Anza Blvd,419057,3,Friday,False
08/07/2026,03:35,82.0,68.3,4,0.0,2026-08-07 03:35:00,De Anza Blvd,419057,3,Friday,False
08/07/2026,03:40,90.0,68.4,4,0.0,2026-08-07 03:40:00,De Anza Blvd,419057,3,Friday,False
08/07/2026,03:45,96.0,68.6,4,0.0,2026-08-07 03:45:00,De Anza Blvd,419057,3,Friday,False
08/07/2026,03:50,97.0,68.7,4,0.0,2026-08-07 03:50:00,De Anza Blvd,419057,3,Friday,False
08/07/2026,03:55,100.0,68.6,4,0.0,2026-08-07 03:55:00,De Anza Blvd,419057,3,Friday,False
08/07/2026,04:00,100.0,68.5,4,0.0,2026-08-07 04:00:00,De Anza Blvd,419057,4,Friday,False
08/07/2026,04:05,109.0,68.5,4,0.0,2026-08-07 04:05:00,De Anza Blvd,419057,4,Friday,False
08/07/2026,04:10,123.0,68.6,4,0.0,2026-08-07 04:10:00,De Anza Blvd,419057,4,Friday,False
08/07/2026,04:15,138.0,68.9,4,0.0,2026-08-07 04:15:00,De Anza Blvd,419057,4,Friday,False
08/07/2026,04:20,150.0,69.0,4,0.0,2026-08-07 04:20:00,De Anza Blvd,419057,4,Friday,False
08/07/2026,04:25,165.0,69.1,4,0.0,2026-08-07 04:25:00,De Anza Blvd,419057,4,Friday,False
08/07/2026,04:30,184.0,69.3,4,0.0,2026-08-07 04:30:00,De Anza Blvd,419057,4,Friday,False
08/07/2026,04:35,205.0,69.3,4,0.0,2026-08-07 04:35:00,De Anza Blvd,419057,4,Friday,False
08/07/2026,04:40,224.0,69.3,4,0.0,2026-08-07 04:40:00,De Anza Blvd,419057,4,Friday,False
08/07/2026,04:45,240.0,69.3,4,0.0,2026-08-07 04:45:00,De Anza Blvd,419057,4,Friday,False
08/07/2026,04:50,245.0,69.2,4,0.0,2026-08-07 04:50:00,De Anza Blvd,419057,4,Friday,False
08/07/2026,04:55,247.0,69.0,4,0.0,2026-08-07 04:55:00,De Anza Blvd,419057,4,Friday,False
08/07/2026,05:00,253.0,69.5,4,0.0,2026-08-07 05:00:00,De Anza Blvd,419057,5,Friday,False
08/07/2026,05:05,268.0,69.6,4,0.0,2026-08-07 05:05:00,De Anza Blvd,419057,5,Friday,False
08/07/2026,05:10,288.0,69.4,4,0.0,2026-08-07 05:10:00,De Anza Blvd,419057,5,Friday,False
08/07/2026,05:15,309.0,69.2,4,0.0,2026-08-07 05:15:00,De Anza Blvd,419057,5,Friday,False
08/07/2026,05:20,332.0,69.1,4,0.0,2026-08-07 05:20:00,De Anza Blvd,419057,5,Friday,False
08/07/2026,05:25,350.0,69.2,4,0.0,2026-08-07 05:25:00,De Anza Blvd,419057,5,Friday,False
08/07/2026,05:30,373.0,68.8,4,0.0,2026-08-07 05:30:00,De Anza Blvd,419057,5,Friday,False
08/07/2026,05:35,393.0,68.7,4,0.0,2026-08-07 05:35:00,De Anza Blvd,419057,5,Friday,False
08/07/2026,05:40,402.0,68.9,4,0.0,2026-08-07 05:40:00,De Anza Blvd,419057,5,Friday,False
08/07/2026,05:45,405.0,68.2,4,0.0,2026-08-07 05:45:00,De Anza Blvd,419057,5,Friday,False
08/07/2026,05:50,402.0,68.0,4,0.0,2026-08-07 05:50:00,De Anza Blvd,419057,5,Friday,False
08/07/2026,05:55,393.0,68.1,4,0.0,2026-08-07 05:55:00,De Anza Blvd,419057,5,Friday,False
08/07/2026,06:00,388.0,66.9,4,0.0,2026-08-07 06:00:00,De Anza Blvd,419057,6,Friday,False
08/07/2026,06:05,392.0,65.6,4,0.0,2026-08-07 06:05:00,De Anza Blvd,419057,6,Friday,False
08/07/2026,06:10,410.0,64.9,4,0.0,2026-08-07 06:10:00,De Anza Blvd,419057,6,Friday,False
08/07/2026,06:15,422.0,64.4,4,0.0,2026-08-07 06:15:00,De Anza Blvd,419057,6,Friday,False
08/07/2026,06:20,432.0,64.0,4,0.0,2026-08-07 06:20:00,De Anza Blvd,419057,6,Friday,False
08/07/2026,06:25,435.0,63.6,4,0.0,2026-08-07 06:25:00,De Anza Blvd,419057,6,Friday,False
08/07/2026,06:30,436.0,63.3,4,0.0,2026-08-07 06:30:00,De Anza Blvd,419057,6,Friday,False
08/07/2026,06:35,439.0,62.9,4,0.0,2026-08-07 06:35:00,De Anza Blvd,419057,6,Friday,False
08/07/2026,06:40,443.0,62.6,4,0.0,2026-08-07 06:40:00,De Anza Blvd,419057,6,Friday,False
08/07/2026,06:45,445.0,62.4,4,0.0,2026-08-07 06:45:00,De Anza Blvd,419057,6,Friday,False
08/07/2026,06:50,441.0,62.3,4,0.0,2026-08-07 06:50:00,De Anza Blvd,419057,6,Friday,False
08/07/2026,06:55,434.0,62.2,4,0.0,2026-08-07 06:55:00,De Anza Blvd,419057,6,Friday,False
08/07/2026,07:00,426.0,62.1,4,0.0,2026-08-07 07:00:00,De Anza Blvd,419057,7,Friday,False
08/07/2026,07:05,428.0,61.9,4,0.0,2026-08-07 07:05:00,De Anza Blvd,419057,7,Friday,False
08/07/2026,07:10,438.0,61.4,4,0.0,2026-08-07 07:10:00,De Anza Blvd,419057,7,Friday,False
08/07/2026,07:15,448.0,61.0,4,0.0,2026-08-07 07:15:00,De Anza Blvd,419057,7,Friday,False
08/07/2026,07:20,449.0,60.8,4,0.0,2026-08-07 07:20:00,De Anza Blvd,419057,7,Friday,False
08/07/2026,07:25,449.0,60.6,4,0.0,2026-08-07 07:25:00,De Anza Blvd,419057,7,Friday,False
08/07/2026,07:30,448.0,60.5,4,0.0,2026-08-07 07:30:00,De Anza Blvd,419057,7,Friday,False
08/07/2026,07:35,446.0,60.2,4,0.0,2026-08-07 07:35:00,De Anza Blvd,419057,7,Friday,False
08/07/2026,07:40,445.0,60.1,4,0.0,2026-08-07 07:40:00,De Anza Blvd,419057,7,Friday,False
08/07/2026,07:45,452.0,60.3,4,0.0,2026-08-07 07:45:00,De Anza Blvd,419057,7,Friday,False
08/07/2026,07:50,449.0,60.3,4,0.0,2026-08-07 07:50:00,De Anza Blvd,419057,7,Friday,False
08/07/2026,07:55,435.0,60.4,4,0.0,2026-08-07 07:55:00,De Anza Blvd,419057,7,Friday,False
08/07/2026,08:00,421.0,60.5,4,0.0,2026-08-07 08:00:00,De Anza Blvd,419057,8,Friday,False
08/07/2026,08:05,422.0,60.5,4,0.0,2026-08-07 08:05:00,De Anza Blvd,419057,8,Friday,False
08/07/2026,08:10,431.0,60.5,4,0.0,2026-08-07 08:10:00,De Anza Blvd,419057,8,Friday,False
08/07/2026,08:15,445.0,60.5,4,0.0,2026-08-07 08:15:00,De Anza Blvd,419057,8,Friday,False
08/07/2026,08:20,455.0,60.7,4,0.0,2026-08-07 08:20:00,De Anza Blvd,419057,8,Friday,False
08/07/2026,08:25,439.0,60.6,4,0.0,2026-08-07 08:25:00,De Anza Blvd,419057,8,Friday,False
08/07/2026,08:30,440.0,60.6,4,0.0,2026-08-07 08:30:00,De Anza Blvd,419057,8,Friday,False
08/07/2026,08:35,446.0,60.6,4,0.0,2026-08-07 08:35:00,De Anza Blvd,419057,8,Friday,False
08/07/2026,08:40,439.0,60.5,4,0.0,2026-08-07 08:40:00,De Anza Blvd,419057,8,Friday,False
08/07/2026,08:45,443.0,60.7,4,0.0,2026-08-07 08:45:00,De Anza Blvd,419057,8,Friday,False
08/07/2026,08:50,437.0,60.7,4,0.0,2026-08-07 08:50:00,De Anza Blvd,419057,8,Friday,False
08/07/2026,08:55,428.0,61.3,4,0.0,2026-08-07 08:55:00,De Anza Blvd,419057,8,Friday,False
08/07/2026,09:00,441.0,61.1,4,0.0,2026-08-07 09:00:00,De Anza Blvd,419057,9,Friday,False
08/07/2026,09:05,451.0,61.1,4,0.0,2026-08-07 09:05:00,De Anza Blvd,419057,9,Friday,False
08/07/2026,09:10,464.0,61.0,4,0.0,2026-08-07 09:10:00,De Anza Blvd,419057,9,Friday,False
08/07/2026,09:15,460.0,61.1,4,0.0,2026-08-07 09:15:00,De Anza Blvd,419057,9,Friday,False
08/07/2026,09:20,469.0,61.2,4,0.0,2026-08-07 09:20:00,De Anza Blvd,419057,9,Friday,False
08/07/2026,09:25,470.0,61.2,4,0.0,2026-08-07 09:25:00,De Anza Blvd,419057,9,Friday,False
08/07/2026,09:30,474.0,61.2,4,0.0,2026-08-07 09:30:00,De Anza Blvd,419057,9,Friday,False
08/07/2026,09:35,460.0,61.2,4,0.0,2026-08-07 09:35:00,De Anza Blvd,419057,9,Friday,False
08/07/2026,09:40,445.0,61.2,4,0.0,2026-08-07 09:40:00,De Anza Blvd,419057,9,Friday,False
08/07/2026,09:45,445.0,61.3,4,0.0,2026-08-07 09:45:00,De Anza Blvd,419057,9,Friday,False
08/07/2026,09:50,445.0,61.3,4,0.0,2026-08-07 09:50:00,De Anza Blvd,419057,9,Friday,False
08/07/2026,09:55,455.0,61.4,4,0.0,2026-08-07 09:55:00,De Anza Blvd,419057,9,Friday,False
08/07/2026,10:00,501.0,61.7,4,0.0,2026-08-07 10:00:00,De Anza Blvd,419057,10,Friday,False
08/07/2026,10:05,511.0,61.8,4,0.0,2026-08-07 10:05:00,De Anza Blvd,419057,10,Friday,False
08/07/2026,10:10,501.0,61.9,4,0.0,2026-08-07 10:10:00,De Anza Blvd,419057,10,Friday,False
08/07/2026,10:15,523.0,62.0,4,0.0,2026-08-07 10:15:00,De Anza Blvd,419057,10,Friday,False
08/07/2026,10:20,501.0,61.9,4,0.0,2026-08-07 10:20:00,De Anza Blvd,419057,10,Friday,False
08/07/2026,10:25,499.0,61.9,4,0.0,2026-08-07 10:25:00,De Anza Blvd,419057,10,Friday,False
08/07/2026,10:30,515.0,61.9,4,0.0,2026-08-07 10:30:00,De Anza Blvd,419057,10,Friday,False
08/07/2026,10:35,496.0,61.9,4,0.0,2026-08-07 10:35:00,De Anza Blvd,419057,10,Friday,False
08/07/2026,10:40,484.0,62.0,4,0.0,2026-08-07 10:40:00,De Anza Blvd,419057,10,Friday,False
08/07/2026,10:45,474.0,62.0,4,0.0,2026-08-07 10:45:00,De Anza Blvd,419057,10,Friday,False
08/07/2026,10:50,474.0,61.9,4,0.0,2026-08-07 10:50:00,De Anza Blvd,419057,10,Friday,False
08/07/2026,10:55,469.0,62.0,4,0.0,2026-08-07 10:55:00,De Anza Blvd,419057,10,Friday,False
08/07/2026,11:00,488.0,62.0,4,0.0,2026-08-07 11:00:00,De Anza Blvd,419057,11,Friday,False
08/07/2026,11:05,480.0,61.8,4,0.0,2026-08-07 11:05:00,De Anza Blvd,419057,11,Friday,False
08/07/2026,11:10,482.0,61.8,4,0.0,2026-08-07 11:10:00,De Anza Blvd,419057,11,Friday,False
08/07/2026,11:15,508.0,61.7,4,0.0,2026-08-07 11:15:00,De Anza Blvd,419057,11,Friday,False
08/07/2026,11:20,491.0,61.8,4,0.0,2026-08-07 11:20:00,De Anza Blvd,419057,11,Friday,False
08/07/2026,11:25,493.0,61.8,4,0.0,2026-08-07 11:25:00,De Anza Blvd,419057,11,Friday,False
08/07/2026,11:30,478.0,61.9,4,0.0,2026-08-07 11:30:00,De Anza Blvd,419057,11,Friday,False
08/07/2026,11:35,478.0,62.0,4,0.0,2026-08-07 11:35:00,De Anza Blvd,419057,11,Friday,False
08/07/2026,11:40,487.0,62.0,4,0.0,2026-08-07 11:40:00,De Anza Blvd,419057,11,Friday,False
08/07/2026,11:45,492.0,61.9,4,0.0,2026-08-07 11:45:00,De Anza Blvd,419057,11,Friday,False
08/07/2026,11:50,492.0,62.1,4,0.0,2026-08-07 11:50:00,De Anza Blvd,419057,11,Friday,False
08/07/2026,11:55,492.0,62.1,4,0.0,2026-08-07 11:55:00,De Anza Blvd,419057,11,Friday,False
08/07/2026,12:00,493.0,62.2,4,0.0,2026-08-07 12:00:00,De Anza Blvd,419057,12,Friday,False
08/07/2026,12:05,497.0,62.2,4,0.0,2026-08-07 12:05:00,De Anza Blvd,419057,12,Friday,False
08/07/2026,12:10,505.0,62.2,4,0.0,2026-08-07 12:10:00,De Anza Blvd,419057,12,Friday,False
08/07/2026,12:15,513.0,62.2,4,0.0,2026-08-07 12:15:00,De Anza Blvd,419057,12,Friday,False
08/07/2026,12:20,514.0,62.2,4,0.0,2026-08-07 12:20:00,De Anza Blvd,419057,12,Friday,False
08/07/2026,12:25,515.0,62.2,4,0.0,2026-08-07 12:25:00,De Anza Blvd,419057,12,Friday,False
08/07/2026,12:30,519.0,62.3,4,0.0,2026-08-07 12:30:00,De Anza Blvd,419057,12,Friday,False
08/07/2026,12:35,518.0,62.2,4,0.0,2026-08-07 12:35:00,De Anza Blvd,419057,12,Friday,False
08/07/2026,12:40,521.0,62.2,4,0.0,2026-08-07 12:40:00,De Anza Blvd,419057,12,Friday,False
08/07/2026,12:45,524.0,61.8,4,0.0,2026-08-07 12:45:00,De Anza Blvd,419057,12,Friday,False
08/07/2026,12:50,519.0,60.8,4,0.0,2026-08-07 12:50:00,De Anza Blvd,419057,12,Friday,False
08/07/2026,12:55,511.0,60.7,4,0.0,2026-08-07 12:55:00,De Anza Blvd,419057,12,Friday,False
08/07/2026,13:00,511.0,60.5,4,0.0,2026-08-07 13:00:00,De Anza Blvd,419057,13,Friday,False
08/07/2026,13:05,511.0,60.4,4,0.0,2026-08-07 13:05:00,De Anza Blvd,419057,13,Friday,False
08/07/2026,13:10,519.0,60.3,4,0.0,2026-08-07 13:10:00,De Anza Blvd,419057,13,Friday,False
08/07/2026,13:15,522.0,59.9,4,0.0,2026-08-07 13:15:00,De Anza Blvd,419057,13,Friday,False
08/07/2026,13:20,524.0,59.7,4,0.0,2026-08-07 13:20:00,De Anza Blvd,419057,13,Friday,False
08/07/2026,13:25,525.0,59.5,4,0.0,2026-08-07 13:25:00,De Anza Blvd,419057,13,Friday,False
08/07/2026,13:30,525.0,59.1,4,0.0,2026-08-07 13:30:00,De Anza Blvd,419057,13,Friday,False
08/07/2026,13:35,531.0,58.8,4,0.0,2026-08-07 13:35:00,De Anza Blvd,419057,13,Friday,False
08/07/2026,13:40,533.0,58.2,4,0.0,2026-08-07 13:40:00,De Anza Blvd,419057,13,Friday,False
08/07/2026,13:45,533.0,57.2,4,0.0,2026-08-07 13:45:00,De Anza Blvd,419057,13,Friday,False
08/07/2026,13:50,533.0,56.3,4,0.0,2026-08-07 13:50:00,De Anza Blvd,419057,13,Friday,False
08/07/2026,13:55,527.0,55.5,4,0.0,2026-08-07 13:55:00,De Anza Blvd,419057,13,Friday,False
08/07/2026,14:00,524.0,54.9,4,0.0,2026-08-07 14:00:00,De Anza Blvd,419057,14,Friday,False
08/07/2026,14:05,530.0,54.5,4,0.0,2026-08-07 14:05:00,De Anza Blvd,419057,14,Friday,False
08/07/2026,14:10,541.0,53.4,4,0.0,2026-08-07 14:10:00,De Anza Blvd,419057,14,Friday,False
08/07/2026,14:15,546.0,52.9,4,0.0,2026-08-07 14:15:00,De Anza Blvd,419057,14,Friday,False
08/07/2026,14:20,541.0,51.6,4,0.0,2026-08-07 14:20:00,De Anza Blvd,419057,14,Friday,False
08/07/2026,14:25,541.0,50.8,4,0.0,2026-08-07 14:25:00,De Anza Blvd,419057,14,Friday,False
08/07/2026,14:30,541.0,51.7,4,0.0,2026-08-07 14:30:00,De Anza Blvd,419057,14,Friday,False
08/07/2026,14:35,546.0,51.0,4,0.0,2026-08-07 14:35:00,De Anza Blvd,419057,14,Friday,False
08/07/2026,14:40,551.0,49.7,4,0.0,2026-08-07 14:40:00,De Anza Blvd,419057,14,Friday,False
08/07/2026,14:45,546.0,48.9,4,0.0,2026-08-07 14:45:00,De Anza Blvd,419057,14,Friday,False
08/07/2026,14:50,539.0,50.2,4,0.0,2026-08-07 14:50:00,De Anza Blvd,419057,14,Friday,False
08/07/2026,14:55,534.0,50.6,4,0.0,2026-08-07 14:55:00,De Anza Blvd,419057,14,Friday,False
08/07/2026,15:00,523.0,52.5,4,0.0,2026-08-07 15:00:00,De Anza Blvd,419057,15,Friday,False
08/07/2026,15:05,521.0,52.8,4,0.0,2026-08-07 15:05:00,De Anza Blvd,419057,15,Friday,False
08/07/2026,15:10,531.0,52.9,4,0.0,2026-08-07 15:10:00,De Anza Blvd,419057,15,Friday,False
08/07/2026,15:15,528.0,51.5,4,0.0,2026-08-07 15:15:00,De Anza Blvd,419057,15,Friday,False
08/07/2026,15:20,527.0,52.7,4,0.0,2026-08-07 15:20:00,De Anza Blvd,419057,15,Friday,False
08/07/2026,15:25,527.0,53.9,4,0.0,2026-08-07 15:25:00,De Anza Blvd,419057,15,Friday,False
08/07/2026,15:30,521.0,54.9,4,0.0,2026-08-07 15:30:00,De Anza Blvd,419057,15,Friday,False
08/07/2026,15:35,527.0,54.7,4,0.0,2026-08-07 15:35:00,De Anza Blvd,419057,15,Friday,False
08/07/2026,15:40,522.0,54.5,4,0.0,2026-08-07 15:40:00,De Anza Blvd,419057,15,Friday,False
08/07/2026,15:45,518.0,54.4,4,0.0,2026-08-07 15:45:00,De Anza Blvd,419057,15,Friday,False
08/07/2026,15:50,520.0,55.2,4,0.0,2026-08-07 15:50:00,De Anza Blvd,419057,15,Friday,False
08/07/2026,15:55,515.0,56.3,4,0.0,2026-08-07 15:55:00,De Anza Blvd,419057,15,Friday,False
08/07/2026,16:00,514.0,57.6,4,0.0,2026-08-07 16:00:00,De Anza Blvd,419057,16,Friday,False
08/07/2026,16:05,515.0,58.4,4,0.0,2026-08-07 16:05:00,De Anza Blvd,419057,16,Friday,False
08/07/2026,16:10,517.0,58.7,4,0.0,2026-08-07 16:10:00,De Anza Blvd,419057,16,Friday,False
08/07/2026,16:15,518.0,58.1,4,0.0,2026-08-07 16:15:00,De Anza Blvd,419057,16,Friday,False
08/07/2026,16:20,520.0,57.5,4,0.0,2026-08-07 16:20:00,De Anza Blvd,419057,16,Friday,False
08/07/2026,16:25,511.0,58.6,4,0.0,2026-08-07 16:25:00,De Anza Blvd,419057,16,Friday,False
08/07/2026,16:30,511.0,59.6,4,0.0,2026-08-07 16:30:00,De Anza Blvd,419057,16,Friday,False
08/07/2026,16:35,511.0,60.0,4,0.0,2026-08-07 16:35:00,De Anza Blvd,419057,16,Friday,False
08/07/2026,16:40,513.0,54.7,4,0.0,2026-08-07 16:40:00,De Anza Blvd,419057,16,Friday,False
08/07/2026,16:45,513.0,52.0,4,0.0,2026-08-07 16:45:00,De Anza Blvd,419057,16,Friday,False
08/07/2026,16:50,511.0,58.8,4,0.0,2026-08-07 16:50:00,De Anza Blvd,419057,16,Friday,False
08/07/2026,16:55,514.0,53.2,4,0.0,2026-08-07 16:55:00,De Anza Blvd,419057,16,Friday,False
08/07/2026,17:00,517.0,46.6,4,0.0,2026-08-07 17:00:00,De Anza Blvd,419057,17,Friday,False
08/07/2026,17:05,514.0,46.2,4,0.0,2026-08-07 17:05:00,De Anza Blvd,419057,17,Friday,False
08/07/2026,17:10,513.0,39.7,4,0.0,2026-08-07 17:10:00,De Anza Blvd,419057,17,Friday,False
08/07/2026,17:15,514.0,49.6,4,0.0,2026-08-07 17:15:00,De Anza Blvd,419057,17,Friday,False
08/07/2026,17:20,511.0,40.7,4,0.0,2026-08-07 17:20:00,De Anza Blvd,419057,17,Friday,False
08/07/2026,17:25,511.0,38.9,4,0.0,2026-08-07 17:25:00,De Anza Blvd,419057,17,Friday,False
08/07/2026,17:30,507.0,38.0,4,0.0,2026-08-07 17:30:00,De Anza Blvd,419057,17,Friday,False
08/07/2026,17:35,511.0,39.2,4,0.0,2026-08-07 17:35:00,De Anza Blvd,419057,17,Friday,False
08/07/2026,17:40,508.0,43.8,4,0.0,2026-08-07 17:40:00,De Anza Blvd,419057,17,Friday,False
08/07/2026,17:45,508.0,47.9,4,0.0,2026-08-07 17:45:00,De Anza Blvd,419057,17,Friday,False
08/07/2026,17:50,511.0,48.0,4,0.0,2026-08-07 17:50:00,De Anza Blvd,419057,17,Friday,False
08/07/2026,17:55,508.0,48.8,4,0.0,2026-08-07 17:55:00,De Anza Blvd,419057,17,Friday,False
08/07/2026,18:00,502.0,44.4,4,0.0,2026-08-07 18:00:00,De Anza Blvd,419057,18,Friday,False
08/07/2026,18:05,495.0,50.8,4,0.0,2026-08-07 18:05:00,De Anza Blvd,419057,18,Friday,False
08/07/2026,18:10,505.0,48.3,4,0.0,2026-08-07 18:10:00,De Anza Blvd,419057,18,Friday,False
08/07/2026,18:15,505.0,51.3,4,0.0,2026-08-07 18:15:00,De Anza Blvd,419057,18,Friday,False
08/07/2026,18:20,501.0,58.4,4,0.0,2026-08-07 18:20:00,De Anza Blvd,419057,18,Friday,False
08/07/2026,18:25,492.0,62.4,4,0.0,2026-08-07 18:25:00,De Anza Blvd,419057,18,Friday,False
08/07/2026,18:30,488.0,65.1,4,0.0,2026-08-07 18:30:00,De Anza Blvd,419057,18,Friday,False
08/07/2026,18:35,482.0,65.4,4,0.0,2026-08-07 18:35:00,De Anza Blvd,419057,18,Friday,False
08/07/2026,18:40,482.0,65.5,4,0.0,2026-08-07 18:40:00,De Anza Blvd,419057,18,Friday,False
08/07/2026,18:45,475.0,65.8,4,0.0,2026-08-07 18:45:00,De Anza Blvd,419057,18,Friday,False
08/07/2026,18:50,469.0,65.9,4,0.0,2026-08-07 18:50:00,De Anza Blvd,419057,18,Friday,False
08/07/2026,18:55,460.0,66.2,4,0.0,2026-08-07 18:55:00,De Anza Blvd,419057,18,Friday,False
08/07/2026,19:00,455.0,66.5,4,0.0,2026-08-07 19:00:00,De Anza Blvd,419057,19,Friday,False
08/07/2026,19:05,455.0,66.6,4,0.0,2026-08-07 19:05:00,De Anza Blvd,419057,19,Friday,False
08/07/2026,19:10,452.0,66.7,4,0.0,2026-08-07 19:10:00,De Anza Blvd,419057,19,Friday,False
08/07/2026,19:15,451.0,66.8,4,0.0,2026-08-07 19:15:00,De Anza Blvd,419057,19,Friday,False
08/07/2026,19:20,445.0,66.9,4,0.0,2026-08-07 19:20:00,De Anza Blvd,419057,19,Friday,False
08/07/2026,19:25,441.0,67.0,4,0.0,2026-08-07 19:25:00,De Anza Blvd,419057,19,Friday,False
08/07/2026,19:30,434.0,67.1,4,0.0,2026-08-07 19:30:00,De Anza Blvd,419057,19,Friday,False
08/07/2026,19:35,428.0,67.2,4,0.0,2026-08-07 19:35:00,De Anza Blvd,419057,19,Friday,False
08/07/2026,19:40,425.0,67.3,4,0.0,2026-08-07 19:40:00,De Anza Blvd,419057,19,Friday,False
08/07/2026,19:45,419.0,67.4,4,0.0,2026-08-07 19:45:00,De Anza Blvd,419057,19,Friday,False
08/07/2026,19:50,411.0,67.6,4,0.0,2026-08-07 19:50:00,De Anza Blvd,419057,19,Friday,False
08/07/2026,19:55,402.0,67.7,4,0.0,2026-08-07 19:55:00,De Anza Blvd,419057,19,Friday,False
08/07/2026,20:00,392.0,67.8,4,0.0,2026-08-07 20:00:00,De Anza Blvd,419057,20,Friday,False
08/07/2026,20:05,388.0,67.9,4,0.0,2026-08-07 20:05:00,De Anza Blvd,419057,20,Friday,False
08/07/2026,20:10,388.0,67.8,4,0.0,2026-08-07 20:10:00,De Anza Blvd,419057,20,Friday,False
08/07/2026,20:15,386.0,67.9,4,0.0,2026-08-07 20:15:00,De Anza Blvd,419057,20,Friday,False
08/07/2026,20:20,383.0,67.8,4,0.0,2026-08-07 20:20:00,De Anza Blvd,419057,20,Friday,False
08/07/2026,20:25,382.0,67.6,4,0.0,2026-08-07 20:25:00,De Anza Blvd,419057,20,Friday,False
08/07/2026,20:30,379.0,67.7,4,0.0,2026-08-07 20:30:00,De Anza Blvd,419057,20,Friday,False
08/07/2026,20:35,367.0,67.5,4,0.0,2026-08-07 20:35:00,De Anza Blvd,419057,20,Friday,False
08/07/2026,20:40,369.0,67.5,4,0.0,2026-08-07 20:40:00,De Anza Blvd,419057,20,Friday,False
08/07/2026,20:45,365.0,67.5,4,0.0,2026-08-07 20:45:00,De Anza Blvd,419057,20,Friday,False
08/07/2026,20:50,355.0,67.2,4,0.0,2026-08-07 20:50:00,De Anza Blvd,419057,20,Friday,False
08/07/2026,20:55,352.0,67.3,4,0.0,2026-08-07 20:55:00,De Anza Blvd,419057,20,Friday,False
08/07/2026,21:00,348.0,67.8,4,0.0,2026-08-07 21:00:00,De Anza Blvd,419057,21,Friday,False
08/07/2026,21:05,359.0,68.0,4,0.0,2026-08-07 21:05:00,De Anza Blvd,419057,21,Friday,False
08/07/2026,21:10,359.0,68.1,4,0.0,2026-08-07 21:10:00,De Anza Blvd,419057,21,Friday,False
08/07/2026,21:15,362.0,68.2,4,0.0,2026-08-07 21:15:00,De Anza Blvd,419057,21,Friday,False
08/07/2026,21:20,361.0,68.2,4,0.0,2026-08-07 21:20:00,De Anza Blvd,419057,21,Friday,False
08/07/2026,21:25,373.0,68.3,4,0.0,2026-08-07 21:25:00,De Anza Blvd,419057,21,Friday,False
08/07/2026,21:30,374.0,68.3,4,0.0,2026-08-07 21:30:00,De Anza Blvd,419057,21,Friday,False
08/07/2026,21:35,377.0,68.4,4,0.0,2026-08-07 21:35:00,De Anza Blvd,419057,21,Friday,False
08/07/2026,21:40,367.0,68.5,4,0.0,2026-08-07 21:40:00,De Anza Blvd,419057,21,Friday,False
08/07/2026,21:45,373.0,68.6,4,0.0,2026-08-07 21:45:00,De Anza Blvd,419057,21,Friday,False
08/07/2026,21:50,369.0,68.7,4,0.0,2026-08-07 21:50:00,De Anza Blvd,419057,21,Friday,False
08/07/2026,21:55,359.0,68.8,4,0.0,2026-08-07 21:55:00,De Anza Blvd,419057,21,Friday,False
08/07/2026,22:00,355.0,68.7,4,0.0,2026-08-07 22:00:00,De Anza Blvd,419057,22,Friday,False
08/07/2026,22:05,359.0,68.6,4,0.0,2026-08-07 22:05:00,De Anza Blvd,419057,22,Friday,False
08/07/2026,22:10,355.0,68.7,4,0.0,2026-08-07 22:10:00,De Anza Blvd,419057,22,Friday,False
08/07/2026,22:15,354.0,68.7,4,0.0,2026-08-07 22:15:00,De Anza Blvd,419057,22,Friday,False
08/07/2026,22:20,350.0,68.8,4,0.0,2026-08-07 22:20:00,De Anza Blvd,419057,22,Friday,False
08/07/2026,22:25,343.0,68.8,4,0.0,2026-08-07 22:25:00,De Anza Blvd,419057,22,Friday,False
08/07/2026,22:30,333.0,68.9,4,0.0,2026-08-07 22:30:00,De Anza Blvd,419057,22,Friday,False
08/07/2026,22:35,325.0,69.0,4,0.0,2026-08-07 22:35:00,De Anza Blvd,419057,22,Friday,False
08/07/2026,22:40,322.0,69.0,4,0.0,2026-08-07 22:40:00,De Anza Blvd,419057,22,Friday,False
08/07/2026,22:45,314.0,69.0,4,0.0,2026-08-07 22:45:00,De Anza Blvd,419057,22,Friday,False
08/07/2026,22:50,305.0,69.1,4,0.0,2026-08-07 22:50:00,De Anza Blvd,419057,22,Friday,False
08/07/2026,22:55,295.0,69.2,4,0.0,2026-08-07 22:55:00,De Anza Blvd,419057,22,Friday,False
08/07/2026,23:00,280.0,68.9,4,0.0,2026-08-07 23:00:00,De Anza Blvd,419057,23,Friday,False
08/07/2026,23:05,287.0,68.7,4,0.0,2026-08-07 23:05:00,De Anza Blvd,419057,23,Friday,False
08/07/2026,23:10,277.0,68.6,4,0.0,2026-08-07 23:10:00,De Anza Blvd,419057,23,Friday,False
08/07/2026,23:15,273.0,68.6,4,0.0,2026-08-07 23:15:00,De Anza Blvd,419057,23,Friday,False
08/07/2026,23:20,260.0,68.6,4,0.0,2026-08-07 23:20:00,De Anza Blvd,419057,23,Friday,False
08/07/2026,23:25,256.0,68.6,4,0.0,2026-08-07 23:25:00,De Anza Blvd,419057,23,Friday,False
08/07/2026,23:30,250.0,68.7,4,0.0,2026-08-07 23:30:00,De Anza Blvd,419057,23,Friday,False
08/07/2026,23:35,247.0,68.8,4,0.0,2026-08-07 23:35:00,De Anza Blvd,419057,23,Friday,False
08/07/2026,23:40,241.0,68.8,4,0.0,2026-08-07 23:40:00,De Anza Blvd,419057,23,Friday,False
08/07/2026,23:45,233.0,68.8,4,0.0,2026-08-07 23:45:00,De Anza Blvd,419057,23,Friday,False
08/07/2026,23:50,224.0,68.9,4,0.0,2026-08-07 23:50:00,De Anza Blvd,419057,23,Friday,False
08/07/2026,23:55,210.0,69.0,4,0.0,2026-08-07 23:55:00,De Anza Blvd,419057,23,Friday,False
08/08/2026,00:00,199.0,69.2,4,0.0,2026-08-08 00:00:00,De Anza Blvd,419057,0,Saturday,True
08/08/2026,00:05,197.0,68.9,4,0.0,2026-08-08 00:05:00,De Anza Blvd,419057,0,Saturday,True
08/08/2026,00:10,186.0,68.9,4,0.0,2026-08-08 00:10:00,De Anza Blvd,419057,0,Saturday,True
08/08/2026,00:15,182.0,68.8,4,0.0,2026-08-08 00:15:00,De Anza Blvd,419057,0,Saturday,True
08/08/2026,00:20,167.0,68.7,4,0.0,2026-08-08 00:20:00,De Anza Blvd,419057,0,Saturday,True
08/08/2026,00:25,165.0,68.8,4,0.0,2026-08-08 00:25:00,De Anza Blvd,419057,0,Saturday,True
08/08/2026,00:30,159.0,68.7,4,0.0,2026-08-08 00:30:00,De Anza Blvd,419057,0,Saturday,True
08/08/2026,00:35,158.0,68.7,4,0.0,2026-08-08 00:35:00,De Anza Blvd,419057,0,Saturday,True
08/08/2026,00:40,153.0,68.7,4,0.0,2026-08-08 00:40:00,De Anza Blvd,419057,0,Saturday,True
08/08/2026,00:45,145.0,68.7,4,0.0,2026-08-08 00:45:00,De Anza Blvd,419057,0,Saturday,True
08/08/2026,00:50,138.0,68.8,4,0.0,2026-08-08 00:50:00,De Anza Blvd,419057,0,Saturday,True
08/08/2026,00:55,135.0,68.6,4,0.0,2026-08-08 00:55:00,De Anza Blvd,419057,0,Saturday,True
08/08/2026,01:00,128.0,68.7,4,0.0,2026-08-08 01:00:00,De Anza Blvd,419057,1,Saturday,True
08/08/2026,01:05,125.0,68.7,4,0.0,2026-08-08 01:05:00,De Anza Blvd,419057,1,Saturday,True
08/08/2026,01:10,121.0,68.7,4,0.0,2026-08-08 01:10:00,De Anza Blvd,419057,1,Saturday,True
08/08/2026,01:15,115.0,68.7,4,0.0,2026-08-08 01:15:00,De Anza Blvd,419057,1,Saturday,True
08/08/2026,01:20,113.0,68.6,4,0.0,2026-08-08 01:20:00,De Anza Blvd,419057,1,Saturday,True
08/08/2026,01:25,105.0,68.7,4,0.0,2026-08-08 01:25:00,De Anza Blvd,419057,1,Saturday,True
08/08/2026,01:30,101.0,68.6,4,0.0,2026-08-08 01:30:00,De Anza Blvd,419057,1,Saturday,True
08/08/2026,01:35,101.0,68.6,4,0.0,2026-08-08 01:35:00,De Anza Blvd,419057,1,Saturday,True
08/08/2026,01:40,100.0,68.5,4,0.0,2026-08-08 01:40:00,De Anza Blvd,419057,1,Saturday,True
08/08/2026,01:45,96.0,68.6,4,0.0,2026-08-08 01:45:00,De Anza Blvd,419057,1,Saturday,True
08/08/2026,01:50,92.0,68.6,4,0.0,2026-08-08 01:50:00,De Anza Blvd,419057,1,Saturday,True
08/08/2026,01:55,90.0,68.5,4,0.0,2026-08-08 01:55:00,De Anza Blvd,419057,1,Saturday,True
08/08/2026,02:00,88.0,68.6,4,0.0,2026-08-08 02:00:00,De Anza Blvd,419057,2,Saturday,True
08/08/2026,02:05,88.0,68.7,4,0.0,2026-08-08 02:05:00,De Anza Blvd,419057,2,Saturday,True
08/08/2026,02:10,92.0,68.7,4,0.0,2026-08-08 02:10:00,De Anza Blvd,419057,2,Saturday,True
08/08/2026,02:15,90.0,68.7,4,0.0,2026-08-08 02:15:00,De Anza Blvd,419057,2,Saturday,True
08/08/2026,02:20,87.0,68.7,4,0.0,2026-08-08 02:20:00,De Anza Blvd,419057,2,Saturday,True
08/08/2026,02:25,80.0,68.6,4,0.0,2026-08-08 02:25:00,De Anza Blvd,419057,2,Saturday,True
08/08/2026,02:30,80.0,68.6,4,0.0,2026-08-08 02:30:00,De Anza Blvd,419057,2,Saturday,True
08/08/2026,02:35,75.0,68.6,4,0.0,2026-08-08 02:35:00,De Anza Blvd,419057,2,Saturday,True
08/08/2026,02:40,78.0,68.5,4,0.0,2026-08-08 02:40:00,De Anza Blvd,419057,2,Saturday,True
08/08/2026,02:45,72.0,68.5,4,0.0,2026-08-08 02:45:00,De Anza Blvd,419057,2,Saturday,True
08/08/2026,02:50,67.0,68.3,4,0.0,2026-08-08 02:50:00,De Anza Blvd,419057,2,Saturday,True
08/08/2026,02:55,63.0,68.3,4,0.0,2026-08-08 02:55:00,De Anza Blvd,419057,2,Saturday,True
08/08/2026,03:00,61.0,68.5,4,0.0,2026-08-08 03:00:00,De Anza Blvd,419057,3,Saturday,True
08/08/2026,03:05,61.0,68.6,4,0.0,2026-08-08 03:05:00,De Anza Blvd,419057,3,Saturday,True
08/08/2026,03:10,61.0,68.4,4,0.0,2026-08-08 03:10:00,De Anza Blvd,419057,3,Saturday,True
08/08/2026,03:15,63.0,68.4,4,0.0,2026-08-08 03:15:00,De Anza Blvd,419057,3,Saturday,True
08/08/2026,03:20,63.0,68.3,4,0.0,2026-08-08 03:20:00,De Anza Blvd,419057,3,Saturday,True
08/08/2026,03:25,63.0,68.3,4,0.0,2026-08-08 03:25:00,De Anza Blvd,419057,3,Saturday,True
08/08/2026,03:30,63.0,68.3,4,0.0,2026-08-08 03:30:00,De Anza Blvd,419057,3,Saturday,True
08/08/2026,03:35,67.0,68.4,4,0.0,2026-08-08 03:35:00,De Anza Blvd,419057,3,Saturday,True
08/08/2026,03:40,70.0,68.5,4,0.0,2026-08-08 03:40:00,De Anza Blvd,419057,3,Saturday,True
08/08/2026,03:45,70.0,68.5,4,0.0,2026-08-08 03:45:00,De Anza Blvd,419057,3,Saturday,True
08/08/2026,03:50,70.0,68.5,4,0.0,2026-08-08 03:50:00,De Anza Blvd,419057,3,Saturday,True
08/08/2026,03:55,67.0,68.4,4,0.0,2026-08-08 03:55:00,De Anza Blvd,419057,3,Saturday,True
08/08/2026,04:00,67.0,68.1,4,0.0,2026-08-08 04:00:00,De Anza Blvd,419057,4,Saturday,True
08/08/2026,04:05,68.0,68.3,4,0.0,2026-08-08 04:05:00,De Anza Blvd,419057,4,Saturday,True
08/08/2026,04:10,72.0,68.4,4,0.0,2026-08-08 04:10:00,De Anza Blvd,419057,4,Saturday,True
08/08/2026,04:15,77.0,68.2,4,0.0,2026-08-08 04:15:00,De Anza Blvd,419057,4,Saturday,True
08/08/2026,04:20,82.0,68.6,4,0.0,2026-08-08 04:20:00,De Anza Blvd,419057,4,Saturday,True
08/08/2026,04:25,88.0,68.7,4,0.0,2026-08-08 04:25:00,De Anza Blvd,419057,4,Saturday,True
08/08/2026,04:30,95.0,68.7,4,0.0,2026-08-08 04:30:00,De Anza Blvd,419057,4,Saturday,True
08/08/2026,04:35,101.0,68.7,4,0.0,2026-08-08 04:35:00,De Anza Blvd,419057,4,Saturday,True
08/08/2026,04:40,109.0,68.8,4,0.0,2026-08-08 04:40:00,De Anza Blvd,419057,4,Saturday,True
08/08/2026,04:45,113.0,68.8,4,0.0,2026-08-08 04:45:00,De Anza Blvd,419057,4,Saturday,True
08/08/2026,04:50,115.0,68.8,4,0.0,2026-08-08 04:50:00,De Anza Blvd,419057,4,Saturday,True
08/08/2026,04:55,113.0,68.8,4,0.0,2026-08-08 04:55:00,De Anza Blvd,419057,4,Saturday,True
08/08/2026,05:00,113.0,68.7,4,0.0,2026-08-08 05:00:00,De Anza Blvd,419057,5,Saturday,True
08/08/2026,05:05,119.0,68.6,4,0.0,2026-08-08 05:05:00,De Anza Blvd,419057,5,Saturday,True
08/08/2026,05:10,123.0,68.6,4,0.0,2026-08-08 05:10:00,De Anza Blvd,419057,5,Saturday,True
08/08/2026,05:15,135.0,68.6,4,0.0,2026-08-08 05:15:00,De Anza Blvd,419057,5,Saturday,True
08/08/2026,05:20,142.0,68.6,4,0.0,2026-08-08 05:20:00,De Anza Blvd,419057,5,Saturday,True
08/08/2026,05:25,150.0,68.6,4,0.0,2026-08-08 05:25:00,De Anza Blvd,419057,5,Saturday,True
08/08/2026,05:30,157.0,68.8,4,0.0,2026-08-08 05:30:00,De Anza Blvd,419057,5,Saturday,True
08/08/2026,05:35,164.0,68.8,4,0.0,2026-08-08 05:35:00,De Anza Blvd,419057,5,Saturday,True
08/08/2026,05:40,172.0,68.9,4,0.0,2026-08-08 05:40:00,De Anza Blvd,419057,5,Saturday,True
08/08/2026,05:45,176.0,69.0,4,0.0,2026-08-08 05:45:00,De Anza Blvd,419057,5,Saturday,True
08/08/2026,05:50,172.0,68.9,4,0.0,2026-08-08 05:50:00,De Anza Blvd,419057,5,Saturday,True
08/08/2026,05:55,165.0,69.1,4,0.0,2026-08-08 05:55:00,De Anza Blvd,419057,5,Saturday,True
08/08/2026,06:00,164.0,68.6,4,0.0,2026-08-08 06:00:00,De Anza Blvd,419057,6,Saturday,True
08/08/2026,06:05,172.0,68.4,4,0.0,2026-08-08 06:05:00,De Anza Blvd,419057,6,Saturday,True
08/08/2026,06:10,186.0,68.4,4,0.0,2026-08-08 06:10:00,De Anza Blvd,419057,6,Saturday,True
08/08/2026,06:15,201.0,68.4,4,0.0,2026-08-08 06:15:00,De Anza Blvd,419057,6,Saturday,True
08/08/2026,06:20,213.0,68.5,4,0.0,2026-08-08 06:20:00,De Anza Blvd,419057,6,Saturday,True
08/08/2026,06:25,224.0,68.6,4,0.0,2026-08-08 06:25:00,De Anza Blvd,419057,6,Saturday,True
08/08/2026,06:30,234.0,68.7,4,0.0,2026-08-08 06:30:00,De Anza Blvd,419057,6,Saturday,True
08/08/2026,06:35,249.0,68.7,4,0.0,2026-08-08 06:35:00,De Anza Blvd,419057,6,Saturday,True
08/08/2026,06:40,261.0,68.9,4,0.0,2026-08-08 06:40:00,De Anza Blvd,419057,6,Saturday,True
08/08/2026,06:45,268.0,69.0,4,0.0,2026-08-08 06:45:00,De Anza Blvd,419057,6,Saturday,True
08/08/2026,06:50,264.0,69.1,4,0.0,2026-08-08 06:50:00,De Anza Blvd,419057,6,Saturday,True
08/08/2026,06:55,254.0,69.1,4,0.0,2026-08-08 06:55:00,De Anza Blvd,419057,6,Saturday,True
08/08/2026,07:00,249.0,68.6,4,0.0,2026-08-08 07:00:00,De Anza Blvd,419057,7,Saturday,True
08/08/2026,07:05,253.0,68.2,4,0.0,2026-08-08 07:05:00,De Anza Blvd,419057,7,Saturday,True
08/08/2026,07:10,268.0,68.3,4,0.0,2026-08-08 07:10:00,De Anza Blvd,419057,7,Saturday,True
08/08/2026,07:15,283.0,68.1,4,0.0,2026-08-08 07:15:00,De Anza Blvd,419057,7,Saturday,True
08/08/2026,07:20,296.0,68.0,4,0.0,2026-08-08 07:20:00,De Anza Blvd,419057,7,Saturday,True
08/08/2026,07:25,306.0,68.0,4,0.0,2026-08-08 07:25:00,De Anza Blvd,419057,7,Saturday,True
08/08/2026,07:30,316.0,68.0,4,0.0,2026-08-08 07:30:00,De Anza Blvd,419057,7,Saturday,True
08/08/2026,07:35,329.0,68.0,4,0.0,2026-08-08 07:35:00,De Anza Blvd,419057,7,Saturday,True
08/08/2026,07:40,347.0,67.9,4,0.0,2026-08-08 07:40:00,De Anza Blvd,419057,7,Saturday,True
08/08/2026,07:45,359.0,67.8,4,0.0,2026-08-08 07:45:00,De Anza Blvd,419057,7,Saturday,True
08/08/2026,07:50,357.0,67.9,4,0.0,2026-08-08 07:50:00,De Anza Blvd,419057,7,Saturday,True
08/08/2026,07:55,348.0,67.9,4,0.0,2026-08-08 07:55:00,De Anza Blvd,419057,7,Saturday,True
08/08/2026,08:00,343.0,67.4,4,0.0,2026-08-08 08:00:00,De Anza Blvd,419057,8,Saturday,True
08/08/2026,08:05,346.0,67.2,4,0.0,2026-08-08 08:05:00,De Anza Blvd,419057,8,Saturday,True
08/08/2026,08:10,359.0,67.0,4,0.0,2026-08-08 08:10:00,De Anza Blvd,419057,8,Saturday,True
08/08/2026,08:15,374.0,67.0,4,0.0,2026-08-08 08:15:00,De Anza Blvd,419057,8,Saturday,True
08/08/2026,08:20,388.0,66.8,4,0.0,2026-08-08 08:20:00,De Anza Blvd,419057,8,Saturday,True
08/08/2026,08:25,398.0,66.8,4,0.0,2026-08-08 08:25:00,De Anza Blvd,419057,8,Saturday,True
08/08/2026,08:30,407.0,66.8,4,0.0,2026-08-08 08:30:00,De Anza Blvd,419057,8,Saturday,True
08/08/2026,08:35,422.0,66.7,4,0.0,2026-08-08 08:35:00,De Anza Blvd,419057,8,Saturday,True
08/08/2026,08:40,439.0,66.6,4,0.0,2026-08-08 08:40:00,De Anza Blvd,419057,8,Saturday,True
08/08/2026,08:45,451.0,66.6,4,0.0,2026-08-08 08:45:00,De Anza Blvd,419057,8,Saturday,True
08/08/2026,08:50,448.0,66.6,4,0.0,2026-08-08 08:50:00,De Anza Blvd,419057,8,Saturday,True
08/08/2026,08:55,440.0,66.5,4,0.0,2026-08-08 08:55:00,De Anza Blvd,419057,8,Saturday,True
08/08/2026,09:00,429.0,66.3,4,0.0,2026-08-08 09:00:00,De Anza Blvd,419057,9,Saturday,True
08/08/2026,09:05,429.0,66.0,4,0.0,2026-08-08 09:05:00,De Anza Blvd,419057,9,Saturday,True
08/08/2026,09:10,440.0,65.8,4,0.0,2026-08-08 09:10:00,De Anza Blvd,419057,9,Saturday,True
08/08/2026,09:15,455.0,65.6,4,0.0,2026-08-08 09:15:00,De Anza Blvd,419057,9,Saturday,True
08/08/2026,09:20,469.0,65.4,4,0.0,2026-08-08 09:20:00,De Anza Blvd,419057,9,Saturday,True
08/08/2026,09:25,478.0,65.2,4,0.0,2026-08-08 09:25:00,De Anza Blvd,419057,9,Saturday,True
08/08/2026,09:30,488.0,65.2,4,0.0,2026-08-08 09:30:00,De Anza Blvd,419057,9,Saturday,True
08/08/2026,09:35,497.0,65.0,4,0.0,2026-08-08 09:35:00,De Anza Blvd,419057,9,Saturday,True
08/08/2026,09:40,513.0,64.9,4,0.0,2026-08-08 09:40:00,De Anza Blvd,419057,9,Saturday,True
08/08/2026,09:45,521.0,64.8,4,0.0,2026-08-08 09:45:00,De Anza Blvd,419057,9,Saturday,True
08/08/2026,09:50,519.0,64.7,4,0.0,2026-08-08 09:50:00,De Anza Blvd,419057,9,Saturday,True
08/08/2026,09:55,508.0,64.7,4,0.0,2026-08-08 09:55:00,De Anza Blvd,419057,9,Saturday,True
08/08/2026,10:00,497.0,64.5,4,0.0,2026-08-08 10:00:00,De Anza Blvd,419057,10,Saturday,True
08/08/2026,10:05,497.0,64.3,4,0.0,2026-08-08 10:05:00,De Anza Blvd,419057,10,Saturday,True
08/08/2026,10:10,503.0,64.2,4,0.0,2026-08-08 10:10:00,De Anza Blvd,419057,10,Saturday,True
08/08/2026,10:15,511.0,64.1,4,0.0,2026-08-08 10:15:00,De Anza Blvd,419057,10,Saturday,True
08/08/2026,10:20,515.0,64.0,4,0.0,2026-08-08 10:20:00,De Anza Blvd,419057,10,Saturday,True
08/08/2026,10:25,523.0,64.0,4,0.0,2026-08-08 10:25:00,De Anza Blvd,419057,10,Saturday,True
08/08/2026,10:30,522.0,64.0,4,0.0,2026-08-08 10:30:00,De Anza Blvd,419057,10,Saturday,True
08/08/2026,10:35,523.0,63.8,4,0.0,2026-08-08 10:35:00,De Anza Blvd,419057,10,Saturday,True
08/08/2026,10:40,528.0,63.7,4,0.0,2026-08-08 10:40:00,De Anza Blvd,419057,10,Saturday,True
08/08/2026,10:45,505.0,63.7,4,0.0,2026-08-08 10:45:00,De Anza Blvd,419057,10,Saturday,True
08/08/2026,10:50,504.0,63.7,4,0.0,2026-08-08 10:50:00,De Anza Blvd,419057,10,Saturday,True
08/08/2026,10:55,492.0,63.7,4,0.0,2026-08-08 10:55:00,De Anza Blvd,419057,10,Saturday,True
08/08/2026,11:00,497.0,63.7,4,0.0,2026-08-08 11:00:00,De Anza Blvd,419057,11,Saturday,True
08/08/2026,11:05,511.0,63.7,4,0.0,2026-08-08 11:05:00,De Anza Blvd,419057,11,Saturday,True
08/08/2026,11:10,496.0,63.6,4,0.0,2026-08-08 11:10:00,De Anza Blvd,419057,11,Saturday,True
08/08/2026,11:15,497.0,63.6,4,0.0,2026-08-08 11:15:00,De Anza Blvd,419057,11,Saturday,True
08/08/2026,11:20,501.0,63.5,4,0.0,2026-08-08 11:20:00,De Anza Blvd,419057,11,Saturday,True
08/08/2026,11:25,497.0,63.4,4,0.0,2026-08-08 11:25:00,De Anza Blvd,419057,11,Saturday,True
08/08/2026,11:30,501.0,63.5,4,0.0,2026-08-08 11:30:00,De Anza Blvd,419057,11,Saturday,True
08/08/2026,11:35,502.0,63.5,4,0.0,2026-08-08 11:35:00,De Anza Blvd,419057,11,Saturday,True
08/08/2026,11:40,507.0,63.4,4,0.0,2026-08-08 11:40:00,De Anza Blvd,419057,11,Saturday,True
08/08/2026,11:45,507.0,63.4,4,0.0,2026-08-08 11:45:00,De Anza Blvd,419057,11,Saturday,True
08/08/2026,11:50,511.0,63.3,4,0.0,2026-08-08 11:50:00,De Anza Blvd,419057,11,Saturday,True
08/08/2026,11:55,503.0,63.3,4,0.0,2026-08-08 11:55:00,De Anza Blvd,419057,11,Saturday,True
08/08/2026,12:00,501.0,63.3,4,0.0,2026-08-08 12:00:00,De Anza Blvd,419057,12,Saturday,True
08/08/2026,12:05,502.0,63.3,4,0.0,2026-08-08 12:05:00,De Anza Blvd,419057,12,Saturday,True
08/08/2026,12:10,507.0,63.1,4,0.0,2026-08-08 12:10:00,De Anza Blvd,419057,12,Saturday,True
08/08/2026,12:15,511.0,63.1,4,0.0,2026-08-08 12:15:00,De Anza Blvd,419057,12,Saturday,True
08/08/2026,12:20,514.0,63.1,4,0.0,2026-08-08 12:20:00,De Anza Blvd,419057,12,Saturday,True
08/08/2026,12:25,514.0,63.1,4,0.0,2026-08-08 12:25:00,De Anza Blvd,419057,12,Saturday,True
08/08/2026,12:30,513.0,63.1,4,0.0,2026-08-08 12:30:00,De Anza Blvd,419057,12,Saturday,True
08/08/2026,12:35,511.0,63.1,4,0.0,2026-08-08 12:35:00,De Anza Blvd,419057,12,Saturday,True
08/08/2026,12:40,515.0,63.0,4,0.0,2026-08-08 12:40:00,De Anza Blvd,419057,12,Saturday,True
08/08/2026,12:45,519.0,62.9,4,0.0,2026-08-08 12:45:00,De Anza Blvd,419057,12,Saturday,True
08/08/2026,12:50,517.0,62.8,4,0.0,2026-08-08 12:50:00,De Anza Blvd,419057,12,Saturday,True
08/08/2026,12:55,511.0,62.9,4,0.0,2026-08-08 12:55:00,De Anza Blvd,419057,12,Saturday,True
08/08/2026,13:00,507.0,62.8,4,0.0,2026-08-08 13:00:00,De Anza Blvd,419057,13,Saturday,True
08/08/2026,13:05,507.0,62.9,4,0.0,2026-08-08 13:05:00,De Anza Blvd,419057,13,Saturday,True
08/08/2026,13:10,511.0,63.0,4,0.0,2026-08-08 13:10:00,De Anza Blvd,419057,13,Saturday,True
08/08/2026,13:15,511.0,63.0,4,0.0,2026-08-08 13:15:00,De Anza Blvd,419057,13,Saturday,True
08/08/2026,13:20,518.0,63.0,4,0.0,2026-08-08 13:20:00,De Anza Blvd,419057,13,Saturday,True
08/08/2026,13:25,515.0,63.0,4,0.0,2026-08-08 13:25:00,De Anza Blvd,419057,13,Saturday,True
08/08/2026,13:30,514.0,63.0,4,0.0,2026-08-08 13:30:00,De Anza Blvd,419057,13,Saturday,True
08/08/2026,13:35,518.0,62.9,4,0.0,2026-08-08 13:35:00,De Anza Blvd,419057,13,Saturday,True
08/08/2026,13:40,522.0,62.9,4,0.0,2026-08-08 13:40:00,De Anza Blvd,419057,13,Saturday,True
08/08/2026,13:45,522.0,62.8,4,0.0,2026-08-08 13:45:00,De Anza Blvd,419057,13,Saturday,True
08/08/2026,13:50,520.0,62.8,4,0.0,2026-08-08 13:50:00,De Anza Blvd,419057,13,Saturday,True
08/08/2026,13:55,518.0,62.9,4,0.0,2026-08-08 13:55:00,De Anza Blvd,419057,13,Saturday,True
08/08/2026,14:00,515.0,62.8,4,0.0,2026-08-08 14:00:00,De Anza Blvd,419057,14,Saturday,True
08/08/2026,14:05,515.0,62.9,4,0.0,2026-08-08 14:05:00,De Anza Blvd,419057,14,Saturday,True
08/08/2026,14:10,524.0,62.7,4,0.0,2026-08-08 14:10:00,De Anza Blvd,419057,14,Saturday,True
08/08/2026,14:15,527.0,62.5,4,0.0,2026-08-08 14:15:00,De Anza Blvd,419057,14,Saturday,True
08/08/2026,14:20,527.0,62.4,4,0.0,2026-08-08 14:20:00,De Anza Blvd,419057,14,Saturday,True
08/08/2026,14:25,524.0,62.4,4,0.0,2026-08-08 14:25:00,De Anza Blvd,419057,14,Saturday,True
08/08/2026,14:30,524.0,62.4,4,0.0,2026-08-08 14:30:00,De Anza Blvd,419057,14,Saturday,True
08/08/2026,14:35,525.0,62.3,4,0.0,2026-08-08 14:35:00,De Anza Blvd,419057,14,Saturday,True
08/08/2026,14:40,530.0,62.2,4,0.0,2026-08-08 14:40:00,De Anza Blvd,419057,14,Saturday,True
08/08/2026,14:45,537.0,62.2,4,0.0,2026-08-08 14:45:00,De Anza Blvd,419057,14,Saturday,True
08/08/2026,14:50,528.0,62.1,4,0.0,2026-08-08 14:50:00,De Anza Blvd,419057,14,Saturday,True
08/08/2026,14:55,521.0,62.2,4,0.0,2026-08-08 14:55:00,De Anza Blvd,419057,14,Saturday,True
08/08/2026,15:00,521.0,62.3,4,0.0,2026-08-08 15:00:00,De Anza Blvd,419057,15,Saturday,True
08/08/2026,15:05,521.0,62.2,4,0.0,2026-08-08 15:05:00,De Anza Blvd,419057,15,Saturday,True
08/08/2026,15:10,525.0,62.2,4,0.0,2026-08-08 15:10:00,De Anza Blvd,419057,15,Saturday,True
08/08/2026,15:15,527.0,62.2,4,0.0,2026-08-08 15:15:00,De Anza Blvd,419057,15,Saturday,True
08/08/2026,15:20,527.0,62.3,4,0.0,2026-08-08 15:20:00,De Anza Blvd,419057,15,Saturday,True
08/08/2026,15:25,527.0,62.2,4,0.0,2026-08-08 15:25:00,De Anza Blvd,419057,15,Saturday,True
08/08/2026,15:30,524.0,62.3,4,0.0,2026-08-08 15:30:00,De Anza Blvd,419057,15,Saturday,True
08/08/2026,15:35,525.0,62.3,4,0.0,2026-08-08 15:35:00,De Anza Blvd,419057,15,Saturday,True
08/08/2026,15:40,530.0,62.2,4,0.0,2026-08-08 15:40:00,De Anza Blvd,419057,15,Saturday,True
08/08/2026,15:45,533.0,62.1,4,0.0,2026-08-08 15:45:00,De Anza Blvd,419057,15,Saturday,True
08/08/2026,15:50,528.0,62.1,4,0.0,2026-08-08 15:50:00,De Anza Blvd,419057,15,Saturday,True
08/08/2026,15:55,522.0,62.2,4,0.0,2026-08-08 15:55:00,De Anza Blvd,419057,15,Saturday,True
08/08/2026,16:00,518.0,62.3,4,0.0,2026-08-08 16:00:00,De Anza Blvd,419057,16,Saturday,True
08/08/2026,16:05,519.0,62.4,4,0.0,2026-08-08 16:05:00,De Anza Blvd,419057,16,Saturday,True
08/08/2026,16:10,524.0,62.4,4,0.0,2026-08-08 16:10:00,De Anza Blvd,419057,16,Saturday,True
08/08/2026,16:15,527.0,62.4,4,0.0,2026-08-08 16:15:00,De Anza Blvd,419057,16,Saturday,True
08/08/2026,16:20,527.0,62.4,4,0.0,2026-08-08 16:20:00,De Anza Blvd,419057,16,Saturday,True
08/08/2026,16:25,523.0,62.4,4,0.0,2026-08-08 16:25:00,De Anza Blvd,419057,16,Saturday,True
08/08/2026,16:30,524.0,62.5,4,0.0,2026-08-08 16:30:00,De Anza Blvd,419057,16,Saturday,True
08/08/2026,16:35,525.0,62.5,4,0.0,2026-08-08 16:35:00,De Anza Blvd,419057,16,Saturday,True
08/08/2026,16:40,525.0,62.5,4,0.0,2026-08-08 16:40:00,De Anza Blvd,419057,16,Saturday,True
08/08/2026,16:45,523.0,62.5,4,0.0,2026-08-08 16:45:00,De Anza Blvd,419057,16,Saturday,True
08/08/2026,16:50,520.0,62.6,4,0.0,2026-08-08 16:50:00,De Anza Blvd,419057,16,Saturday,True
08/08/2026,16:55,517.0,62.9,4,0.0,2026-08-08 16:55:00,De Anza Blvd,419057,16,Saturday,True
08/08/2026,17:00,514.0,63.1,4,0.0,2026-08-08 17:00:00,De Anza Blvd,419057,17,Saturday,True
08/08/2026,17:05,513.0,63.4,4,0.0,2026-08-08 17:05:00,De Anza Blvd,419057,17,Saturday,True
08/08/2026,17:10,519.0,63.4,4,0.0,2026-08-08 17:10:00,De Anza Blvd,419057,17,Saturday,True
08/08/2026,17:15,521.0,63.4,4,0.0,2026-08-08 17:15:00,De Anza Blvd,419057,17,Saturday,True
08/08/2026,17:20,520.0,63.5,4,0.0,2026-08-08 17:20:00,De Anza Blvd,419057,17,Saturday,True
08/08/2026,17:25,518.0,63.5,4,0.0,2026-08-08 17:25:00,De Anza Blvd,419057,17,Saturday,True
08/08/2026,17:30,513.0,63.8,4,0.0,2026-08-08 17:30:00,De Anza Blvd,419057,17,Saturday,True
08/08/2026,17:35,511.0,63.9,4,0.0,2026-08-08 17:35:00,De Anza Blvd,419057,17,Saturday,True
08/08/2026,17:40,511.0,64.0,4,0.0,2026-08-08 17:40:00,De Anza Blvd,419057,17,Saturday,True
08/08/2026,17:45,503.0,64.1,4,0.0,2026-08-08 17:45:00,De Anza Blvd,419057,17,Saturday,True
08/08/2026,17:50,501.0,64.2,4,0.0,2026-08-08 17:50:00,De Anza Blvd,419057,17,Saturday,True
08/08/2026,17:55,496.0,64.5,4,0.0,2026-08-08 17:55:00,De Anza Blvd,419057,17,Saturday,True
08/08/2026,18:00,483.0,64.7,4,0.0,2026-08-08 18:00:00,De Anza Blvd,419057,18,Saturday,True
08/08/2026,18:05,484.0,64.8,4,0.0,2026-08-08 18:05:00,De Anza Blvd,419057,18,Saturday,True
08/08/2026,18:10,492.0,64.9,4,0.0,2026-08-08 18:10:00,De Anza Blvd,419057,18,Saturday,True
08/08/2026,18:15,496.0,64.9,4,0.0,2026-08-08 18:15:00,De Anza Blvd,419057,18,Saturday,True
08/08/2026,18:20,492.0,65.0,4,0.0,2026-08-08 18:20:00,De Anza Blvd,419057,18,Saturday,True
08/08/2026,18:25,484.0,65.1,4,0.0,2026-08-08 18:25:00,De Anza Blvd,419057,18,Saturday,True
08/08/2026,18:30,478.0,65.4,4,0.0,2026-08-08 18:30:00,De Anza Blvd,419057,18,Saturday,True
08/08/2026,18:35,469.0,65.5,4,0.0,2026-08-08 18:35:00,De Anza Blvd,419057,18,Saturday,True
08/08/2026,18:40,465.0,65.6,4,0.0,2026-08-08 18:40:00,De Anza Blvd,419057,18,Saturday,True
08/08/2026,18:45,459.0,65.8,4,0.0,2026-08-08 18:45:00,De Anza Blvd,419057,18,Saturday,True
08/08/2026,18:50,448.0,66.4,4,0.0,2026-08-08 18:50:00,De Anza Blvd,419057,18,Saturday,True
08/08/2026,18:55,438.0,66.6,4,0.0,2026-08-08 18:55:00,De Anza Blvd,419057,18,Saturday,True
08/08/2026,19:00,432.0,66.8,4,0.0,2026-08-08 19:00:00,De Anza Blvd,419057,19,Saturday,True
08/08/2026,19:05,429.0,67.0,4,0.0,2026-08-08 19:05:00,De Anza Blvd,419057,19,Saturday,True
08/08/2026,19:10,428.0,67.1,4,0.0,2026-08-08 19:10:00,De Anza Blvd,419057,19,Saturday,True
08/08/2026,19:15,429.0,67.1,4,0.0,2026-08-08 19:15:00,De Anza Blvd,419057,19,Saturday,True
08/08/2026,19:20,425.0,67.2,4,0.0,2026-08-08 19:20:00,De Anza Blvd,419057,19,Saturday,True
08/08/2026,19:25,420.0,67.2,4,0.0,2026-08-08 19:25:00,De Anza Blvd,419057,19,Saturday,True
08/08/2026,19:30,415.0,67.3,4,0.0,2026-08-08 19:30:00,De Anza Blvd,419057,19,Saturday,True
08/08/2026,19:35,411.0,67.3,4,0.0,2026-08-08 19:35:00,De Anza Blvd,419057,19,Saturday,True
08/08/2026,19:40,408.0,67.3,4,0.0,2026-08-08 19:40:00,De Anza Blvd,419057,19,Saturday,True
08/08/2026,19:45,402.0,67.3,4,0.0,2026-08-08 19:45:00,De Anza Blvd,419057,19,Saturday,True
08/08/2026,19:50,398.0,67.3,4,0.0,2026-08-08 19:50:00,De Anza Blvd,419057,19,Saturday,True
08/08/2026,19:55,392.0,67.3,4,0.0,2026-08-08 19:55:00,De Anza Blvd,419057,19,Saturday,True
08/08/2026,20:00,388.0,67.3,4,0.0,2026-08-08 20:00:00,De Anza Blvd,419057,20,Saturday,True
08/08/2026,20:05,387.0,67.4,4,0.0,2026-08-08 20:05:00,De Anza Blvd,419057,20,Saturday,True
08/08/2026,20:10,387.0,67.3,4,0.0,2026-08-08 20:10:00,De Anza Blvd,419057,20,Saturday,True
08/08/2026,20:15,384.0,67.3,4,0.0,2026-08-08 20:15:00,De Anza Blvd,419057,20,Saturday,True
08/08/2026,20:20,384.0,67.2,4,0.0,2026-08-08 20:20:00,De Anza Blvd,419057,20,Saturday,True
08/08/2026,20:25,384.0,67.1,4,0.0,2026-08-08 20:25:00,De Anza Blvd,419057,20,Saturday,True
08/08/2026,20:30,379.0,67.1,4,0.0,2026-08-08 20:30:00,De Anza Blvd,419057,20,Saturday,True
08/08/2026,20:35,376.0,67.0,4,0.0,2026-08-08 20:35:00,De Anza Blvd,419057,20,Saturday,True
08/08/2026,20:40,374.0,66.9,4,0.0,2026-08-08 20:40:00,De Anza Blvd,419057,20,Saturday,True
08/08/2026,20:45,373.0,66.8,4,0.0,2026-08-08 20:45:00,De Anza Blvd,419057,20,Saturday,True
08/08/2026,20:50,369.0,66.6,4,0.0,2026-08-08 20:50:00,De Anza Blvd,419057,20,Saturday,True
08/08/2026,20:55,369.0,66.5,4,0.0,2026-08-08 20:55:00,De Anza Blvd,419057,20,Saturday,True
08/08/2026,21:00,369.0,67.5,4,0.0,2026-08-08 21:00:00,De Anza Blvd,419057,21,Saturday,True
08/08/2026,21:05,373.0,67.7,4,0.0,2026-08-08 21:05:00,De Anza Blvd,419057,21,Saturday,True
08/08/2026,21:10,379.0,67.9,4,0.0,2026-08-08 21:10:00,De Anza Blvd,419057,21,Saturday,True
08/08/2026,21:15,379.0,67.8,4,0.0,2026-08-08 21:15:00,De Anza Blvd,419057,21,Saturday,True
08/08/2026,21:20,382.0,67.7,4,0.0,2026-08-08 21:20:00,De Anza Blvd,419057,21,Saturday,True
08/08/2026,21:25,379.0,67.8,4,0.0,2026-08-08 21:25:00,De Anza Blvd,419057,21,Saturday,True
08/08/2026,21:30,376.0,68.1,4,0.0,2026-08-08 21:30:00,De Anza Blvd,419057,21,Saturday,True
08/08/2026,21:35,376.0,68.0,4,0.0,2026-08-08 21:35:00,De Anza Blvd,419057,21,Saturday,True
08/08/2026,21:40,377.0,68.3,4,0.0,2026-08-08 21:40:00,De Anza Blvd,419057,21,Saturday,True
08/08/2026,21:45,377.0,68.4,4,0.0,2026-08-08 21:45:00,De Anza Blvd,419057,21,Saturday,True
08/08/2026,21:50,373.0,68.6,4,0.0,2026-08-08 21:50:00,De Anza Blvd,419057,21,Saturday,True
08/08/2026,21:55,365.0,68.6,4,0.0,2026-08-08 21:55:00,De Anza Blvd,419057,21,Saturday,True
08/08/2026,22:00,362.0,68.6,4,0.0,2026-08-08 22:00:00,De Anza Blvd,419057,22,Saturday,True
08/08/2026,22:05,365.0,68.4,4,0.0,2026-08-08 22:05:00,De Anza Blvd,419057,22,Saturday,True
08/08/2026,22:10,365.0,68.5,4,0.0,2026-08-08 22:10:00,De Anza Blvd,419057,22,Saturday,True
08/08/2026,22:15,359.0,68.5,4,0.0,2026-08-08 22:15:00,De Anza Blvd,419057,22,Saturday,True
08/08/2026,22:20,357.0,68.6,4,0.0,2026-08-08 22:20:00,De Anza Blvd,419057,22,Saturday,True
08/08/2026,22:25,348.0,68.6,4,0.0,2026-08-08 22:25:00,De Anza Blvd,419057,22,Saturday,True
08/08/2026,22:30,346.0,68.7,4,0.0,2026-08-08 22:30:00,De Anza Blvd,419057,22,Saturday,True
08/08/2026,22:35,340.0,68.9,4,0.0,2026-08-08 22:35:00,De Anza Blvd,419057,22,Saturday,True
08/08/2026,22:40,335.0,69.0,4,0.0,2026-08-08 22:40:00,De Anza Blvd,419057,22,Saturday,True
08/08/2026,22:45,325.0,69.1,4,0.0,2026-08-08 22:45:00,De Anza Blvd,419057,22,Saturday,True
08/08/2026,22:50,314.0,69.2,4,0.0,2026-08-08 22:50:00,De Anza Blvd,419057,22,Saturday,True
08/08/2026,22:55,301.0,69.4,4,0.0,2026-08-08 22:55:00,De Anza Blvd,419057,22,Saturday,True
08/08/2026,23:00,292.0,69.0,4,0.0,2026-08-08 23:00:00,De Anza Blvd,419057,23,Saturday,True
08/08/2026,23:05,291.0,68.8,4,0.0,2026-08-08 23:05:00,De Anza Blvd,419057,23,Saturday,True
08/08/2026,23:10,288.0,68.7,4,0.0,2026-08-08 23:10:00,De Anza Blvd,419057,23,Saturday,True
08/08/2026,23:15,281.0,68.8,4,0.0,2026-08-08 23:15:00,De Anza Blvd,419057,23,Saturday,True
08/08/2026,23:20,272.0,68.9,4,0.0,2026-08-08 23:20:00,De Anza Blvd,419057,23,Saturday,True
08/08/2026,23:25,264.0,68.9,4,0.0,2026-08-08 23:25:00,De Anza Blvd,419057,23,Saturday,True
08/08/2026,23:30,256.0,69.0,4,0.0,2026-08-08 23:30:00,De Anza Blvd,419057,23,Saturday,True
08/08/2026,23:35,254.0,69.1,4,0.0,2026-08-08 23:35:00,De Anza Blvd,419057,23,Saturday,True
08/08/2026,23:40,251.0,69.1,4,0.0,2026-08-08 23:40:00,De Anza Blvd,419057,23,Saturday,True
08/08/2026,23:45,245.0,69.2,4,0.0,2026-08-08 23:45:00,De Anza Blvd,419057,23,Saturday,True
08/08/2026,23:50,236.0,69.3,4,0.0,2026-08-08 23:50:00,De Anza Blvd,419057,23,Saturday,True
08/08/2026,23:55,228.0,69.3,4,0.0,2026-08-08 23:55:00,De Anza Blvd,419057,23,Saturday,True
08/09/2026,00:00,218.0,69.2,4,0.0,2026-08-09 00:00:00,De Anza Blvd,419057,0,Sunday,True
08/09/2026,00:05,213.0,69.0,4,0.0,2026-08-09 00:05:00,De Anza Blvd,419057,0,Sunday,True
08/09/2026,00:10,205.0,68.9,4,0.0,2026-08-09 00:10:00,De Anza Blvd,419057,0,Sunday,True
08/09/2026,00:15,197.0,68.9,4,0.0,2026-08-09 00:15:00,De Anza Blvd,419057,0,Sunday,True
08/09/2026,00:20,187.0,68.9,4,0.0,2026-08-09 00:20:00,De Anza Blvd,419057,0,Sunday,True
08/09/2026,00:25,181.0,68.8,4,0.0,2026-08-09 00:25:00,De Anza Blvd,419057,0,Sunday,True
08/09/2026,00:30,171.0,68.9,4,0.0,2026-08-09 00:30:00,De Anza Blvd,419057,0,Sunday,True
08/09/2026,00:35,164.0,68.9,4,0.0,2026-08-09 00:35:00,De Anza Blvd,419057,0,Sunday,True
08/09/2026,00:40,150.0,68.9,4,0.0,2026-08-09 00:40:00,De Anza Blvd,419057,0,Sunday,True
08/09/2026,00:45,142.0,69.0,4,0.0,2026-08-09 00:45:00,De Anza Blvd,419057,0,Sunday,True
08/09/2026,00:50,138.0,69.1,4,0.0,2026-08-09 00:50:00,De Anza Blvd,419057,0,Sunday,True
08/09/2026,00:55,134.0,69.1,4,0.0,2026-08-09 00:55:00,De Anza Blvd,419057,0,Sunday,True
08/09/2026,01:00,131.0,69.0,4,0.0,2026-08-09 01:00:00,De Anza Blvd,419057,1,Sunday,True
08/09/2026,01:05,123.0,68.9,4,0.0,2026-08-09 01:05:00,De Anza Blvd,419057,1,Sunday,True
08/09/2026,01:10,116.0,68.9,4,0.0,2026-08-09 01:10:00,De Anza Blvd,419057,1,Sunday,True
08/09/2026,01:15,113.0,68.9,4,0.0,2026-08-09 01:15:00,De Anza Blvd,419057,1,Sunday,True
08/09/2026,01:20,109.0,68.9,4,0.0,2026-08-09 01:20:00,De Anza Blvd,419057,1,Sunday,True
08/09/2026,01:25,104.0,68.9,4,0.0,2026-08-09 01:25:00,De Anza Blvd,419057,1,Sunday,True
08/09/2026,01:30,97.0,68.9,4,0.0,2026-08-09 01:30:00,De Anza Blvd,419057,1,Sunday,True
08/09/2026,01:35,96.0,68.9,4,0.0,2026-08-09 01:35:00,De Anza Blvd,419057,1,Sunday,True
08/09/2026,01:40,94.0,68.9,4,0.0,2026-08-09 01:40:00,De Anza Blvd,419057,1,Sunday,True
08/09/2026,01:45,92.0,68.9,4,0.0,2026-08-09 01:45:00,De Anza Blvd,419057,1,Sunday,True
08/09/2026,01:50,88.0,68.9,4,0.0,2026-08-09 01:50:00,De Anza Blvd,419057,1,Sunday,True
08/09/2026,01:55,87.0,68.9,4,0.0,2026-08-09 01:55:00,De Anza Blvd,419057,1,Sunday,True
08/09/2026,02:00,86.0,68.9,4,0.0,2026-08-09 02:00:00,De Anza Blvd,419057,2,Sunday,True
08/09/2026,02:05,82.0,68.9,4,0.0,2026-08-09 02:05:00,De Anza Blvd,419057,2,Sunday,True
08/09/2026,02:10,86.0,69.0,4,0.0,2026-08-09 02:10:00,De Anza Blvd,419057,2,Sunday,True
08/09/2026,02:15,82.0,68.9,4,0.0,2026-08-09 02:15:00,De Anza Blvd,419057,2,Sunday,True
08/09/2026,02:20,76.0,68.8,4,0.0,2026-08-09 02:20:00,De Anza Blvd,419057,2,Sunday,True
08/09/2026,02:25,77.0,68.8,4,0.0,2026-08-09 02:25:00,De Anza Blvd,419057,2,Sunday,True
08/09/2026,02:30,70.0,69.0,4,0.0,2026-08-09 02:30:00,De Anza Blvd,419057,2,Sunday,True
08/09/2026,02:35,72.0,68.8,4,0.0,2026-08-09 02:35:00,De Anza Blvd,419057,2,Sunday,True
08/09/2026,02:40,65.0,68.9,4,0.0,2026-08-09 02:40:00,De Anza Blvd,419057,2,Sunday,True
08/09/2026,02:45,63.0,68.7,4,0.0,2026-08-09 02:45:00,De Anza Blvd,419057,2,Sunday,True
08/09/2026,02:50,61.0,68.8,4,0.0,2026-08-09 02:50:00,De Anza Blvd,419057,2,Sunday,True
08/09/2026,02:55,59.0,68.7,4,0.0,2026-08-09 02:55:00,De Anza Blvd,419057,2,Sunday,True
08/09/2026,03:00,56.0,68.8,4,0.0,2026-08-09 03:00:00,De Anza Blvd,419057,3,Sunday,True
08/09/2026,03:05,53.0,68.7,4,0.0,2026-08-09 03:05:00,De Anza Blvd,419057,3,Sunday,True
08/09/2026,03:10,53.0,68.7,4,0.0,2026-08-09 03:10:00,De Anza Blvd,419057,3,Sunday,True
08/09/2026,03:15,52.0,68.9,4,0.0,2026-08-09 03:15:00,De Anza Blvd,419057,3,Sunday,True
08/09/2026,03:20,52.0,68.7,4,0.0,2026-08-09 03:20:00,De Anza Blvd,419057,3,Sunday,True
08/09/2026,03:25,53.0,68.7,4,0.0,2026-08-09 03:25:00,De Anza Blvd,419057,3,Sunday,True
08/09/2026,03:30,52.0,68.8,4,0.0,2026-08-09 03:30:00,De Anza Blvd,419057,3,Sunday,True
08/09/2026,03:35,52.0,68.7,4,0.0,2026-08-09 03:35:00,De Anza Blvd,419057,3,Sunday,True
08/09/2026,03:40,53.0,68.7,4,0.0,2026-08-09 03:40:00,De Anza Blvd,419057,3,Sunday,True
08/09/2026,03:45,53.0,68.6,4,0.0,2026-08-09 03:45:00,De Anza Blvd,419057,3,Sunday,True
08/09/2026,03:50,53.0,68.6,4,0.0,2026-08-09 03:50:00,De Anza Blvd,419057,3,Sunday,True
08/09/2026,03:55,52.0,68.7,4,0.0,2026-08-09 03:55:00,De Anza Blvd,419057,3,Sunday,True
08/09/2026,04:00,49.0,68.6,4,0.0,2026-08-09 04:00:00,De Anza Blvd,419057,4,Sunday,True
08/09/2026,04:05,51.0,68.8,4,0.0,2026-08-09 04:05:00,De Anza Blvd,419057,4,Sunday,True
08/09/2026,04:10,53.0,68.6,4,0.0,2026-08-09 04:10:00,De Anza Blvd,419057,4,Sunday,True
08/09/2026,04:15,56.0,68.8,4,0.0,2026-08-09 04:15:00,De Anza Blvd,419057,4,Sunday,True
08/09/2026,04:20,59.0,68.7,4,0.0,2026-08-09 04:20:00,De Anza Blvd,419057,4,Sunday,True
08/09/2026,04:25,61.0,68.9,4,0.0,2026-08-09 04:25:00,De Anza Blvd,419057,4,Sunday,True
08/09/2026,04:30,63.0,68.7,4,0.0,2026-08-09 04:30:00,De Anza Blvd,419057,4,Sunday,True
08/09/2026,04:35,67.0,68.7,4,0.0,2026-08-09 04:35:00,De Anza Blvd,419057,4,Sunday,True
08/09/2026,04:40,70.0,68.8,4,0.0,2026-08-09 04:40:00,De Anza Blvd,419057,4,Sunday,True
08/09/2026,04:45,72.0,68.8,4,0.0,2026-08-09 04:45:00,De Anza Blvd,419057,4,Sunday,True
08/09/2026,04:50,72.0,68.7,4,0.0,2026-08-09 04:50:00,De Anza Blvd,419057,4,Sunday,True
08/09/2026,04:55,72.0,68.7,4,0.0,2026-08-09 04:55:00,De Anza Blvd,419057,4,Sunday,True
08/09/2026,05:00,72.0,68.7,4,0.0,2026-08-09 05:00:00,De Anza Blvd,419057,5,Sunday,True
08/09/2026,05:05,73.0,68.6,4,0.0,2026-08-09 05:05:00,De Anza Blvd,419057,5,Sunday,True
08/09/2026,05:10,79.0,68.7,4,0.0,2026-08-09 05:10:00,De Anza Blvd,419057,5,Sunday,True
08/09/2026,05:15,85.0,68.7,4,0.0,2026-08-09 05:15:00,De Anza Blvd,419057,5,Sunday,True
08/09/2026,05:20,87.0,68.6,4,0.0,2026-08-09 05:20:00,De Anza Blvd,419057,5,Sunday,True
08/09/2026,05:25,92.0,68.7,4,0.0,2026-08-09 05:25:00,De Anza Blvd,419057,5,Sunday,True
08/09/2026,05:30,96.0,68.8,4,0.0,2026-08-09 05:30:00,De Anza Blvd,419057,5,Sunday,True
08/09/2026,05:35,101.0,68.8,4,0.0,2026-08-09 05:35:00,De Anza Blvd,419057,5,Sunday,True
08/09/2026,05:40,108.0,68.8,4,0.0,2026-08-09 05:40:00,De Anza Blvd,419057,5,Sunday,True
08/09/2026,05:45,108.0,68.8,4,0.0,2026-08-09 05:45:00,De Anza Blvd,419057,5,Sunday,True
08/09/2026,05:50,109.0,68.9,4,0.0,2026-08-09 05:50:00,De Anza Blvd,419057,5,Sunday,True
08/09/2026,05:55,105.0,68.9,4,0.0,2026-08-09 05:55:00,De Anza Blvd,419057,5,Sunday,True
08/09/2026,06:00,104.0,68.6,4,0.0,2026-08-09 06:00:00,De Anza Blvd,419057,6,Sunday,True
08/09/2026,06:05,109.0,68.6,4,0.0,2026-08-09 06:05:00,De Anza Blvd,419057,6,Sunday,True
08/09/2026,06:10,116.0,68.7,4,0.0,2026-08-09 06:10:00,De Anza Blvd,419057,6,Sunday,True
08/09/2026,06:15,126.0,68.7,4,0.0,2026-08-09 06:15:00,De Anza Blvd,419057,6,Sunday,True
08/09/2026,06:20,138.0,68.9,4,0.0,2026-08-09 06:20:00,De Anza Blvd,419057,6,Sunday,True
08/09/2026,06:25,142.0,68.8,4,0.0,2026-08-09 06:25:00,De Anza Blvd,419057,6,Sunday,True
08/09/2026,06:30,149.0,68.9,4,0.0,2026-08-09 06:30:00,De Anza Blvd,419057,6,Sunday,True
08/09/2026,06:35,157.0,69.0,4,0.0,2026-08-09 06:35:00,De Anza Blvd,419057,6,Sunday,True
08/09/2026,06:40,165.0,69.0,4,0.0,2026-08-09 06:40:00,De Anza Blvd,419057,6,Sunday,True
08/09/2026,06:45,168.0,69.0,4,0.0,2026-08-09 06:45:00,De Anza Blvd,419057,6,Sunday,True
08/09/2026,06:50,164.0,69.0,4,0.0,2026-08-09 06:50:00,De Anza Blvd,419057,6,Sunday,True
08/09/2026,06:55,158.0,69.0,4,0.0,2026-08-09 06:55:00,De Anza Blvd,419057,6,Sunday,True
08/09/2026,07:00,154.0,68.9,4,0.0,2026-08-09 07:00:00,De Anza Blvd,419057,7,Sunday,True
08/09/2026,07:05,156.0,68.7,4,0.0,2026-08-09 07:05:00,De Anza Blvd,419057,7,Sunday,True
08/09/2026,07:10,164.0,68.7,4,0.0,2026-08-09 07:10:00,De Anza Blvd,419057,7,Sunday,True
08/09/2026,07:15,172.0,68.6,4,0.0,2026-08-09 07:15:00,De Anza Blvd,419057,7,Sunday,True
08/09/2026,07:20,182.0,68.7,4,0.0,2026-08-09 07:20:00,De Anza Blvd,419057,7,Sunday,True
08/09/2026,07:25,190.0,68.7,4,0.0,2026-08-09 07:25:00,De Anza Blvd,419057,7,Sunday,True
08/09/2026,07:30,197.0,68.6,4,0.0,2026-08-09 07:30:00,De Anza Blvd,419057,7,Sunday,True
08/09/2026,07:35,208.0,68.6,4,0.0,2026-08-09 07:35:00,De Anza Blvd,419057,7,Sunday,True
08/09/2026,07:40,221.0,68.7,4,0.0,2026-08-09 07:40:00,De Anza Blvd,419057,7,Sunday,True
08/09/2026,07:45,228.0,68.6,4,0.0,2026-08-09 07:45:00,De Anza Blvd,419057,7,Sunday,True
08/09/2026,07:50,228.0,68.7,4,0.0,2026-08-09 07:50:00,De Anza Blvd,419057,7,Sunday,True
08/09/2026,07:55,227.0,68.6,4,0.0,2026-08-09 07:55:00,De Anza Blvd,419057,7,Sunday,True
08/09/2026,08:00,227.0,68.7,4,0.0,2026-08-09 08:00:00,De Anza Blvd,419057,8,Sunday,True
08/09/2026,08:05,228.0,68.7,4,0.0,2026-08-09 08:05:00,De Anza Blvd,419057,8,Sunday,True
08/09/2026,08:10,240.0,68.5,4,0.0,2026-08-09 08:10:00,De Anza Blvd,419057,8,Sunday,True
08/09/2026,08:15,253.0,68.5,4,0.0,2026-08-09 08:15:00,De Anza Blvd,419057,8,Sunday,True
08/09/2026,08:20,264.0,68.5,4,0.0,2026-08-09 08:20:00,De Anza Blvd,419057,8,Sunday,True
08/09/2026,08:25,274.0,68.6,4,0.0,2026-08-09 08:25:00,De Anza Blvd,419057,8,Sunday,True
08/09/2026,08:30,281.0,68.5,4,0.0,2026-08-09 08:30:00,De Anza Blvd,419057,8,Sunday,True
08/09/2026,08:35,295.0,68.4,4,0.0,2026-08-09 08:35:00,De Anza Blvd,419057,8,Sunday,True
08/09/2026,08:40,314.0,68.4,4,0.0,2026-08-09 08:40:00,De Anza Blvd,419057,8,Sunday,True
08/09/2026,08:45,324.0,68.4,4,0.0,2026-08-09 08:45:00,De Anza Blvd,419057,8,Sunday,True
08/09/2026,08:50,329.0,68.4,4,0.0,2026-08-09 08:50:00,De Anza Blvd,419057,8,Sunday,True
08/09/2026,08:55,325.0,68.4,4,0.0,2026-08-09 08:55:00,De Anza Blvd,419057,8,Sunday,True
08/09/2026,09:00,324.0,67.9,4,0.0,2026-08-09 09:00:00,De Anza Blvd,419057,9,Sunday,True
08/09/2026,09:05,329.0,67.6,4,0.0,2026-08-09 09:05:00,De Anza Blvd,419057,9,Sunday,True
08/09/2026,09:10,343.0,67.6,4,0.0,2026-08-09 09:10:00,De Anza Blvd,419057,9,Sunday,True
08/09/2026,09:15,359.0,67.4,4,0.0,2026-08-09 09:15:00,De Anza Blvd,419057,9,Sunday,True
08/09/2026,09:20,373.0,67.4,4,0.0,2026-08-09 09:20:00,De Anza Blvd,419057,9,Sunday,True
08/09/2026,09:25,388.0,67.2,4,0.0,2026-08-09 09:25:00,De Anza Blvd,419057,9,Sunday,True
08/09/2026,09:30,401.0,67.2,4,0.0,2026-08-09 09:30:00,De Anza Blvd,419057,9,Sunday,True
08/09/2026,09:35,415.0,67.0,4,0.0,2026-08-09 09:35:00,De Anza Blvd,419057,9,Sunday,True
08/09/2026,09:40,434.0,66.9,4,0.0,2026-08-09 09:40:00,De Anza Blvd,419057,9,Sunday,True
08/09/2026,09:45,448.0,66.8,4,0.0,2026-08-09 09:45:00,De Anza Blvd,419057,9,Sunday,True
08/09/2026,09:50,449.0,66.7,4,0.0,2026-08-09 09:50:00,De Anza Blvd,419057,9,Sunday,True
08/09/2026,09:55,446.0,66.6,4,0.0,2026-08-09 09:55:00,De Anza Blvd,419057,9,Sunday,True
08/09/2026,10:00,438.0,66.3,4,0.0,2026-08-09 10:00:00,De Anza Blvd,419057,10,Sunday,True
08/09/2026,10:05,440.0,66.2,4,0.0,2026-08-09 10:05:00,De Anza Blvd,419057,10,Sunday,True
08/09/2026,10:10,448.0,66.0,4,0.0,2026-08-09 10:10:00,De Anza Blvd,419057,10,Sunday,True
08/09/2026,10:15,464.0,65.7,4,0.0,2026-08-09 10:15:00,De Anza Blvd,419057,10,Sunday,True
08/09/2026,10:20,473.0,65.6,4,0.0,2026-08-09 10:20:00,De Anza Blvd,419057,10,Sunday,True
08/09/2026,10:25,483.0,65.3,4,0.0,2026-08-09 10:25:00,De Anza Blvd,419057,10,Sunday,True
08/09/2026,10:30,491.0,65.5,4,0.0,2026-08-09 10:30:00,De Anza Blvd,419057,10,Sunday,True
08/09/2026,10:35,501.0,65.3,4,0.0,2026-08-09 10:35:00,De Anza Blvd,419057,10,Sunday,True
08/09/2026,10:40,508.0,65.1,4,0.0,2026-08-09 10:40:00,De Anza Blvd,419057,10,Sunday,True
08/09/2026,10:45,515.0,65.0,4,0.0,2026-08-09 10:45:00,De Anza Blvd,419057,10,Sunday,True
08/09/2026,10:50,514.0,64.9,4,0.0,2026-08-09 10:50:00,De Anza Blvd,419057,10,Sunday,True
08/09/2026,10:55,507.0,64.8,4,0.0,2026-08-09 10:55:00,De Anza Blvd,419057,10,Sunday,True
08/09/2026,11:00,503.0,64.8,4,0.0,2026-08-09 11:00:00,De Anza Blvd,419057,11,Sunday,True
08/09/2026,11:05,504.0,64.9,4,0.0,2026-08-09 11:05:00,De Anza Blvd,419057,11,Sunday,True
08/09/2026,11:10,507.0,64.8,4,0.0,2026-08-09 11:10:00,De Anza Blvd,419057,11,Sunday,True
08/09/2026,11:15,493.0,64.7,4,0.0,2026-08-09 11:15:00,De Anza Blvd,419057,11,Sunday,True
08/09/2026,11:20,505.0,64.6,4,0.0,2026-08-09 11:20:00,De Anza Blvd,419057,11,Sunday,True
08/09/2026,11:25,491.0,64.6,4,0.0,2026-08-09 11:25:00,De Anza Blvd,419057,11,Sunday,True
08/09/2026,11:30,485.0,64.7,4,0.0,2026-08-09 11:30:00,De Anza Blvd,419057,11,Sunday,True
08/09/2026,11:35,495.0,64.7,4,0.0,2026-08-09 11:35:00,De Anza Blvd,419057,11,Sunday,True
08/09/2026,11:40,495.0,64.6,4,0.0,2026-08-09 11:40:00,De Anza Blvd,419057,11,Sunday,True
08/09/2026,11:45,474.0,64.4,4,0.0,2026-08-09 11:45:00,De Anza Blvd,419057,11,Sunday,True
08/09/2026,11:50,470.0,64.3,4,0.0,2026-08-09 11:50:00,De Anza Blvd,419057,11,Sunday,True
08/09/2026,11:55,465.0,64.2,4,0.0,2026-08-09 11:55:00,De Anza Blvd,419057,11,Sunday,True
08/09/2026,12:00,457.0,64.1,4,0.0,2026-08-09 12:00:00,De Anza Blvd,419057,12,Sunday,True
08/09/2026,12:05,474.0,64.1,4,0.0,2026-08-09 12:05:00,De Anza Blvd,419057,12,Sunday,True
08/09/2026,12:10,468.0,64.0,4,0.0,2026-08-09 12:10:00,De Anza Blvd,419057,12,Sunday,True
08/09/2026,12:15,473.0,63.8,4,0.0,2026-08-09 12:15:00,De Anza Blvd,419057,12,Sunday,True
08/09/2026,12:20,474.0,63.7,4,0.0,2026-08-09 12:20:00,De Anza Blvd,419057,12,Sunday,True
08/09/2026,12:25,480.0,63.6,4,0.0,2026-08-09 12:25:00,De Anza Blvd,419057,12,Sunday,True
08/09/2026,12:30,474.0,63.6,4,0.0,2026-08-09 12:30:00,De Anza Blvd,419057,12,Sunday,True
08/09/2026,12:35,487.0,63.5,4,0.0,2026-08-09 12:35:00,De Anza Blvd,419057,12,Sunday,True
08/09/2026,12:40,478.0,63.4,4,0.0,2026-08-09 12:40:00,De Anza Blvd,419057,12,Sunday,True
08/09/2026,12:45,475.0,63.4,4,0.0,2026-08-09 12:45:00,De Anza Blvd,419057,12,Sunday,True
08/09/2026,12:50,478.0,63.3,4,0.0,2026-08-09 12:50:00,De Anza Blvd,419057,12,Sunday,True
08/09/2026,12:55,474.0,63.3,4,0.0,2026-08-09 12:55:00,De Anza Blvd,419057,12,Sunday,True
08/09/2026,13:00,472.0,63.3,4,0.0,2026-08-09 13:00:00,De Anza Blvd,419057,13,Sunday,True
08/09/2026,13:05,478.0,63.3,4,0.0,2026-08-09 13:05:00,De Anza Blvd,419057,13,Sunday,True
08/09/2026,13:10,472.0,63.2,4,0.0,2026-08-09 13:10:00,De Anza Blvd,419057,13,Sunday,True
08/09/2026,13:15,475.0,63.2,4,0.0,2026-08-09 13:15:00,De Anza Blvd,419057,13,Sunday,True
08/09/2026,13:20,478.0,63.0,4,0.0,2026-08-09 13:20:00,De Anza Blvd,419057,13,Sunday,True
08/09/2026,13:25,478.0,63.0,4,0.0,2026-08-09 13:25:00,De Anza Blvd,419057,13,Sunday,True
08/09/2026,13:30,482.0,63.0,4,0.0,2026-08-09 13:30:00,De Anza Blvd,419057,13,Sunday,True
08/09/2026,13:35,478.0,63.1,4,0.0,2026-08-09 13:35:00,De Anza Blvd,419057,13,Sunday,True
08/09/2026,13:40,478.0,63.0,4,0.0,2026-08-09 13:40:00,De Anza Blvd,419057,13,Sunday,True
08/09/2026,13:45,482.0,62.9,4,0.0,2026-08-09 13:45:00,De Anza Blvd,419057,13,Sunday,True
08/09/2026,13:50,480.0,63.0,4,0.0,2026-08-09 13:50:00,De Anza Blvd,419057,13,Sunday,True
08/09/2026,13:55,478.0,63.0,4,0.0,2026-08-09 13:55:00,De Anza Blvd,419057,13,Sunday,True
08/09/2026,14:00,474.0,63.0,4,0.0,2026-08-09 14:00:00,De Anza Blvd,419057,14,Sunday,True
08/09/2026,14:05,478.0,63.1,4,0.0,2026-08-09 14:05:00,De Anza Blvd,419057,14,Sunday,True
08/09/2026,14:10,480.0,63.1,4,0.0,2026-08-09 14:10:00,De Anza Blvd,419057,14,Sunday,True
08/09/2026,14:15,482.0,63.0,4,0.0,2026-08-09 14:15:00,De Anza Blvd,419057,14,Sunday,True
08/09/2026,14:20,483.0,63.1,4,0.0,2026-08-09 14:20:00,De Anza Blvd,419057,14,Sunday,True
08/09/2026,14:25,482.0,63.1,4,0.0,2026-08-09 14:25:00,De Anza Blvd,419057,14,Sunday,True
08/09/2026,14:30,480.0,63.1,4,0.0,2026-08-09 14:30:00,De Anza Blvd,419057,14,Sunday,True
08/09/2026,14:35,480.0,63.1,4,0.0,2026-08-09 14:35:00,De Anza Blvd,419057,14,Sunday,True
08/09/2026,14:40,482.0,63.1,4,0.0,2026-08-09 14:40:00,De Anza Blvd,419057,14,Sunday,True
08/09/2026,14:45,484.0,63.1,4,0.0,2026-08-09 14:45:00,De Anza Blvd,419057,14,Sunday,True
08/09/2026,14:50,483.0,63.1,4,0.0,2026-08-09 14:50:00,De Anza Blvd,419057,14,Sunday,True
08/09/2026,14:55,475.0,63.1,4,0.0,2026-08-09 14:55:00,De Anza Blvd,419057,14,Sunday,True
08/09/2026,15:00,470.0,63.2,4,0.0,2026-08-09 15:00:00,De Anza Blvd,419057,15,Sunday,True
08/09/2026,15:05,474.0,63.2,4,0.0,2026-08-09 15:05:00,De Anza Blvd,419057,15,Sunday,True
08/09/2026,15:10,474.0,63.3,4,0.0,2026-08-09 15:10:00,De Anza Blvd,419057,15,Sunday,True
08/09/2026,15:15,478.0,63.3,4,0.0,2026-08-09 15:15:00,De Anza Blvd,419057,15,Sunday,True
08/09/2026,15:20,478.0,63.3,4,0.0,2026-08-09 15:20:00,De Anza Blvd,419057,15,Sunday,True
08/09/2026,15:25,474.0,63.4,4,0.0,2026-08-09 15:25:00,De Anza Blvd,419057,15,Sunday,True
08/09/2026,15:30,474.0,63.5,4,0.0,2026-08-09 15:30:00,De Anza Blvd,419057,15,Sunday,True
08/09/2026,15:35,475.0,63.5,4,0.0,2026-08-09 15:35:00,De Anza Blvd,419057,15,Sunday,True
08/09/2026,15:40,480.0,63.4,4,0.0,2026-08-09 15:40:00,De Anza Blvd,419057,15,Sunday,True
08/09/2026,15:45,482.0,63.5,4,0.0,2026-08-09 15:45:00,De Anza Blvd,419057,15,Sunday,True
08/09/2026,15:50,478.0,63.4,4,0.0,2026-08-09 15:50:00,De Anza Blvd,419057,15,Sunday,True
08/09/2026,15:55,470.0,63.5,4,0.0,2026-08-09 15:55:00,De Anza Blvd,419057,15,Sunday,True
08/09/2026,16:00,466.0,63.7,4,0.0,2026-08-09 16:00:00,De Anza Blvd,419057,16,Sunday,True
08/09/2026,16:05,462.0,63.7,4,0.0,2026-08-09 16:05:00,De Anza Blvd,419057,16,Sunday,True
08/09/2026,16:10,469.0,63.7,4,0.0,2026-08-09 16:10:00,De Anza Blvd,419057,16,Sunday,True
08/09/2026,16:15,472.0,63.7,4,0.0,2026-08-09 16:15:00,De Anza Blvd,419057,16,Sunday,True
08/09/2026,16:20,482.0,63.6,4,0.0,2026-08-09 16:20:00,De Anza Blvd,419057,16,Sunday,True
08/09/2026,16:25,468.0,63.6,4,0.0,2026-08-09 16:25:00,De Anza Blvd,419057,16,Sunday,True
08/09/2026,16:30,466.0,63.7,4,0.0,2026-08-09 16:30:00,De Anza Blvd,419057,16,Sunday,True
08/09/2026,16:35,466.0,63.7,4,0.0,2026-08-09 16:35:00,De Anza Blvd,419057,16,Sunday,True
08/09/2026,16:40,469.0,63.7,4,0.0,2026-08-09 16:40:00,De Anza Blvd,419057,16,Sunday,True
08/09/2026,16:45,469.0,63.7,4,0.0,2026-08-09 16:45:00,De Anza Blvd,419057,16,Sunday,True
08/09/2026,16:50,464.0,63.8,4,0.0,2026-08-09 16:50:00,De Anza Blvd,419057,16,Sunday,True
08/09/2026,16:55,459.0,63.8,4,0.0,2026-08-09 16:55:00,De Anza Blvd,419057,16,Sunday,True
08/09/2026,17:00,455.0,63.9,4,0.0,2026-08-09 17:00:00,De Anza Blvd,419057,17,Sunday,True
08/09/2026,17:05,455.0,64.0,4,0.0,2026-08-09 17:05:00,De Anza Blvd,419057,17,Sunday,True
08/09/2026,17:10,462.0,64.0,4,0.0,2026-08-09 17:10:00,De Anza Blvd,419057,17,Sunday,True
08/09/2026,17:15,464.0,64.0,4,0.0,2026-08-09 17:15:00,De Anza Blvd,419057,17,Sunday,True
08/09/2026,17:20,464.0,64.0,4,0.0,2026-08-09 17:20:00,De Anza Blvd,419057,17,Sunday,True
08/09/2026,17:25,455.0,64.1,4,0.0,2026-08-09 17:25:00,De Anza Blvd,419057,17,Sunday,True
08/09/2026,17:30,449.0,64.1,4,0.0,2026-08-09 17:30:00,De Anza Blvd,419057,17,Sunday,True
08/09/2026,17:35,446.0,64.2,4,0.0,2026-08-09 17:35:00,De Anza Blvd,419057,17,Sunday,True
08/09/2026,17:40,445.0,64.2,4,0.0,2026-08-09 17:40:00,De Anza Blvd,419057,17,Sunday,True
08/09/2026,17:45,445.0,64.3,4,0.0,2026-08-09 17:45:00,De Anza Blvd,419057,17,Sunday,True
08/09/2026,17:50,440.0,64.4,4,0.0,2026-08-09 17:50:00,De Anza Blvd,419057,17,Sunday,True
08/09/2026,17:55,431.0,64.5,4,0.0,2026-08-09 17:55:00,De Anza Blvd,419057,17,Sunday,True
08/09/2026,18:00,425.0,64.7,4,0.0,2026-08-09 18:00:00,De Anza Blvd,419057,18,Sunday,True
08/09/2026,18:05,422.0,64.9,4,0.0,2026-08-09 18:05:00,De Anza Blvd,419057,18,Sunday,True
08/09/2026,18:10,432.0,65.0,4,0.0,2026-08-09 18:10:00,De Anza Blvd,419057,18,Sunday,True
08/09/2026,18:15,435.0,65.0,4,0.0,2026-08-09 18:15:00,De Anza Blvd,419057,18,Sunday,True
08/09/2026,18:20,434.0,65.0,4,0.0,2026-08-09 18:20:00,De Anza Blvd,419057,18,Sunday,True
08/09/2026,18:25,431.0,65.2,4,0.0,2026-08-09 18:25:00,De Anza Blvd,419057,18,Sunday,True
08/09/2026,18:30,422.0,65.3,4,0.0,2026-08-09 18:30:00,De Anza Blvd,419057,18,Sunday,True
08/09/2026,18:35,441.0,65.2,4,0.0,2026-08-09 18:35:00,De Anza Blvd,419057,18,Sunday,True
08/09/2026,18:40,420.0,65.4,4,0.0,2026-08-09 18:40:00,De Anza Blvd,419057,18,Sunday,True
08/09/2026,18:45,426.0,65.4,4,0.0,2026-08-09 18:45:00,De Anza Blvd,419057,18,Sunday,True
08/09/2026,18:50,429.0,65.4,4,0.0,2026-08-09 18:50:00,De Anza Blvd,419057,18,Sunday,True
08/09/2026,18:55,429.0,65.6,4,0.0,2026-08-09 18:55:00,De Anza Blvd,419057,18,Sunday,True
08/09/2026,19:00,425.0,65.8,4,0.0,2026-08-09 19:00:00,De Anza Blvd,419057,19,Sunday,True
08/09/2026,19:05,422.0,66.0,4,0.0,2026-08-09 19:05:00,De Anza Blvd,419057,19,Sunday,True
08/09/2026,19:10,422.0,66.1,4,0.0,2026-08-09 19:10:00,De Anza Blvd,419057,19,Sunday,True
08/09/2026,19:15,425.0,66.1,4,0.0,2026-08-09 19:15:00,De Anza Blvd,419057,19,Sunday,True
08/09/2026,19:20,422.0,66.1,4,0.0,2026-08-09 19:20:00,De Anza Blvd,419057,19,Sunday,True
08/09/2026,19:25,416.0,66.1,4,0.0,2026-08-09 19:25:00,De Anza Blvd,419057,19,Sunday,True
08/09/2026,19:30,415.0,66.0,4,0.0,2026-08-09 19:30:00,De Anza Blvd,419057,19,Sunday,True
08/09/2026,19:35,413.0,66.1,4,0.0,2026-08-09 19:35:00,De Anza Blvd,419057,19,Sunday,True
08/09/2026,19:40,411.0,66.0,4,0.0,2026-08-09 19:40:00,De Anza Blvd,419057,19,Sunday,True
08/09/2026,19:45,408.0,65.9,4,0.0,2026-08-09 19:45:00,De Anza Blvd,419057,19,Sunday,True
08/09/2026,19:50,407.0,65.8,4,0.0,2026-08-09 19:50:00,De Anza Blvd,419057,19,Sunday,True
08/09/2026,19:55,406.0,65.6,4,0.0,2026-08-09 19:55:00,De Anza Blvd,419057,19,Sunday,True
08/09/2026,20:00,405.0,65.9,4,0.0,2026-08-09 20:00:00,De Anza Blvd,419057,20,Sunday,True
08/09/2026,20:05,405.0,65.9,4,0.0,2026-08-09 20:05:00,De Anza Blvd,419057,20,Sunday,True
08/09/2026,20:10,406.0,65.9,4,0.0,2026-08-09 20:10:00,De Anza Blvd,419057,20,Sunday,True
08/09/2026,20:15,406.0,65.9,4,0.0,2026-08-09 20:15:00,De Anza Blvd,419057,20,Sunday,True
08/09/2026,20:20,405.0,65.6,4,0.0,2026-08-09 20:20:00,De Anza Blvd,419057,20,Sunday,True
08/09/2026,20:25,401.0,65.6,4,0.0,2026-08-09 20:25:00,De Anza Blvd,419057,20,Sunday,True
08/09/2026,20:30,396.0,65.5,4,0.0,2026-08-09 20:30:00,De Anza Blvd,419057,20,Sunday,True
08/09/2026,20:35,392.0,65.2,4,0.0,2026-08-09 20:35:00,De Anza Blvd,419057,20,Sunday,True
08/09/2026,20:40,392.0,65.3,4,0.0,2026-08-09 20:40:00,De Anza Blvd,419057,20,Sunday,True
08/09/2026,20:45,387.0,64.9,4,0.0,2026-08-09 20:45:00,De Anza Blvd,419057,20,Sunday,True
08/09/2026,20:50,382.0,64.9,4,0.0,2026-08-09 20:50:00,De Anza Blvd,419057,20,Sunday,True
08/09/2026,20:55,374.0,65.0,4,0.0,2026-08-09 20:55:00,De Anza Blvd,419057,20,Sunday,True
08/09/2026,21:00,373.0,66.7,4,0.0,2026-08-09 21:00:00,De Anza Blvd,419057,21,Sunday,True
08/09/2026,21:05,374.0,67.3,4,0.0,2026-08-09 21:05:00,De Anza Blvd,419057,21,Sunday,True
08/09/2026,21:10,374.0,67.5,4,0.0,2026-08-09 21:10:00,De Anza Blvd,419057,21,Sunday,True
08/09/2026,21:15,373.0,67.6,4,0.0,2026-08-09 21:15:00,De Anza Blvd,419057,21,Sunday,True
08/09/2026,21:20,369.0,67.7,4,0.0,2026-08-09 21:20:00,De Anza Blvd,419057,21,Sunday,True
08/09/2026,21:25,365.0,67.9,4,0.0,2026-08-09 21:25:00,De Anza Blvd,419057,21,Sunday,True
08/09/2026,21:30,359.0,67.8,4,0.0,2026-08-09 21:30:00,De Anza Blvd,419057,21,Sunday,True
08/09/2026,21:35,357.0,67.9,4,0.0,2026-08-09 21:35:00,De Anza Blvd,419057,21,Sunday,True
08/09/2026,21:40,352.0,67.9,4,0.0,2026-08-09 21:40:00,De Anza Blvd,419057,21,Sunday,True
08/09/2026,21:45,346.0,68.1,4,0.0,2026-08-09 21:45:00,De Anza Blvd,419057,21,Sunday,True
08/09/2026,21:50,333.0,68.2,4,0.0,2026-08-09 21:50:00,De Anza Blvd,419057,21,Sunday,True
08/09/2026,21:55,329.0,68.8,4,0.0,2026-08-09 21:55:00,De Anza Blvd,419057,21,Sunday,True
08/09/2026,22:00,316.0,68.5,4,0.0,2026-08-09 22:00:00,De Anza Blvd,419057,22,Sunday,True
08/09/2026,22:05,312.0,68.5,4,0.0,2026-08-09 22:05:00,De Anza Blvd,419057,22,Sunday,True
08/09/2026,22:10,306.0,68.6,4,0.0,2026-08-09 22:10:00,De Anza Blvd,419057,22,Sunday,True
08/09/2026,22:15,305.0,68.6,4,0.0,2026-08-09 22:15:00,De Anza Blvd,419057,22,Sunday,True
08/09/2026,22:20,297.0,68.7,4,0.0,2026-08-09 22:20:00,De Anza Blvd,419057,22,Sunday,True
08/09/2026,22:25,287.0,68.7,4,0.0,2026-08-09 22:25:00,De Anza Blvd,419057,22,Sunday,True
08/09/2026,22:30,280.0,69.1,4,0.0,2026-08-09 22:30:00,De Anza Blvd,419057,22,Sunday,True
08/09/2026,22:35,271.0,68.9,4,0.0,2026-08-09 22:35:00,De Anza Blvd,419057,22,Sunday,True
08/09/2026,22:40,264.0,69.0,4,0.0,2026-08-09 22:40:00,De Anza Blvd,419057,22,Sunday,True
08/09/2026,22:45,254.0,69.2,4,0.0,2026-08-09 22:45:00,De Anza Blvd,419057,22,Sunday,True
08/09/2026,22:50,243.0,69.3,4,0.0,2026-08-09 22:50:00,De Anza Blvd,419057,22,Sunday,True
08/09/2026,22:55,227.0,69.3,4,0.0,2026-08-09 22:55:00,De Anza Blvd,419057,22,Sunday,True
08/09/2026,23:00,215.0,69.1,4,0.0,2026-08-09 23:00:00,De Anza Blvd,419057,23,Sunday,True
08/09/2026,23:05,210.0,69.0,4,0.0,2026-08-09 23:05:00,De Anza Blvd,419057,23,Sunday,True
08/09/2026,23:10,205.0,68.9,4,0.0,2026-08-09 23:10:00,De Anza Blvd,419057,23,Sunday,True
08/09/2026,23:15,195.0,68.9,4,0.0,2026-08-09 23:15:00,De Anza Blvd,419057,23,Sunday,True
08/09/2026,23:20,187.0,68.9,4,0.0,2026-08-09 23:20:00,De Anza Blvd,419057,23,Sunday,True
08/09/2026,23:25,177.0,68.9,4,0.0,2026-08-09 23:25:00,De Anza Blvd,419057,23,Sunday,True
08/09/2026,23:30,171.0,69.0,4,0.0,2026-08-09 23:30:00,De Anza Blvd,419057,23,Sunday,True
08/09/2026,23:35,165.0,69.0,4,0.0,2026-08-09 23:35:00,De Anza Blvd,419057,23,Sunday,True
08/09/2026,23:40,160.0,68.9,4,0.0,2026-08-09 23:40:00,De Anza Blvd,419057,23,Sunday,True
08/09/2026,23:45,152.0,68.9,4,0.0,2026-08-09 23:45:00,De Anza Blvd,419057,23,Sunday,True
08/09/2026,23:50,145.0,69.0,4,0.0,2026-08-09 23:50:00,De Anza Blvd,419057,23,Sunday,True
08/09/2026,23:55,138.0,69.0,4,0.0,2026-08-09 23:55:00,De Anza Blvd,419057,23,Sunday,True
